/*
SQLyog Ultimate v8.71 
MySQL - 5.7.24 : Database - happytrip
*********************************************************************
*/

/*!40101 SET NAMES utf8 */;

/*!40101 SET SQL_MODE=''*/;

/*!40014 SET @OLD_UNIQUE_CHECKS=@@UNIQUE_CHECKS, UNIQUE_CHECKS=0 */;
/*!40014 SET @OLD_FOREIGN_KEY_CHECKS=@@FOREIGN_KEY_CHECKS, FOREIGN_KEY_CHECKS=0 */;
/*!40101 SET @OLD_SQL_MODE=@@SQL_MODE, SQL_MODE='NO_AUTO_VALUE_ON_ZERO' */;
/*!40111 SET @OLD_SQL_NOTES=@@SQL_NOTES, SQL_NOTES=0 */;
CREATE DATABASE /*!32312 IF NOT EXISTS*/`happytrip` /*!40100 DEFAULT CHARACTER SET utf8 */;

USE `happytrip`;

/*Table structure for table `QRTZ_BLOB_TRIGGERS` */

DROP TABLE IF EXISTS `QRTZ_BLOB_TRIGGERS`;

CREATE TABLE `QRTZ_BLOB_TRIGGERS` (
  `SCHED_NAME` varchar(120) NOT NULL,
  `TRIGGER_NAME` varchar(200) NOT NULL,
  `TRIGGER_GROUP` varchar(200) NOT NULL,
  `BLOB_DATA` blob,
  PRIMARY KEY (`SCHED_NAME`,`TRIGGER_NAME`,`TRIGGER_GROUP`),
  KEY `SCHED_NAME` (`SCHED_NAME`,`TRIGGER_NAME`,`TRIGGER_GROUP`),
  CONSTRAINT `QRTZ_BLOB_TRIGGERS_ibfk_1` FOREIGN KEY (`SCHED_NAME`, `TRIGGER_NAME`, `TRIGGER_GROUP`) REFERENCES `QRTZ_TRIGGERS` (`SCHED_NAME`, `TRIGGER_NAME`, `TRIGGER_GROUP`)
) ENGINE=InnoDB DEFAULT CHARSET=utf8;

/*Data for the table `QRTZ_BLOB_TRIGGERS` */

/*Table structure for table `QRTZ_CALENDARS` */

DROP TABLE IF EXISTS `QRTZ_CALENDARS`;

CREATE TABLE `QRTZ_CALENDARS` (
  `SCHED_NAME` varchar(120) NOT NULL,
  `CALENDAR_NAME` varchar(200) NOT NULL,
  `CALENDAR` blob NOT NULL,
  PRIMARY KEY (`SCHED_NAME`,`CALENDAR_NAME`)
) ENGINE=InnoDB DEFAULT CHARSET=utf8;

/*Data for the table `QRTZ_CALENDARS` */

/*Table structure for table `QRTZ_CRON_TRIGGERS` */

DROP TABLE IF EXISTS `QRTZ_CRON_TRIGGERS`;

CREATE TABLE `QRTZ_CRON_TRIGGERS` (
  `SCHED_NAME` varchar(120) NOT NULL,
  `TRIGGER_NAME` varchar(200) NOT NULL,
  `TRIGGER_GROUP` varchar(200) NOT NULL,
  `CRON_EXPRESSION` varchar(120) NOT NULL,
  `TIME_ZONE_ID` varchar(80) DEFAULT NULL,
  PRIMARY KEY (`SCHED_NAME`,`TRIGGER_NAME`,`TRIGGER_GROUP`),
  CONSTRAINT `QRTZ_CRON_TRIGGERS_ibfk_1` FOREIGN KEY (`SCHED_NAME`, `TRIGGER_NAME`, `TRIGGER_GROUP`) REFERENCES `QRTZ_TRIGGERS` (`SCHED_NAME`, `TRIGGER_NAME`, `TRIGGER_GROUP`)
) ENGINE=InnoDB DEFAULT CHARSET=utf8;

/*Data for the table `QRTZ_CRON_TRIGGERS` */

insert  into `QRTZ_CRON_TRIGGERS`(`SCHED_NAME`,`TRIGGER_NAME`,`TRIGGER_GROUP`,`CRON_EXPRESSION`,`TIME_ZONE_ID`) values ('FrameScheduler','TASK_3','DEFAULT','0 0 0 * * ?','Asia/Shanghai'),('FrameScheduler','TASK_6','DEFAULT','0 0 * * * ?','Asia/Shanghai'),('FrameScheduler','TASK_7','DEFAULT','0 0 0 * * ?','Asia/Shanghai'),('FrameScheduler','TASK_8','DEFAULT','0 0 0 * * ?','Asia/Shanghai'),('FrameScheduler','TASK_9','DEFAULT','0 0 0 * * ?','Asia/Shanghai');

/*Table structure for table `QRTZ_FIRED_TRIGGERS` */

DROP TABLE IF EXISTS `QRTZ_FIRED_TRIGGERS`;

CREATE TABLE `QRTZ_FIRED_TRIGGERS` (
  `SCHED_NAME` varchar(120) NOT NULL,
  `ENTRY_ID` varchar(95) NOT NULL,
  `TRIGGER_NAME` varchar(200) NOT NULL,
  `TRIGGER_GROUP` varchar(200) NOT NULL,
  `INSTANCE_NAME` varchar(200) NOT NULL,
  `FIRED_TIME` bigint(13) NOT NULL,
  `SCHED_TIME` bigint(13) NOT NULL,
  `PRIORITY` int(11) NOT NULL,
  `STATE` varchar(16) NOT NULL,
  `JOB_NAME` varchar(200) DEFAULT NULL,
  `JOB_GROUP` varchar(200) DEFAULT NULL,
  `IS_NONCONCURRENT` varchar(1) DEFAULT NULL,
  `REQUESTS_RECOVERY` varchar(1) DEFAULT NULL,
  PRIMARY KEY (`SCHED_NAME`,`ENTRY_ID`),
  KEY `IDX_QRTZ_FT_TRIG_INST_NAME` (`SCHED_NAME`,`INSTANCE_NAME`),
  KEY `IDX_QRTZ_FT_INST_JOB_REQ_RCVRY` (`SCHED_NAME`,`INSTANCE_NAME`,`REQUESTS_RECOVERY`),
  KEY `IDX_QRTZ_FT_J_G` (`SCHED_NAME`,`JOB_NAME`,`JOB_GROUP`),
  KEY `IDX_QRTZ_FT_JG` (`SCHED_NAME`,`JOB_GROUP`),
  KEY `IDX_QRTZ_FT_T_G` (`SCHED_NAME`,`TRIGGER_NAME`,`TRIGGER_GROUP`),
  KEY `IDX_QRTZ_FT_TG` (`SCHED_NAME`,`TRIGGER_GROUP`)
) ENGINE=InnoDB DEFAULT CHARSET=utf8;

/*Data for the table `QRTZ_FIRED_TRIGGERS` */

/*Table structure for table `QRTZ_JOB_DETAILS` */

DROP TABLE IF EXISTS `QRTZ_JOB_DETAILS`;

CREATE TABLE `QRTZ_JOB_DETAILS` (
  `SCHED_NAME` varchar(120) NOT NULL,
  `JOB_NAME` varchar(200) NOT NULL,
  `JOB_GROUP` varchar(200) NOT NULL,
  `DESCRIPTION` varchar(250) DEFAULT NULL,
  `JOB_CLASS_NAME` varchar(250) NOT NULL,
  `IS_DURABLE` varchar(1) NOT NULL,
  `IS_NONCONCURRENT` varchar(1) NOT NULL,
  `IS_UPDATE_DATA` varchar(1) NOT NULL,
  `REQUESTS_RECOVERY` varchar(1) NOT NULL,
  `JOB_DATA` blob,
  PRIMARY KEY (`SCHED_NAME`,`JOB_NAME`,`JOB_GROUP`),
  KEY `IDX_QRTZ_J_REQ_RECOVERY` (`SCHED_NAME`,`REQUESTS_RECOVERY`),
  KEY `IDX_QRTZ_J_GRP` (`SCHED_NAME`,`JOB_GROUP`)
) ENGINE=InnoDB DEFAULT CHARSET=utf8;

/*Data for the table `QRTZ_JOB_DETAILS` */

insert  into `QRTZ_JOB_DETAILS`(`SCHED_NAME`,`JOB_NAME`,`JOB_GROUP`,`DESCRIPTION`,`JOB_CLASS_NAME`,`IS_DURABLE`,`IS_NONCONCURRENT`,`IS_UPDATE_DATA`,`REQUESTS_RECOVERY`,`JOB_DATA`) values ('FrameScheduler','TASK_3','DEFAULT',NULL,'io.frame.modules.job.utils.ScheduleJobUtils','0','0','0','0','¬í\0sr\0org.quartz.JobDataMapŸ°ƒè¿©°Ë\0\0xr\0&org.quartz.utils.StringKeyDirtyFlagMap‚èÃûÅ](\0Z\0allowsTransientDataxr\0org.quartz.utils.DirtyFlagMapæ.­(v\nÎ\0Z\0dirtyL\0mapt\0Ljava/util/Map;xpsr\0java.util.HashMapÚÁÃ`Ñ\0F\0\nloadFactorI\0	thresholdxp?@\0\0\0\0\0w\0\0\0\0\0\0t\0\rJOB_PARAM_KEYsr\0io.frame.dao.entity.ScheduleJob\0\0\0\0\0\0\0\0L\0beanNamet\0Ljava/lang/String;L\0\ncreateTimet\0Ljava/util/Date;L\0cronExpressionq\0~\0	L\0jobIdt\0Ljava/lang/Long;L\0\nmethodNameq\0~\0	L\0paramsq\0~\0	L\0remarkq\0~\0	L\0statust\0Ljava/lang/Integer;xr\0io.frame.dao.base.BaseEntityÕkv¸ò½å\n\0	L\0	beginTimeq\0~\0\nL\0endTimeq\0~\0\nL\0idsq\0~\0	L\0mapq\0~\0L\0\npageNumberq\0~\0L\0pageSizeq\0~\0L\0sortNameq\0~\0	L\0	sortOrderq\0~\0	L\0tokenq\0~\0	xppppppppppt\0orderDailyTasksr\0java.util.DatehjKYt\0\0xpw\0\0hy~p`xt\0\r0 0/3 * * * ?sr\0java.lang.Long;‹äÌ#ß\0J\0valuexr\0java.lang.Number†¬•”à‹\0\0xp\0\0\0\0\0\0\0t\0runpt\0å…±äº«æ±½è½¦ç¦åˆ©å¤©è¿”ä»»åŠ¡sr\0java.lang.Integerâ ¤÷‡8\0I\0valuexq\0~\0\0\0\0\0x\0'),('FrameScheduler','TASK_6','DEFAULT',NULL,'io.frame.modules.job.utils.ScheduleJobUtils','0','0','0','0','¬í\0sr\0org.quartz.JobDataMapŸ°ƒè¿©°Ë\0\0xr\0&org.quartz.utils.StringKeyDirtyFlagMap‚èÃûÅ](\0Z\0allowsTransientDataxr\0org.quartz.utils.DirtyFlagMapæ.­(v\nÎ\0Z\0dirtyL\0mapt\0Ljava/util/Map;xpsr\0java.util.HashMapÚÁÃ`Ñ\0F\0\nloadFactorI\0	thresholdxp?@\0\0\0\0\0w\0\0\0\0\0\0t\0\rJOB_PARAM_KEYsr\0io.frame.dao.entity.ScheduleJob\0\0\0\0\0\0\0\0L\0beanNamet\0Ljava/lang/String;L\0\ncreateTimet\0Ljava/util/Date;L\0cronExpressionq\0~\0	L\0jobIdt\0Ljava/lang/Long;L\0\nmethodNameq\0~\0	L\0paramsq\0~\0	L\0remarkq\0~\0	L\0statust\0Ljava/lang/Integer;xr\0io.frame.dao.base.BaseEntityÕkv¸ò½å\n\0	L\0	beginTimeq\0~\0\nL\0endTimeq\0~\0\nL\0idsq\0~\0	L\0mapq\0~\0L\0\npageNumberq\0~\0L\0pageSizeq\0~\0L\0sortNameq\0~\0	L\0	sortOrderq\0~\0	L\0tokenq\0~\0	xppppppppppt\0\rorderHourTasksr\0java.util.DatehjKYt\0\0xpw\0\0h~¤Ì`xt\0\r0 0/3 * * * ?sr\0java.lang.Long;‹äÌ#ß\0J\0valuexr\0java.lang.Number†¬•”à‹\0\0xp\0\0\0\0\0\0\0t\0runpt\0å…¨æ°‘ç¦åˆ©ç¦åˆ©æ—¶è¿”ä»»åŠ¡sr\0java.lang.Integerâ ¤÷‡8\0I\0valuexq\0~\0\0\0\0\0x\0'),('FrameScheduler','TASK_7','DEFAULT',NULL,'io.frame.modules.job.utils.ScheduleJobUtils','0','0','0','0','¬í\0sr\0org.quartz.JobDataMapŸ°ƒè¿©°Ë\0\0xr\0&org.quartz.utils.StringKeyDirtyFlagMap‚èÃûÅ](\0Z\0allowsTransientDataxr\0org.quartz.utils.DirtyFlagMapæ.­(v\nÎ\0Z\0dirtyL\0mapt\0Ljava/util/Map;xpsr\0java.util.HashMapÚÁÃ`Ñ\0F\0\nloadFactorI\0	thresholdxp?@\0\0\0\0\0w\0\0\0\0\0\0t\0\rJOB_PARAM_KEYsr\0io.frame.dao.entity.ScheduleJob\0\0\0\0\0\0\0\0L\0beanNamet\0Ljava/lang/String;L\0\ncreateTimet\0Ljava/util/Date;L\0cronExpressionq\0~\0	L\0jobIdt\0Ljava/lang/Long;L\0\nmethodNameq\0~\0	L\0paramsq\0~\0	L\0remarkq\0~\0	L\0statust\0Ljava/lang/Integer;xr\0io.frame.dao.base.BaseEntityÕkv¸ò½å\n\0	L\0	beginTimeq\0~\0\nL\0endTimeq\0~\0\nL\0idsq\0~\0	L\0mapq\0~\0L\0\npageNumberq\0~\0L\0pageSizeq\0~\0L\0sortNameq\0~\0	L\0	sortOrderq\0~\0	L\0tokenq\0~\0	xppppppppppt\0\nglobalTasksr\0java.util.DatehjKYt\0\0xpw\0\0h~¤Ì`xt\0\r0 0/3 * * * ?sr\0java.lang.Long;‹äÌ#ß\0J\0valuexr\0java.lang.Number†¬•”à‹\0\0xp\0\0\0\0\0\0\0t\0runpt\0å…¨çƒåˆ†çº¢ç¦åˆ©å¤©è¿”ä»»åŠ¡sr\0java.lang.Integerâ ¤÷‡8\0I\0valuexq\0~\0\0\0\0\0x\0'),('FrameScheduler','TASK_8','DEFAULT',NULL,'io.frame.modules.job.utils.ScheduleJobUtils','0','0','0','0','¬í\0sr\0org.quartz.JobDataMapŸ°ƒè¿©°Ë\0\0xr\0&org.quartz.utils.StringKeyDirtyFlagMap‚èÃûÅ](\0Z\0allowsTransientDataxr\0org.quartz.utils.DirtyFlagMapæ.­(v\nÎ\0Z\0dirtyL\0mapt\0Ljava/util/Map;xpsr\0java.util.HashMapÚÁÃ`Ñ\0F\0\nloadFactorI\0	thresholdxp?@\0\0\0\0\0w\0\0\0\0\0\0t\0\rJOB_PARAM_KEYsr\0io.frame.dao.entity.ScheduleJob\0\0\0\0\0\0\0\0L\0beanNamet\0Ljava/lang/String;L\0\ncreateTimet\0Ljava/util/Date;L\0cronExpressionq\0~\0	L\0jobIdt\0Ljava/lang/Long;L\0\nmethodNameq\0~\0	L\0paramsq\0~\0	L\0remarkq\0~\0	L\0statust\0Ljava/lang/Integer;xr\0io.frame.dao.base.BaseEntityÕkv¸ò½å\n\0	L\0	beginTimeq\0~\0\nL\0endTimeq\0~\0\nL\0idsq\0~\0	L\0mapq\0~\0L\0\npageNumberq\0~\0L\0pageSizeq\0~\0L\0sortNameq\0~\0	L\0	sortOrderq\0~\0	L\0tokenq\0~\0	xppppppppppt\0teamLeaderTasksr\0java.util.DatehjKYt\0\0xpw\0\0h~¤Ì`xt\0\r0 0/3 * * * ?sr\0java.lang.Long;‹äÌ#ß\0J\0valuexr\0java.lang.Number†¬•”à‹\0\0xp\0\0\0\0\0\0\0t\0runpt\0!å›¢é˜Ÿé¢†å¯¼å¥–ç¦åˆ©å¤©è¿”ä»»åŠ¡sr\0java.lang.Integerâ ¤÷‡8\0I\0valuexq\0~\0\0\0\0\0x\0'),('FrameScheduler','TASK_9','DEFAULT',NULL,'io.frame.modules.job.utils.ScheduleJobUtils','0','0','0','0','¬í\0sr\0org.quartz.JobDataMapŸ°ƒè¿©°Ë\0\0xr\0&org.quartz.utils.StringKeyDirtyFlagMap‚èÃûÅ](\0Z\0allowsTransientDataxr\0org.quartz.utils.DirtyFlagMapæ.­(v\nÎ\0Z\0dirtyL\0mapt\0Ljava/util/Map;xpsr\0java.util.HashMapÚÁÃ`Ñ\0F\0\nloadFactorI\0	thresholdxp?@\0\0\0\0\0w\0\0\0\0\0\0t\0\rJOB_PARAM_KEYsr\0io.frame.dao.entity.ScheduleJob\0\0\0\0\0\0\0\0L\0beanNamet\0Ljava/lang/String;L\0\ncreateTimet\0Ljava/util/Date;L\0cronExpressionq\0~\0	L\0jobIdt\0Ljava/lang/Long;L\0\nmethodNameq\0~\0	L\0paramsq\0~\0	L\0remarkq\0~\0	L\0statust\0Ljava/lang/Integer;xr\0io.frame.dao.base.BaseEntityÕkv¸ò½å\n\0	L\0	beginTimeq\0~\0\nL\0endTimeq\0~\0\nL\0idsq\0~\0	L\0mapq\0~\0L\0\npageNumberq\0~\0L\0pageSizeq\0~\0L\0sortNameq\0~\0	L\0	sortOrderq\0~\0	L\0tokenq\0~\0	xppppppppppt\0specialTasksr\0java.util.DatehjKYt\0\0xpw\0\0h~¤Ì`xt\0\r0 0/3 * * * ?sr\0java.lang.Long;‹äÌ#ß\0J\0valuexr\0java.lang.Number†¬•”à‹\0\0xp\0\0\0\0\0\0\0	t\0runpt\0!ç‰¹åˆ«è´¡çŒ®å¥–ç¦åˆ©å¤©è¿”ä»»åŠ¡sr\0java.lang.Integerâ ¤÷‡8\0I\0valuexq\0~\0\0\0\0\0x\0');

/*Table structure for table `QRTZ_LOCKS` */

DROP TABLE IF EXISTS `QRTZ_LOCKS`;

CREATE TABLE `QRTZ_LOCKS` (
  `SCHED_NAME` varchar(120) NOT NULL,
  `LOCK_NAME` varchar(40) NOT NULL,
  PRIMARY KEY (`SCHED_NAME`,`LOCK_NAME`)
) ENGINE=InnoDB DEFAULT CHARSET=utf8;

/*Data for the table `QRTZ_LOCKS` */

insert  into `QRTZ_LOCKS`(`SCHED_NAME`,`LOCK_NAME`) values ('FrameScheduler','STATE_ACCESS'),('FrameScheduler','TRIGGER_ACCESS');

/*Table structure for table `QRTZ_PAUSED_TRIGGER_GRPS` */

DROP TABLE IF EXISTS `QRTZ_PAUSED_TRIGGER_GRPS`;

CREATE TABLE `QRTZ_PAUSED_TRIGGER_GRPS` (
  `SCHED_NAME` varchar(120) NOT NULL,
  `TRIGGER_GROUP` varchar(200) NOT NULL,
  PRIMARY KEY (`SCHED_NAME`,`TRIGGER_GROUP`)
) ENGINE=InnoDB DEFAULT CHARSET=utf8;

/*Data for the table `QRTZ_PAUSED_TRIGGER_GRPS` */

/*Table structure for table `QRTZ_SCHEDULER_STATE` */

DROP TABLE IF EXISTS `QRTZ_SCHEDULER_STATE`;

CREATE TABLE `QRTZ_SCHEDULER_STATE` (
  `SCHED_NAME` varchar(120) NOT NULL,
  `INSTANCE_NAME` varchar(200) NOT NULL,
  `LAST_CHECKIN_TIME` bigint(13) NOT NULL,
  `CHECKIN_INTERVAL` bigint(13) NOT NULL,
  PRIMARY KEY (`SCHED_NAME`,`INSTANCE_NAME`)
) ENGINE=InnoDB DEFAULT CHARSET=utf8;

/*Data for the table `QRTZ_SCHEDULER_STATE` */

insert  into `QRTZ_SCHEDULER_STATE`(`SCHED_NAME`,`INSTANCE_NAME`,`LAST_CHECKIN_TIME`,`CHECKIN_INTERVAL`) values ('FrameScheduler','iZwz9b0d9lqofrcs6c4sovZ1548913283817',1550719832710,15000);

/*Table structure for table `QRTZ_SIMPLE_TRIGGERS` */

DROP TABLE IF EXISTS `QRTZ_SIMPLE_TRIGGERS`;

CREATE TABLE `QRTZ_SIMPLE_TRIGGERS` (
  `SCHED_NAME` varchar(120) NOT NULL,
  `TRIGGER_NAME` varchar(200) NOT NULL,
  `TRIGGER_GROUP` varchar(200) NOT NULL,
  `REPEAT_COUNT` bigint(7) NOT NULL,
  `REPEAT_INTERVAL` bigint(12) NOT NULL,
  `TIMES_TRIGGERED` bigint(10) NOT NULL,
  PRIMARY KEY (`SCHED_NAME`,`TRIGGER_NAME`,`TRIGGER_GROUP`),
  CONSTRAINT `QRTZ_SIMPLE_TRIGGERS_ibfk_1` FOREIGN KEY (`SCHED_NAME`, `TRIGGER_NAME`, `TRIGGER_GROUP`) REFERENCES `QRTZ_TRIGGERS` (`SCHED_NAME`, `TRIGGER_NAME`, `TRIGGER_GROUP`)
) ENGINE=InnoDB DEFAULT CHARSET=utf8;

/*Data for the table `QRTZ_SIMPLE_TRIGGERS` */

/*Table structure for table `QRTZ_SIMPROP_TRIGGERS` */

DROP TABLE IF EXISTS `QRTZ_SIMPROP_TRIGGERS`;

CREATE TABLE `QRTZ_SIMPROP_TRIGGERS` (
  `SCHED_NAME` varchar(120) NOT NULL,
  `TRIGGER_NAME` varchar(200) NOT NULL,
  `TRIGGER_GROUP` varchar(200) NOT NULL,
  `STR_PROP_1` varchar(512) DEFAULT NULL,
  `STR_PROP_2` varchar(512) DEFAULT NULL,
  `STR_PROP_3` varchar(512) DEFAULT NULL,
  `INT_PROP_1` int(11) DEFAULT NULL,
  `INT_PROP_2` int(11) DEFAULT NULL,
  `LONG_PROP_1` bigint(20) DEFAULT NULL,
  `LONG_PROP_2` bigint(20) DEFAULT NULL,
  `DEC_PROP_1` decimal(13,4) DEFAULT NULL,
  `DEC_PROP_2` decimal(13,4) DEFAULT NULL,
  `BOOL_PROP_1` varchar(1) DEFAULT NULL,
  `BOOL_PROP_2` varchar(1) DEFAULT NULL,
  PRIMARY KEY (`SCHED_NAME`,`TRIGGER_NAME`,`TRIGGER_GROUP`),
  CONSTRAINT `QRTZ_SIMPROP_TRIGGERS_ibfk_1` FOREIGN KEY (`SCHED_NAME`, `TRIGGER_NAME`, `TRIGGER_GROUP`) REFERENCES `QRTZ_TRIGGERS` (`SCHED_NAME`, `TRIGGER_NAME`, `TRIGGER_GROUP`)
) ENGINE=InnoDB DEFAULT CHARSET=utf8;

/*Data for the table `QRTZ_SIMPROP_TRIGGERS` */

/*Table structure for table `QRTZ_TRIGGERS` */

DROP TABLE IF EXISTS `QRTZ_TRIGGERS`;

CREATE TABLE `QRTZ_TRIGGERS` (
  `SCHED_NAME` varchar(120) NOT NULL,
  `TRIGGER_NAME` varchar(200) NOT NULL,
  `TRIGGER_GROUP` varchar(200) NOT NULL,
  `JOB_NAME` varchar(200) NOT NULL,
  `JOB_GROUP` varchar(200) NOT NULL,
  `DESCRIPTION` varchar(250) DEFAULT NULL,
  `NEXT_FIRE_TIME` bigint(13) DEFAULT NULL,
  `PREV_FIRE_TIME` bigint(13) DEFAULT NULL,
  `PRIORITY` int(11) DEFAULT NULL,
  `TRIGGER_STATE` varchar(16) NOT NULL,
  `TRIGGER_TYPE` varchar(8) NOT NULL,
  `START_TIME` bigint(13) NOT NULL,
  `END_TIME` bigint(13) DEFAULT NULL,
  `CALENDAR_NAME` varchar(200) DEFAULT NULL,
  `MISFIRE_INSTR` smallint(2) DEFAULT NULL,
  `JOB_DATA` blob,
  PRIMARY KEY (`SCHED_NAME`,`TRIGGER_NAME`,`TRIGGER_GROUP`),
  KEY `IDX_QRTZ_T_J` (`SCHED_NAME`,`JOB_NAME`,`JOB_GROUP`),
  KEY `IDX_QRTZ_T_JG` (`SCHED_NAME`,`JOB_GROUP`),
  KEY `IDX_QRTZ_T_C` (`SCHED_NAME`,`CALENDAR_NAME`),
  KEY `IDX_QRTZ_T_G` (`SCHED_NAME`,`TRIGGER_GROUP`),
  KEY `IDX_QRTZ_T_STATE` (`SCHED_NAME`,`TRIGGER_STATE`),
  KEY `IDX_QRTZ_T_N_STATE` (`SCHED_NAME`,`TRIGGER_NAME`,`TRIGGER_GROUP`,`TRIGGER_STATE`),
  KEY `IDX_QRTZ_T_N_G_STATE` (`SCHED_NAME`,`TRIGGER_GROUP`,`TRIGGER_STATE`),
  KEY `IDX_QRTZ_T_NEXT_FIRE_TIME` (`SCHED_NAME`,`NEXT_FIRE_TIME`),
  KEY `IDX_QRTZ_T_NFT_ST` (`SCHED_NAME`,`TRIGGER_STATE`,`NEXT_FIRE_TIME`),
  KEY `IDX_QRTZ_T_NFT_MISFIRE` (`SCHED_NAME`,`MISFIRE_INSTR`,`NEXT_FIRE_TIME`),
  KEY `IDX_QRTZ_T_NFT_ST_MISFIRE` (`SCHED_NAME`,`MISFIRE_INSTR`,`NEXT_FIRE_TIME`,`TRIGGER_STATE`),
  KEY `IDX_QRTZ_T_NFT_ST_MISFIRE_GRP` (`SCHED_NAME`,`MISFIRE_INSTR`,`NEXT_FIRE_TIME`,`TRIGGER_GROUP`,`TRIGGER_STATE`),
  CONSTRAINT `QRTZ_TRIGGERS_ibfk_1` FOREIGN KEY (`SCHED_NAME`, `JOB_NAME`, `JOB_GROUP`) REFERENCES `QRTZ_JOB_DETAILS` (`SCHED_NAME`, `JOB_NAME`, `JOB_GROUP`)
) ENGINE=InnoDB DEFAULT CHARSET=utf8;

/*Data for the table `QRTZ_TRIGGERS` */

insert  into `QRTZ_TRIGGERS`(`SCHED_NAME`,`TRIGGER_NAME`,`TRIGGER_GROUP`,`JOB_NAME`,`JOB_GROUP`,`DESCRIPTION`,`NEXT_FIRE_TIME`,`PREV_FIRE_TIME`,`PRIORITY`,`TRIGGER_STATE`,`TRIGGER_TYPE`,`START_TIME`,`END_TIME`,`CALENDAR_NAME`,`MISFIRE_INSTR`,`JOB_DATA`) values ('FrameScheduler','TASK_3','DEFAULT','TASK_3','DEFAULT',NULL,1550764800000,1550678400000,5,'WAITING','CRON',1548310667000,0,NULL,2,'¬í\0sr\0org.quartz.JobDataMapŸ°ƒè¿©°Ë\0\0xr\0&org.quartz.utils.StringKeyDirtyFlagMap‚èÃûÅ](\0Z\0allowsTransientDataxr\0org.quartz.utils.DirtyFlagMapæ.­(v\nÎ\0Z\0dirtyL\0mapt\0Ljava/util/Map;xpsr\0java.util.HashMapÚÁÃ`Ñ\0F\0\nloadFactorI\0	thresholdxp?@\0\0\0\0\0w\0\0\0\0\0\0t\0\rJOB_PARAM_KEYsr\0io.frame.dao.entity.ScheduleJob\0\0\0\0\0\0\0\0L\0beanNamet\0Ljava/lang/String;L\0\ncreateTimet\0Ljava/util/Date;L\0cronExpressionq\0~\0	L\0jobIdt\0Ljava/lang/Long;L\0\nmethodNameq\0~\0	L\0paramsq\0~\0	L\0remarkq\0~\0	L\0statust\0Ljava/lang/Integer;xr\0io.frame.dao.base.BaseEntityÕkv¸ò½å\n\0	L\0	beginTimeq\0~\0\nL\0endTimeq\0~\0\nL\0idsq\0~\0	L\0mapq\0~\0L\0\npageNumberq\0~\0L\0pageSizeq\0~\0L\0sortNameq\0~\0	L\0	sortOrderq\0~\0	L\0tokenq\0~\0	xppppppppppt\0orderDailyTasksr\0java.util.DatehjKYt\0\0xpw\0\0hy~p`xt\00 0 0 * * ?sr\0java.lang.Long;‹äÌ#ß\0J\0valuexr\0java.lang.Number†¬•”à‹\0\0xp\0\0\0\0\0\0\0t\0runpt\0.å…±äº«æ±½è½¦ç¦åˆ©å¤©è¿”ä»»åŠ¡ï¼Œæ¯å¤©0ç‚¹è·‘sr\0java.lang.Integerâ ¤÷‡8\0I\0valuexq\0~\0\0\0\0\0x\0'),('FrameScheduler','TASK_6','DEFAULT','TASK_6','DEFAULT',NULL,1550721600000,1550718000000,5,'WAITING','CRON',1548310667000,0,NULL,2,'¬í\0sr\0org.quartz.JobDataMapŸ°ƒè¿©°Ë\0\0xr\0&org.quartz.utils.StringKeyDirtyFlagMap‚èÃûÅ](\0Z\0allowsTransientDataxr\0org.quartz.utils.DirtyFlagMapæ.­(v\nÎ\0Z\0dirtyL\0mapt\0Ljava/util/Map;xpsr\0java.util.HashMapÚÁÃ`Ñ\0F\0\nloadFactorI\0	thresholdxp?@\0\0\0\0\0w\0\0\0\0\0\0t\0\rJOB_PARAM_KEYsr\0io.frame.dao.entity.ScheduleJob\0\0\0\0\0\0\0\0L\0beanNamet\0Ljava/lang/String;L\0\ncreateTimet\0Ljava/util/Date;L\0cronExpressionq\0~\0	L\0jobIdt\0Ljava/lang/Long;L\0\nmethodNameq\0~\0	L\0paramsq\0~\0	L\0remarkq\0~\0	L\0statust\0Ljava/lang/Integer;xr\0io.frame.dao.base.BaseEntityÕkv¸ò½å\n\0	L\0	beginTimeq\0~\0\nL\0endTimeq\0~\0\nL\0idsq\0~\0	L\0mapq\0~\0L\0\npageNumberq\0~\0L\0pageSizeq\0~\0L\0sortNameq\0~\0	L\0	sortOrderq\0~\0	L\0tokenq\0~\0	xppppppppppt\0\rorderHourTasksr\0java.util.DatehjKYt\0\0xpw\0\0h~¤Ì`xt\00 0 * * * ?sr\0java.lang.Long;‹äÌ#ß\0J\0valuexr\0java.lang.Number†¬•”à‹\0\0xp\0\0\0\0\0\0\0t\0runpt\04å…¨æ°‘ç¦åˆ©ç¦åˆ©æ—¶è¿”ä»»åŠ¡ï¼Œæ¯1å°æ—¶è·‘ä¸€æ¬¡sr\0java.lang.Integerâ ¤÷‡8\0I\0valuexq\0~\0\0\0\0\0x\0'),('FrameScheduler','TASK_7','DEFAULT','TASK_7','DEFAULT',NULL,1550764800000,1550678400000,5,'WAITING','CRON',1548310667000,0,NULL,2,'¬í\0sr\0org.quartz.JobDataMapŸ°ƒè¿©°Ë\0\0xr\0&org.quartz.utils.StringKeyDirtyFlagMap‚èÃûÅ](\0Z\0allowsTransientDataxr\0org.quartz.utils.DirtyFlagMapæ.­(v\nÎ\0Z\0dirtyL\0mapt\0Ljava/util/Map;xpsr\0java.util.HashMapÚÁÃ`Ñ\0F\0\nloadFactorI\0	thresholdxp?@\0\0\0\0\0w\0\0\0\0\0\0t\0\rJOB_PARAM_KEYsr\0io.frame.dao.entity.ScheduleJob\0\0\0\0\0\0\0\0L\0beanNamet\0Ljava/lang/String;L\0\ncreateTimet\0Ljava/util/Date;L\0cronExpressionq\0~\0	L\0jobIdt\0Ljava/lang/Long;L\0\nmethodNameq\0~\0	L\0paramsq\0~\0	L\0remarkq\0~\0	L\0statust\0Ljava/lang/Integer;xr\0io.frame.dao.base.BaseEntityÕkv¸ò½å\n\0	L\0	beginTimeq\0~\0\nL\0endTimeq\0~\0\nL\0idsq\0~\0	L\0mapq\0~\0L\0\npageNumberq\0~\0L\0pageSizeq\0~\0L\0sortNameq\0~\0	L\0	sortOrderq\0~\0	L\0tokenq\0~\0	xppppppppppt\0\nglobalTasksr\0java.util.DatehjKYt\0\0xpw\0\0h~¤Ì`xt\00 0 0 * * ?sr\0java.lang.Long;‹äÌ#ß\0J\0valuexr\0java.lang.Number†¬•”à‹\0\0xp\0\0\0\0\0\0\0t\0runpt\0,å…¨çƒåˆ†çº¢ç¦åˆ©å¤©è¿”ä»»åŠ¡,æ¯å¤©0ç‚¹è·‘sr\0java.lang.Integerâ ¤÷‡8\0I\0valuexq\0~\0\0\0\0\0x\0'),('FrameScheduler','TASK_8','DEFAULT','TASK_8','DEFAULT',NULL,1550764800000,1550678400000,5,'WAITING','CRON',1548347784000,0,NULL,2,'¬í\0sr\0org.quartz.JobDataMapŸ°ƒè¿©°Ë\0\0xr\0&org.quartz.utils.StringKeyDirtyFlagMap‚èÃûÅ](\0Z\0allowsTransientDataxr\0org.quartz.utils.DirtyFlagMapæ.­(v\nÎ\0Z\0dirtyL\0mapt\0Ljava/util/Map;xpsr\0java.util.HashMapÚÁÃ`Ñ\0F\0\nloadFactorI\0	thresholdxp?@\0\0\0\0\0w\0\0\0\0\0\0t\0\rJOB_PARAM_KEYsr\0io.frame.dao.entity.ScheduleJob\0\0\0\0\0\0\0\0L\0beanNamet\0Ljava/lang/String;L\0\ncreateTimet\0Ljava/util/Date;L\0cronExpressionq\0~\0	L\0jobIdt\0Ljava/lang/Long;L\0\nmethodNameq\0~\0	L\0paramsq\0~\0	L\0remarkq\0~\0	L\0statust\0Ljava/lang/Integer;xr\0io.frame.dao.base.BaseEntityÕkv¸ò½å\n\0	L\0	beginTimeq\0~\0\nL\0endTimeq\0~\0\nL\0idsq\0~\0	L\0mapq\0~\0L\0\npageNumberq\0~\0L\0pageSizeq\0~\0L\0sortNameq\0~\0	L\0	sortOrderq\0~\0	L\0tokenq\0~\0	xppppppppppt\0teamLeaderTasksr\0java.util.DatehjKYt\0\0xpw\0\0h~¤Ì`xt\00 0 0 * * ?sr\0java.lang.Long;‹äÌ#ß\0J\0valuexr\0java.lang.Number†¬•”à‹\0\0xp\0\0\0\0\0\0\0t\0runpt\01å›¢é˜Ÿé¢†å¯¼å¥–ç¦åˆ©å¤©è¿”ä»»åŠ¡ï¼Œæ¯å¤©0ç‚¹è·‘sr\0java.lang.Integerâ ¤÷‡8\0I\0valuexq\0~\0\0\0\0\0x\0'),('FrameScheduler','TASK_9','DEFAULT','TASK_9','DEFAULT',NULL,1550764800000,1550678400000,5,'WAITING','CRON',1548347784000,0,NULL,2,'¬í\0sr\0org.quartz.JobDataMapŸ°ƒè¿©°Ë\0\0xr\0&org.quartz.utils.StringKeyDirtyFlagMap‚èÃûÅ](\0Z\0allowsTransientDataxr\0org.quartz.utils.DirtyFlagMapæ.­(v\nÎ\0Z\0dirtyL\0mapt\0Ljava/util/Map;xpsr\0java.util.HashMapÚÁÃ`Ñ\0F\0\nloadFactorI\0	thresholdxp?@\0\0\0\0\0w\0\0\0\0\0\0t\0\rJOB_PARAM_KEYsr\0io.frame.dao.entity.ScheduleJob\0\0\0\0\0\0\0\0L\0beanNamet\0Ljava/lang/String;L\0\ncreateTimet\0Ljava/util/Date;L\0cronExpressionq\0~\0	L\0jobIdt\0Ljava/lang/Long;L\0\nmethodNameq\0~\0	L\0paramsq\0~\0	L\0remarkq\0~\0	L\0statust\0Ljava/lang/Integer;xr\0io.frame.dao.base.BaseEntityÕkv¸ò½å\n\0	L\0	beginTimeq\0~\0\nL\0endTimeq\0~\0\nL\0idsq\0~\0	L\0mapq\0~\0L\0\npageNumberq\0~\0L\0pageSizeq\0~\0L\0sortNameq\0~\0	L\0	sortOrderq\0~\0	L\0tokenq\0~\0	xppppppppppt\0specialTasksr\0java.util.DatehjKYt\0\0xpw\0\0h~¤Ì`xt\00 0 0 * * ?sr\0java.lang.Long;‹äÌ#ß\0J\0valuexr\0java.lang.Number†¬•”à‹\0\0xp\0\0\0\0\0\0\0	t\0runpt\01ç‰¹åˆ«è´¡çŒ®å¥–ç¦åˆ©å¤©è¿”ä»»åŠ¡ï¼Œæ¯å¤©0ç‚¹è·‘sr\0java.lang.Integerâ ¤÷‡8\0I\0valuexq\0~\0\0\0\0\0x\0');

/*Table structure for table `b_global_record` */

DROP TABLE IF EXISTS `b_global_record`;

CREATE TABLE `b_global_record` (
  `id` bigint(20) NOT NULL AUTO_INCREMENT COMMENT 'æ´¾å‘ä¸»é”®ID',
  `userId` bigint(20) DEFAULT NULL COMMENT 'ç”¨æˆ·Id',
  `userName` varchar(50) DEFAULT NULL COMMENT 'ç”¨æˆ·åç§°',
  `userMobile` varchar(50) DEFAULT NULL COMMENT 'ç™»å½•è´¦å·',
  `userLevel` int(11) DEFAULT NULL COMMENT 'ç”¨æˆ·çº§åˆ«',
  `parentId` bigint(20) DEFAULT NULL COMMENT 'çˆ¶çº§ID',
  `groupUserIds` varchar(3000) DEFAULT NULL COMMENT 'ç”¨æˆ·ç»„ID',
  `money` decimal(15,4) DEFAULT '0.0000' COMMENT 'å‘æ”¾é‡‘é¢',
  `totalsNum` int(11) DEFAULT NULL COMMENT 'è¾¾æ ‡æ€»äººæ•°',
  `recommendNum` int(11) DEFAULT NULL COMMENT 'æ»¡è¶³å½“æ—¥æ¨èäººæ•°',
  `isGrant` int(1) DEFAULT '0' COMMENT 'æ˜¯å¦å‘æ”¾[0:æœªå‘æ”¾,1:å·²å‘æ”¾]',
  `generateTime` date DEFAULT NULL COMMENT 'ç”Ÿæˆæ—¥æœŸ',
  `createTime` datetime DEFAULT NULL COMMENT 'åˆ›å»ºæ—¶é—´',
  `grantTime` datetime DEFAULT NULL COMMENT 'å‘æ”¾æ—¶é—´',
  `updateTime` datetime DEFAULT NULL COMMENT 'ä¿®æ”¹æ—¶é—´',
  `updateUser` varchar(50) DEFAULT NULL COMMENT 'ä¿®æ”¹è€…',
  PRIMARY KEY (`id`)
) ENGINE=InnoDB DEFAULT CHARSET=utf8 COMMENT='å…¨çƒåˆ†çº¢æ´¾å‘è®°å½•è¡¨';

/*Data for the table `b_global_record` */

/*Table structure for table `b_order` */

DROP TABLE IF EXISTS `b_order`;

CREATE TABLE `b_order` (
  `orderId` bigint(20) NOT NULL AUTO_INCREMENT COMMENT 'è´­ä¹°è®¢å•ä¸»é”®Id',
  `parentId` bigint(20) DEFAULT NULL COMMENT 'çˆ¶çº§ID',
  `userId` bigint(20) DEFAULT NULL COMMENT 'è´­ä¹°ç”¨æˆ·Id',
  `userName` varchar(50) DEFAULT NULL COMMENT 'ç”¨æˆ·åç§°',
  `groupUserIds` varchar(3000) DEFAULT NULL COMMENT 'ç”¨æˆ·ç»„ID',
  `userMobile` varchar(50) DEFAULT NULL COMMENT 'ç”¨æˆ·ç™»å½•è´¦å·',
  `productTypeId` bigint(20) DEFAULT NULL COMMENT 'å•†å“ç±»åˆ«Id',
  `productTypeName` varchar(100) DEFAULT NULL COMMENT 'å•†å“ç±»åˆ«åç§°',
  `productId` bigint(20) DEFAULT NULL COMMENT 'è´­ä¹°å•†å“Id',
  `productName` varchar(200) DEFAULT NULL COMMENT 'è´­ä¹°å•†å“åç§°',
  `productImgurl` varchar(200) DEFAULT NULL COMMENT 'è´­ä¹°å•†å“å›¾ç‰‡è·¯å¾„',
  `buyQuantity` int(11) DEFAULT NULL COMMENT 'æŠ•èµ„ä»½æ•°',
  `buyMoney` decimal(15,4) DEFAULT '0.0000' COMMENT 'æŠ•èµ„é‡‘é¢',
  `rebateMoney` decimal(15,4) DEFAULT '0.0000' COMMENT 'æ¯å¤©è¿”åˆ©é‡‘é¢',
  `totalRebatePeriods` int(11) DEFAULT NULL COMMENT 'æ€»è¿”åˆ©å¤©æ•°',
  `rebatePeriods` int(11) DEFAULT NULL COMMENT 'å·²è¿”åˆ©å¤©æ•°',
  `profitMoney` decimal(15,4) DEFAULT '0.0000' COMMENT 'æ”¶ç›Šæ€»é‡‘é¢',
  `alreadyProfitMoney` decimal(15,4) DEFAULT '0.0000' COMMENT 'ä»¥æ”¶ç›Šé‡‘é¢',
  `startRebateTime` int(11) DEFAULT NULL COMMENT 'è´­ä¹°ä¹‹åå‡ å¤©å¼€å§‹è¿”åˆ©,-1ä¸é™åˆ¶.',
  `status` int(1) DEFAULT NULL COMMENT '0:å¾…æ”¯ä»˜,1:æ”¶ç›Šä¸­,2:å·²å®Œæˆ,3:å·²å–æ¶ˆ',
  `submitCredentialImg` varchar(300) DEFAULT NULL COMMENT 'ä¸Šä¼ è½¬è´¦å‡­è¯å›¾ç‰‡URL',
  `submitStatus` int(1) DEFAULT '0' COMMENT 'ä¸Šä¼ è½¬è´¦å‡­è¯çŠ¶æ€[0:æœªä¸Šä¼ ,1:å·²ä¸Šä¼ ]',
  `paymentId` bigint(20) DEFAULT NULL COMMENT 'æ”¯ä»˜æ–¹å¼ID',
  `randomCode` varchar(10) DEFAULT NULL COMMENT 'çº¿ä¸‹æ”¯ä»˜è®¢å•ç”¨æˆ·è½¬è´¦æ—¶å¡«çš„å¤‡æ³¨éšæœºç ,ç”¨äºè®¢å•åŒ¹é…',
  `createTime` datetime DEFAULT NULL COMMENT 'åˆ›å»ºæ—¶é—´',
  `createUser` varchar(50) DEFAULT NULL COMMENT 'åˆ›å»ºäºº',
  `updateTime` datetime DEFAULT NULL COMMENT 'ä¿®æ”¹æ—¶é—´',
  `updateUser` varchar(50) DEFAULT NULL COMMENT 'ä¿®æ”¹äºº',
  `submitTime` datetime DEFAULT NULL COMMENT 'ä¸Šä¼ è½¬è´¦å‡­è¯æ—¶é—´',
  `remark` varchar(200) DEFAULT NULL COMMENT 'å¤‡æ³¨ä¿¡æ¯',
  PRIMARY KEY (`orderId`)
) ENGINE=InnoDB AUTO_INCREMENT=80 DEFAULT CHARSET=utf8 COMMENT='æŠ•èµ„è®¢å•è¡¨';

/*Data for the table `b_order` */

insert  into `b_order`(`orderId`,`parentId`,`userId`,`userName`,`groupUserIds`,`userMobile`,`productTypeId`,`productTypeName`,`productId`,`productName`,`productImgurl`,`buyQuantity`,`buyMoney`,`rebateMoney`,`totalRebatePeriods`,`rebatePeriods`,`profitMoney`,`alreadyProfitMoney`,`startRebateTime`,`status`,`submitCredentialImg`,`submitStatus`,`paymentId`,`randomCode`,`createTime`,`createUser`,`updateTime`,`updateUser`,`submitTime`,`remark`) values (1,1,2,'a1','1,2,','111',1,'å…±äº«æ±½è½¦',1,'æ¯”äºšè¿ªF3','/home/images/20190126215838.JPG',1,'9.9800','1.0000',15,15,'15.0000','15.0000',-1,2,NULL,0,2,'9ED008','2019-01-26 23:39:31','a1','2019-02-11 00:00:00','ç³»ç»Ÿ',NULL,NULL),(2,1,2,'a1','1,2,','111',1,'å…±äº«æ±½è½¦',2,'ä¸°ç”°å¡ç½—æ‹‰','/home/images/20190126220002.JPG',1,'99.8000','9.0000',15,15,'135.0000','135.0000',-1,2,NULL,0,2,'2A6673','2019-01-26 23:40:55','a1','2019-02-11 00:00:00','ç³»ç»Ÿ',NULL,NULL),(3,1,2,'a1','1,2,','111',1,'å…±äº«æ±½è½¦',3,'å¤§ä¼—å¸•è¨ç‰¹','/home/images/20190126220113.JPG',1,'599.8000','57.0000',16,16,'912.0000','912.0000',-1,2,NULL,0,2,'2AEDEF','2019-01-26 23:41:58','a1','2019-02-12 00:00:00','ç³»ç»Ÿ',NULL,NULL),(4,1,2,'a1','1,2,','111',1,'å…±äº«æ±½è½¦',4,'å¥¥è¿ªA6L','/home/images/20190126220221.JPG',1,'1599.8000','160.0000',17,17,'2720.0000','2720.0000',-1,2,NULL,0,2,'913F7B','2019-01-26 23:42:14','a1','2019-02-13 00:00:00','ç³»ç»Ÿ',NULL,NULL),(5,1,2,'a1','1,2,','111',1,'å…±äº«æ±½è½¦',5,'å®é©¬X5','/home/images/20190126220321.JPG',1,'2999.8000','300.0000',18,18,'5400.0000','5400.0000',-1,2,NULL,0,2,'3A7E34','2019-01-26 23:42:27','a1','2019-02-14 00:00:00','ç³»ç»Ÿ',NULL,NULL),(6,1,2,'a1','1,2,','111',1,'å…±äº«æ±½è½¦',6,'å¥”é©°Sçº§','/home/images/20190126220355.JPG',1,'4599.8000','475.0000',19,19,'9025.0000','9025.0000',-1,2,NULL,0,2,'CBC696','2019-01-26 23:42:39','a1','2019-02-15 00:00:00','ç³»ç»Ÿ',NULL,NULL),(7,1,2,'a1','1,2,','111',1,'å…±äº«æ±½è½¦',7,'ä¿æ—¶æ·911','/home/images/20190126220507.JPG',1,'5999.8000','630.0000',20,20,'12600.0000','12600.0000',-1,2,NULL,0,2,'F87D6E','2019-01-26 23:44:04','a1','2019-02-16 00:00:00','ç³»ç»Ÿ',NULL,NULL),(8,1,2,'a1','1,2,','111',1,'å…±äº«æ±½è½¦',8,'å®¾åˆ©æ…•å°š','/home/images/20190126220529.JPG',1,'7799.8000','850.0000',20,20,'17000.0000','17000.0000',-1,2,NULL,0,2,'9472AF','2019-01-26 23:44:20','a1','2019-02-16 00:00:00','ç³»ç»Ÿ',NULL,NULL),(9,1,2,'a1','1,2,','111',1,'å…±äº«æ±½è½¦',3,'å¤§ä¼—å¸•è¨ç‰¹','/home/images/20190126220113.JPG',1,'599.8000','57.0000',16,0,'912.0000','0.0000',-1,0,'/home/credential/order/images/9/20190130205959.png',1,1,'C52DED','2019-01-27 00:15:57','a1',NULL,NULL,'2019-01-30 21:00:00',NULL),(10,1,1,'admin','1,','18888888888',1,'å…±äº«æ±½è½¦',2,'ä¸°ç”°å¡ç½—æ‹‰','/home/images/20190126220002.JPG',1,'99.8000','9.0000',15,0,'135.0000','0.0000',-1,0,'/home/credential/order/images/10/20190130002145.png',1,1,'DE33D4','2019-01-28 23:18:45','admin',NULL,NULL,'2019-01-30 00:21:46',NULL),(11,1,1,'admin','1,','18888888888',1,'å…±äº«æ±½è½¦',1,'æ¯”äºšè¿ªF3','/home/images/20190126215838.JPG',1,'9.9800','1.0000',15,0,'15.0000','0.0000',-1,0,'/home/credential/order/images/11/20190130002139.png',1,1,'F4041F','2019-01-28 23:20:37','admin',NULL,NULL,'2019-01-30 00:21:39',NULL),(12,1,1,'admin','1,','18888888888',1,'å…±äº«æ±½è½¦',1,'æ¯”äºšè¿ªF3','/home/images/20190126215838.JPG',1,'9.9800','1.0000',15,0,'15.0000','0.0000',-1,0,NULL,0,1,'B9B0D0','2019-01-30 21:03:06','admin',NULL,NULL,NULL,NULL),(13,1,2,'a1','1,2,','111',1,'å…±äº«æ±½è½¦',1,'æ¯”äºšè¿ªF3','/home/images/20190126215838.JPG',1,'9.9800','1.0000',15,15,'15.0000','15.0000',-1,2,NULL,0,2,'8EFDFC','2019-01-30 21:05:30','a1','2019-02-14 00:00:00','ç³»ç»Ÿ',NULL,NULL),(14,1,2,'a1','1,2,','111',1,'å…±äº«æ±½è½¦',1,'æ¯”äºšè¿ªF3','/home/images/20190126215838.JPG',1,'9.9800','1.0000',15,0,'15.0000','0.0000',-1,0,NULL,0,1,'9B846A','2019-01-30 21:05:33','a1',NULL,NULL,NULL,NULL),(15,1,3,'fury','1,3,','13333333333',1,'å…±äº«æ±½è½¦',1,'æ¯”äºšè¿ªF3','/home/images/20190126215838.JPG',1,'9.9800','1.0000',15,0,'15.0000','0.0000',-1,0,NULL,0,1,'F13059','2019-01-30 21:06:00','fury',NULL,NULL,NULL,NULL),(16,1,2,'a1','1,2,','111',1,'å…±äº«æ±½è½¦',1,'æ¯”äºšè¿ªF3','/home/images/20190126215838.JPG',1,'9.9800','1.0000',15,0,'15.0000','0.0000',-1,0,NULL,0,1,'53E6C8','2019-01-30 21:07:29','a1',NULL,NULL,NULL,NULL),(17,1,2,'a1','1,2,','111',1,'å…±äº«æ±½è½¦',1,'æ¯”äºšè¿ªF3','/home/images/20190126215838.JPG',1,'9.9800','1.0000',15,15,'15.0000','15.0000',-1,2,NULL,0,2,'87A3F8','2019-01-30 21:07:31','a1','2019-02-14 00:00:00','ç³»ç»Ÿ',NULL,NULL),(18,1,2,'a1','1,2,','111',1,'å…±äº«æ±½è½¦',1,'æ¯”äºšè¿ªF3','/home/images/20190126215838.JPG',1,'9.9800','1.0000',15,15,'15.0000','15.0000',-1,2,NULL,0,2,'A6440E','2019-01-30 21:07:33','a1','2019-02-14 00:00:00','ç³»ç»Ÿ',NULL,NULL),(19,1,2,'a1','1,2,','111',1,'å…±äº«æ±½è½¦',1,'æ¯”äºšè¿ªF3','/home/images/20190126215838.JPG',1,'9.9800','1.0000',15,15,'15.0000','15.0000',-1,2,NULL,0,2,'D455CF','2019-01-30 21:07:50','a1','2019-02-14 00:00:00','ç³»ç»Ÿ',NULL,NULL),(20,1,3,'fury','1,3,','13333333333',1,'å…±äº«æ±½è½¦',1,'æ¯”äºšè¿ªF3','/home/images/20190126215838.JPG',1,'9.9800','1.0000',15,15,'15.0000','15.0000',-1,2,NULL,0,2,'157880','2019-01-30 21:07:50','fury','2019-02-14 00:00:00','ç³»ç»Ÿ',NULL,NULL),(21,1,2,'a1','1,2,','111',1,'å…±äº«æ±½è½¦',1,'æ¯”äºšè¿ªF3','/home/images/20190126215838.JPG',1,'9.9800','1.0000',15,15,'15.0000','15.0000',-1,2,NULL,0,2,'4333D6','2019-01-30 21:07:55','a1','2019-02-14 00:00:00','ç³»ç»Ÿ',NULL,NULL),(22,1,2,'a1','1,2,','111',1,'å…±äº«æ±½è½¦',1,'æ¯”äºšè¿ªF3','/home/images/20190126215838.JPG',1,'9.9800','1.0000',15,15,'15.0000','15.0000',-1,2,NULL,0,2,'55EF06','2019-01-30 21:07:55','a1','2019-02-14 00:00:00','ç³»ç»Ÿ',NULL,NULL),(23,1,2,'a1','1,2,','111',1,'å…±äº«æ±½è½¦',1,'æ¯”äºšè¿ªF3','/home/images/20190126215838.JPG',1,'9.9800','1.0000',15,15,'15.0000','15.0000',-1,2,NULL,0,2,'EA6B39','2019-01-30 21:07:56','a1','2019-02-14 00:00:00','ç³»ç»Ÿ',NULL,NULL),(24,1,2,'a1','1,2,','111',1,'å…±äº«æ±½è½¦',1,'æ¯”äºšè¿ªF3','/home/images/20190126215838.JPG',1,'9.9800','1.0000',15,15,'15.0000','15.0000',-1,2,NULL,0,2,'790738','2019-01-30 21:07:56','a1','2019-02-14 00:00:00','ç³»ç»Ÿ',NULL,NULL),(25,1,2,'a1','1,2,','111',1,'å…±äº«æ±½è½¦',1,'æ¯”äºšè¿ªF3','/home/images/20190126215838.JPG',1,'9.9800','1.0000',15,15,'15.0000','15.0000',-1,2,NULL,0,2,'47119B','2019-01-30 21:07:58','a1','2019-02-14 00:00:00','ç³»ç»Ÿ',NULL,NULL),(26,1,2,'a1','1,2,','111',1,'å…±äº«æ±½è½¦',1,'æ¯”äºšè¿ªF3','/home/images/20190126215838.JPG',1,'9.9800','1.0000',15,15,'15.0000','15.0000',-1,2,NULL,0,2,'DBCAF5','2019-01-30 21:07:58','a1','2019-02-14 00:00:00','ç³»ç»Ÿ',NULL,NULL),(27,1,2,'a1','1,2,','111',1,'å…±äº«æ±½è½¦',1,'æ¯”äºšè¿ªF3','/home/images/20190126215838.JPG',1,'9.9800','1.0000',15,0,'15.0000','0.0000',-1,0,NULL,0,1,'744149','2019-01-30 21:08:16','a1',NULL,NULL,NULL,NULL),(28,1,2,'a1','1,2,','111',1,'å…±äº«æ±½è½¦',1,'æ¯”äºšè¿ªF3','/home/images/20190126215838.JPG',1,'9.9800','1.0000',15,15,'15.0000','15.0000',-1,2,NULL,0,2,'F4009C','2019-01-30 21:08:32','a1','2019-02-14 00:00:00','ç³»ç»Ÿ',NULL,NULL),(29,1,2,'a1','1,2,','111',1,'å…±äº«æ±½è½¦',1,'æ¯”äºšè¿ªF3','/home/images/20190126215838.JPG',1,'9.9800','1.0000',15,0,'15.0000','0.0000',-1,0,NULL,0,1,'6EE883','2019-01-30 21:12:19','a1',NULL,NULL,NULL,NULL),(30,1,2,'a1','1,2,','111',1,'å…±äº«æ±½è½¦',1,'æ¯”äºšè¿ªF3','/home/images/20190126215838.JPG',1,'9.9800','1.0000',15,0,'15.0000','0.0000',-1,0,NULL,0,1,'31CB98','2019-01-30 21:13:17','a1',NULL,NULL,NULL,NULL),(31,1,2,'a1','1,2,','111',1,'å…±äº«æ±½è½¦',1,'æ¯”äºšè¿ªF3','/home/images/20190126215838.JPG',1,'9.9800','1.0000',15,15,'15.0000','15.0000',-1,2,NULL,0,2,'7ED42F','2019-01-30 21:13:20','a1','2019-02-14 00:00:00','ç³»ç»Ÿ',NULL,NULL),(32,1,2,'a1','1,2,','111',1,'å…±äº«æ±½è½¦',1,'æ¯”äºšè¿ªF3','/home/images/20190126215838.JPG',1,'9.9800','1.0000',15,0,'15.0000','0.0000',-1,0,NULL,0,1,'7E0DEE','2019-01-30 21:15:22','a1',NULL,NULL,NULL,NULL),(33,1,2,'a1','1,2,','111',1,'å…±äº«æ±½è½¦',1,'æ¯”äºšè¿ªF3','/home/images/20190126215838.JPG',1,'9.9800','1.0000',15,0,'15.0000','0.0000',-1,0,NULL,0,1,'F1D01B','2019-01-30 21:15:25','a1',NULL,NULL,NULL,NULL),(34,1,2,'a1','1,2,','111',1,'å…±äº«æ±½è½¦',1,'æ¯”äºšè¿ªF3','/home/images/20190126215838.JPG',1,'9.9800','1.0000',15,0,'15.0000','0.0000',-1,0,NULL,0,1,'FFFACF','2019-01-30 21:15:40','a1',NULL,NULL,NULL,NULL),(35,1,2,'a1','1,2,','111',1,'å…±äº«æ±½è½¦',1,'æ¯”äºšè¿ªF3','/home/images/20190126215838.JPG',1,'9.9800','1.0000',15,0,'15.0000','0.0000',-1,0,NULL,0,1,'2A2AAF','2019-01-30 21:15:41','a1',NULL,NULL,NULL,NULL),(36,1,3,'fury','1,3,','13333333333',1,'å…±äº«æ±½è½¦',2,'ä¸°ç”°å¡ç½—æ‹‰','/home/images/20190126220002.JPG',1,'99.8000','9.0000',15,0,'135.0000','0.0000',-1,0,NULL,0,1,'1A58F2','2019-01-30 21:18:37','fury',NULL,NULL,NULL,NULL),(37,1,3,'fury','1,3,','13333333333',1,'å…±äº«æ±½è½¦',2,'ä¸°ç”°å¡ç½—æ‹‰','/home/images/20190126220002.JPG',1,'99.8000','9.0000',15,0,'135.0000','0.0000',-1,0,NULL,0,1,'F883E2','2019-01-30 21:18:41','fury',NULL,NULL,NULL,NULL),(38,1,2,'a1','1,2,','111',1,'å…±äº«æ±½è½¦',1,'æ¯”äºšè¿ªF3','/home/images/20190126215838.JPG',1,'9.9800','1.0000',15,0,'15.0000','0.0000',-1,0,NULL,0,1,'5C95C0','2019-01-30 21:18:53','a1',NULL,NULL,NULL,NULL),(39,1,2,'a1','1,2,','111',1,'å…±äº«æ±½è½¦',1,'æ¯”äºšè¿ªF3','/home/images/20190126215838.JPG',1,'9.9800','1.0000',15,0,'15.0000','0.0000',-1,0,NULL,0,1,'4D8C5A','2019-01-30 21:18:58','a1',NULL,NULL,NULL,NULL),(40,1,2,'a1','1,2,','111',1,'å…±äº«æ±½è½¦',1,'æ¯”äºšè¿ªF3','/home/images/20190126215838.JPG',1,'9.9800','1.0000',15,15,'15.0000','15.0000',-1,2,NULL,0,2,'73AB12','2019-01-30 21:19:00','a1','2019-02-14 00:00:00','ç³»ç»Ÿ',NULL,NULL),(41,1,2,'a1','1,2,','111',1,'å…±äº«æ±½è½¦',1,'æ¯”äºšè¿ªF3','/home/images/20190126215838.JPG',1,'9.9800','1.0000',15,0,'15.0000','0.0000',-1,0,NULL,0,1,'C29A82','2019-01-30 21:19:05','a1',NULL,NULL,NULL,NULL),(42,1,3,'fury','1,3,','13333333333',1,'å…±äº«æ±½è½¦',2,'ä¸°ç”°å¡ç½—æ‹‰','/home/images/20190126220002.JPG',1,'99.8000','9.0000',15,0,'135.0000','0.0000',-1,0,NULL,0,1,'F42C4C','2019-01-30 21:19:05','fury',NULL,NULL,NULL,NULL),(43,1,2,'a1','1,2,','111',1,'å…±äº«æ±½è½¦',1,'æ¯”äºšè¿ªF3','/home/images/20190126215838.JPG',1,'9.9800','1.0000',15,0,'15.0000','0.0000',-1,0,NULL,0,1,'9ACA29','2019-01-30 21:19:08','a1',NULL,NULL,NULL,NULL),(44,1,2,'a1','1,2,','111',1,'å…±äº«æ±½è½¦',1,'æ¯”äºšè¿ªF3','/home/images/20190126215838.JPG',1,'9.9800','1.0000',15,0,'15.0000','0.0000',-1,0,NULL,0,1,'90AC9E','2019-01-30 21:19:19','a1',NULL,NULL,NULL,NULL),(45,1,2,'a1','1,2,','111',1,'å…±äº«æ±½è½¦',1,'æ¯”äºšè¿ªF3','/home/images/20190126215838.JPG',1,'9.9800','1.0000',15,0,'15.0000','0.0000',-1,0,NULL,0,1,'324340','2019-01-30 21:19:21','a1',NULL,NULL,NULL,NULL),(46,1,2,'a1','1,2,','111',1,'å…±äº«æ±½è½¦',1,'æ¯”äºšè¿ªF3','/home/images/20190126215838.JPG',1,'9.9800','1.0000',15,0,'15.0000','0.0000',-1,0,NULL,0,1,'3FC59C','2019-01-30 21:19:45','a1',NULL,NULL,NULL,NULL),(47,1,2,'a1','1,2,','111',1,'å…±äº«æ±½è½¦',1,'æ¯”äºšè¿ªF3','/home/images/20190126215838.JPG',1,'9.9800','1.0000',15,0,'15.0000','0.0000',-1,0,NULL,0,1,'E152FE','2019-01-30 21:22:40','a1',NULL,NULL,NULL,NULL),(48,1,2,'a1','1,2,','111',1,'å…±äº«æ±½è½¦',1,'æ¯”äºšè¿ªF3','/home/images/20190126215838.JPG',1,'9.9800','1.0000',15,0,'15.0000','0.0000',-1,0,NULL,0,1,'5F79F7','2019-01-30 21:22:49','a1',NULL,NULL,NULL,NULL),(49,1,2,'a1','1,2,','111',1,'å…±äº«æ±½è½¦',1,'æ¯”äºšè¿ªF3','/home/images/20190126215838.JPG',1,'9.9800','1.0000',15,15,'15.0000','15.0000',-1,2,NULL,0,2,'1C2531','2019-01-30 21:22:56','a1','2019-02-14 00:00:00','ç³»ç»Ÿ',NULL,NULL),(50,1,2,'a1','1,2,','111',1,'å…±äº«æ±½è½¦',1,'æ¯”äºšè¿ªF3','/home/images/20190126215838.JPG',1,'9.9800','1.0000',15,0,'15.0000','0.0000',-1,0,NULL,0,1,'BEA5A2','2019-01-30 21:23:02','a1',NULL,NULL,NULL,NULL),(51,1,2,'a1','1,2,','111',1,'å…±äº«æ±½è½¦',1,'æ¯”äºšè¿ªF3','/home/images/20190126215838.JPG',1,'9.9800','1.0000',15,0,'15.0000','0.0000',-1,0,NULL,0,1,'0EF156','2019-01-30 21:23:06','a1',NULL,NULL,NULL,NULL),(52,1,2,'a1','1,2,','111',1,'å…±äº«æ±½è½¦',1,'æ¯”äºšè¿ªF3','/home/images/20190126215838.JPG',1,'9.9800','1.0000',15,15,'15.0000','15.0000',-1,2,NULL,0,2,'F57ECB','2019-01-30 21:23:10','a1','2019-02-14 00:00:00','ç³»ç»Ÿ',NULL,NULL),(53,1,2,'a1','1,2,','111',1,'å…±äº«æ±½è½¦',1,'æ¯”äºšè¿ªF3','/home/images/20190126215838.JPG',1,'9.9800','1.0000',15,0,'15.0000','0.0000',-1,0,NULL,0,1,'4BCFEA','2019-01-30 21:23:15','a1',NULL,NULL,NULL,NULL),(54,1,2,'a1','1,2,','111',1,'å…±äº«æ±½è½¦',1,'æ¯”äºšè¿ªF3','/home/images/20190126215838.JPG',1,'9.9800','1.0000',15,0,'15.0000','0.0000',-1,0,NULL,0,1,'53BCDE','2019-01-30 21:23:19','a1',NULL,NULL,NULL,NULL),(55,1,2,'a1','1,2,','111',1,'å…±äº«æ±½è½¦',1,'æ¯”äºšè¿ªF3','/home/images/20190126215838.JPG',1,'9.9800','1.0000',15,15,'15.0000','15.0000',-1,2,NULL,0,2,'55551F','2019-01-30 21:23:22','a1','2019-02-14 00:00:00','ç³»ç»Ÿ',NULL,NULL),(56,1,2,'a1','1,2,','111',1,'å…±äº«æ±½è½¦',1,'æ¯”äºšè¿ªF3','/home/images/20190126215838.JPG',1,'9.9800','1.0000',15,0,'15.0000','0.0000',-1,0,NULL,0,1,'D49698','2019-01-30 21:24:31','a1',NULL,NULL,NULL,NULL),(57,1,2,'a1','1,2,','111',1,'å…±äº«æ±½è½¦',1,'æ¯”äºšè¿ªF3','/home/images/20190126215838.JPG',1,'9.9800','1.0000',15,15,'15.0000','15.0000',-1,2,NULL,0,2,'AAE63A','2019-01-30 21:24:38','a1','2019-02-14 00:00:00','ç³»ç»Ÿ',NULL,NULL),(58,1,2,'a1','1,2,','111',1,'å…±äº«æ±½è½¦',1,'æ¯”äºšè¿ªF3','/home/images/20190126215838.JPG',1,'9.9800','1.0000',15,0,'15.0000','0.0000',-1,0,NULL,0,1,'CBCC55','2019-01-30 21:24:55','a1',NULL,NULL,NULL,NULL),(59,1,2,'a1','1,2,','111',1,'å…±äº«æ±½è½¦',1,'æ¯”äºšè¿ªF3','/home/images/20190126215838.JPG',1,'9.9800','1.0000',15,0,'15.0000','0.0000',-1,0,NULL,0,1,'9FBEB9','2019-01-30 21:25:00','a1',NULL,NULL,NULL,NULL),(60,1,2,'a1','1,2,','111',1,'å…±äº«æ±½è½¦',1,'æ¯”äºšè¿ªF3','/home/images/20190126215838.JPG',1,'9.9800','1.0000',15,0,'15.0000','0.0000',-1,0,NULL,0,1,'8BF766','2019-01-30 21:25:01','a1',NULL,NULL,NULL,NULL),(61,1,2,'a1','1,2,','111',1,'å…±äº«æ±½è½¦',1,'æ¯”äºšè¿ªF3','/home/images/20190126215838.JPG',1,'9.9800','1.0000',15,0,'15.0000','0.0000',-1,0,NULL,0,1,'944330','2019-01-30 21:25:01','a1',NULL,NULL,NULL,NULL),(62,1,2,'a1','1,2,','111',1,'å…±äº«æ±½è½¦',1,'æ¯”äºšè¿ªF3','/home/images/20190126215838.JPG',1,'9.9800','1.0000',15,15,'15.0000','15.0000',-1,2,NULL,0,2,'58B5C3','2019-01-30 21:25:16','a1','2019-02-14 00:00:00','ç³»ç»Ÿ',NULL,NULL),(63,1,2,'a1','1,2,','111',1,'å…±äº«æ±½è½¦',1,'æ¯”äºšè¿ªF3','/home/images/20190126215838.JPG',1,'9.9800','1.0000',15,15,'15.0000','15.0000',-1,2,NULL,0,2,'C3EA15','2019-01-30 21:25:22','a1','2019-02-14 00:00:00','ç³»ç»Ÿ',NULL,NULL),(64,1,2,'a1','1,2,','111',1,'å…±äº«æ±½è½¦',1,'æ¯”äºšè¿ªF3','/home/images/20190126215838.JPG',1,'9.9800','1.0000',15,0,'15.0000','0.0000',-1,0,NULL,0,1,'E32967','2019-01-30 21:25:26','a1',NULL,NULL,NULL,NULL),(65,1,2,'a1','1,2,','111',1,'å…±äº«æ±½è½¦',1,'æ¯”äºšè¿ªF3','/home/images/20190126215838.JPG',1,'9.9800','1.0000',15,15,'15.0000','15.0000',-1,2,NULL,0,2,'1A40B3','2019-01-30 21:25:29','a1','2019-02-14 00:00:00','ç³»ç»Ÿ',NULL,NULL),(66,1,2,'a1','1,2,','111',1,'å…±äº«æ±½è½¦',1,'æ¯”äºšè¿ªF3','/home/images/20190126215838.JPG',1,'9.9800','1.0000',15,0,'15.0000','0.0000',-1,0,NULL,0,1,'088A22','2019-01-30 21:25:34','a1',NULL,NULL,NULL,NULL),(67,1,2,'a1','1,2,','111',1,'å…±äº«æ±½è½¦',1,'æ¯”äºšè¿ªF3','/home/images/20190126215838.JPG',1,'9.9800','1.0000',15,0,'15.0000','0.0000',-1,0,NULL,0,1,'9C7B60','2019-01-30 21:25:36','a1',NULL,NULL,NULL,NULL),(68,1,2,'a1','1,2,','111',1,'å…±äº«æ±½è½¦',1,'æ¯”äºšè¿ªF3','/home/images/20190126215838.JPG',1,'9.9800','1.0000',15,0,'15.0000','0.0000',-1,0,NULL,0,1,'BBC273','2019-01-30 21:26:26','a1',NULL,NULL,NULL,NULL),(69,1,2,'a1','1,2,','111',1,'å…±äº«æ±½è½¦',1,'æ¯”äºšè¿ªF3','/home/images/20190126215838.JPG',1,'9.9800','1.0000',15,0,'15.0000','0.0000',-1,0,NULL,0,1,'DEB73E','2019-01-30 21:26:29','a1',NULL,NULL,NULL,NULL),(70,1,2,'a1','1,2,','111',1,'å…±äº«æ±½è½¦',1,'æ¯”äºšè¿ªF3','/home/images/20190126215838.JPG',1,'9.9800','1.0000',15,0,'15.0000','0.0000',-1,0,NULL,0,1,'092FE8','2019-01-30 21:26:32','a1',NULL,NULL,NULL,NULL),(71,1,2,'a1','1,2,','111',1,'å…±äº«æ±½è½¦',1,'æ¯”äºšè¿ªF3','/home/images/20190126215838.JPG',1,'9.9800','1.0000',15,0,'15.0000','0.0000',-1,0,NULL,0,1,'5CF14B','2019-01-30 21:27:06','a1',NULL,NULL,NULL,NULL),(72,1,3,'fury','1,3,','13333333333',1,'å…±äº«æ±½è½¦',4,'å¥¥è¿ªA6L','/home/images/20190126220221.JPG',1,'1599.8000','160.0000',17,0,'2720.0000','0.0000',-1,0,NULL,0,1,'40C5D1','2019-01-30 21:29:31','fury',NULL,NULL,NULL,NULL),(73,1,3,'fury','1,3,','13333333333',1,'å…±äº«æ±½è½¦',2,'ä¸°ç”°å¡ç½—æ‹‰','/home/images/20190126220002.JPG',1,'99.8000','9.0000',15,15,'135.0000','135.0000',-1,2,NULL,0,2,'2246AE','2019-01-30 21:45:08','fury','2019-02-14 00:00:00','ç³»ç»Ÿ',NULL,NULL),(74,1,3,'fury','1,3,','13333333333',1,'å…±äº«æ±½è½¦',2,'ä¸°ç”°å¡ç½—æ‹‰','/home/images/20190126220002.JPG',1,'99.8000','9.0000',15,15,'135.0000','135.0000',-1,2,NULL,0,2,'5C3261','2019-01-30 21:45:17','fury','2019-02-14 00:00:00','ç³»ç»Ÿ',NULL,NULL),(75,1,3,'fury','1,3,','13333333333',1,'å…±äº«æ±½è½¦',2,'ä¸°ç”°å¡ç½—æ‹‰','/home/images/20190126220002.JPG',1,'99.8000','9.0000',15,15,'135.0000','135.0000',-1,2,NULL,0,1,'4D0955','2019-01-30 22:23:40','fury','2019-02-14 00:00:00','ç³»ç»Ÿ',NULL,NULL),(76,1,2,'a1','1,2,','111',1,'å…±äº«æ±½è½¦',1,'æ¯”äºšè¿ªF3','/home/images/20190126215838.JPG',1,'9.9800','1.0000',15,15,'15.0000','15.0000',-1,2,NULL,0,2,'69B2ED','2019-01-31 20:58:21','a1','2019-02-15 00:00:00','ç³»ç»Ÿ',NULL,NULL),(77,1,2,'a1','1,2,','111',1,'å…±äº«æ±½è½¦',1,'æ¯”äºšè¿ªF3','/home/images/20190126215838.JPG',1,'9.9800','1.0000',15,0,'15.0000','0.0000',-1,0,NULL,0,1,'8B2F0F','2019-01-31 20:58:25','a1',NULL,NULL,NULL,NULL),(78,1,2,'a1','1,2,','111',1,'å…±äº«æ±½è½¦',1,'æ¯”äºšè¿ªF3','/home/images/20190126215838.JPG',1,'9.9800','1.0000',15,0,'15.0000','0.0000',-1,0,NULL,0,1,'45D13B','2019-01-31 21:09:10','a1',NULL,NULL,NULL,NULL),(79,1,2,'a1','1,2,','111',1,'å…±äº«æ±½è½¦',1,'æ¯”äºšè¿ªF3','/home/images/20190126215838.JPG',1,'9.9800','1.0000',15,15,'15.0000','15.0000',-1,2,NULL,0,2,'1136BC','2019-01-31 21:17:35','a1','2019-02-15 00:00:00','ç³»ç»Ÿ',NULL,NULL);

/*Table structure for table `b_product` */

DROP TABLE IF EXISTS `b_product`;

CREATE TABLE `b_product` (
  `productId` bigint(20) NOT NULL AUTO_INCREMENT COMMENT 'äº§å“ä¸»é”®',
  `productName` varchar(100) DEFAULT NULL COMMENT 'äº§å“åç§°',
  `productTypeId` bigint(20) DEFAULT NULL COMMENT 'äº§å“æ‰€å±ç±»åˆ«',
  `saleMoney` decimal(15,4) DEFAULT '0.0000' COMMENT 'å”®å–é‡‘é¢',
  `saleQuantity` int(11) DEFAULT '0' COMMENT 'é”€å”®æ•°é‡',
  `saleVolumes` int(11) DEFAULT '0' COMMENT 'å·²å–æ•°é‡',
  `rebateMoney` decimal(15,4) DEFAULT '0.0000' COMMENT 'æ¯æœŸè¿”åˆ©é‡‘é¢',
  `rebatePeriods` int(11) DEFAULT '0' COMMENT 'è¿”åˆ©æœŸæ•°',
  `rebateTotals` decimal(15,4) DEFAULT '0.0000' COMMENT 'è¿”åˆ©æ€»é¢',
  `purchaseRestriction` int(11) DEFAULT '-1' COMMENT 'æ¯äººè´­ä¹°é™åˆ¶,[-1ä¸é™åˆ¶]',
  `startRebateTime` int(11) DEFAULT '-1' COMMENT 'è´­ä¹°ä¹‹åå‡ å¤©å¼€å§‹è¿”åˆ©,[-1ä¸é™åˆ¶]',
  `status` int(1) DEFAULT '1' COMMENT 'çŠ¶æ€ï¼Œ[0:å·²ä¸‹æ¶][1:å·²ä¸Šæ¶]',
  `productImgurl` varchar(200) DEFAULT NULL COMMENT 'äº§å“å›¾ç‰‡å­˜æ”¾åœ°å€',
  `sort` int(11) DEFAULT NULL COMMENT 'æ’åº',
  `remark` varchar(200) DEFAULT NULL COMMENT 'å¤‡æ³¨æè¿°',
  `createTime` datetime DEFAULT NULL COMMENT 'åˆ›å»ºæ—¶é—´',
  `createUser` varchar(50) DEFAULT NULL COMMENT 'åˆ›å»ºäºº',
  `updateTime` datetime DEFAULT NULL COMMENT 'ä¿®æ”¹æ—¶é—´',
  `updateUser` varchar(50) DEFAULT NULL COMMENT 'ä¿®æ”¹äºº',
  PRIMARY KEY (`productId`)
) ENGINE=InnoDB AUTO_INCREMENT=9 DEFAULT CHARSET=utf8 COMMENT='å•†å“è¡¨';

/*Data for the table `b_product` */

insert  into `b_product`(`productId`,`productName`,`productTypeId`,`saleMoney`,`saleQuantity`,`saleVolumes`,`rebateMoney`,`rebatePeriods`,`rebateTotals`,`purchaseRestriction`,`startRebateTime`,`status`,`productImgurl`,`sort`,`remark`,`createTime`,`createUser`,`updateTime`,`updateUser`) values (1,'æ¯”äºšè¿ªF3',1,'9.9800',1000,63,'1.0000',15,'15.0000',-1,-1,1,'/home/images/20190126215838.JPG',1,'æ¯”äºšè¿ªF3','2019-01-26 21:58:45','admin','2019-01-26 22:06:17','admin'),(2,'ä¸°ç”°å¡ç½—æ‹‰',1,'99.8000',1000,8,'9.0000',15,'135.0000',-1,-1,1,'/home/images/20190126220002.JPG',2,'ä¸°ç”°å¡ç½—æ‹‰','2019-01-26 22:00:08','admin','2019-01-26 22:06:16','admin'),(3,'å¤§ä¼—å¸•è¨ç‰¹',1,'599.8000',1000,2,'57.0000',16,'912.0000',-1,-1,1,'/home/images/20190126220113.JPG',3,'å¤§ä¼—å¸•è¨ç‰¹','2019-01-26 22:01:26','admin','2019-01-26 22:06:14','admin'),(4,'å¥¥è¿ªA6L',1,'1599.8000',1000,2,'160.0000',17,'2720.0000',-1,-1,1,'/home/images/20190126220221.JPG',4,'å¥¥è¿ªA6L','2019-01-26 22:02:27','admin','2019-01-26 22:22:23','admin'),(5,'å®é©¬X5',1,'2999.8000',1000,1,'300.0000',18,'5400.0000',-1,-1,1,'/home/images/20190126220321.JPG',5,'å®é©¬X5','2019-01-26 22:03:27','admin','2019-01-26 22:06:08','admin'),(6,'å¥”é©°Sçº§',1,'4599.8000',1000,1,'475.0000',19,'9025.0000',-1,-1,1,'/home/images/20190126220355.JPG',6,'å¥”é©°Sçº§','2019-01-26 22:04:18','admin','2019-01-26 22:06:06','admin'),(7,'ä¿æ—¶æ·911',1,'5999.8000',1000,1,'630.0000',20,'12600.0000',-1,-1,1,'/home/images/20190126220507.JPG',7,'ä¿æ—¶æ·911','2019-01-26 22:05:13','admin','2019-01-26 22:06:05','admin'),(8,'å®¾åˆ©æ…•å°š',1,'7799.8000',1000,1,'850.0000',20,'17000.0000',-1,-1,1,'/home/images/20190126220529.JPG',8,'å®¾åˆ©æ…•å°š','2019-01-26 22:06:00','admin','2019-01-26 22:06:03','admin');

/*Table structure for table `b_product_type` */

DROP TABLE IF EXISTS `b_product_type`;

CREATE TABLE `b_product_type` (
  `productTypeId` bigint(20) NOT NULL AUTO_INCREMENT COMMENT 'å•†å“ç±»åˆ«ä¸»é”®ID',
  `productTypeName` varchar(100) DEFAULT NULL COMMENT 'ç±»åˆ«åç§°',
  `status` int(1) DEFAULT NULL COMMENT '0:ç¦ç”¨,1:å¯ç”¨',
  `createTime` datetime DEFAULT NULL COMMENT 'åˆ›å»ºæ—¶é—´',
  `createUser` varchar(50) DEFAULT NULL COMMENT 'åˆ›å»ºäºº',
  `updateTime` datetime DEFAULT NULL COMMENT 'ä¿®æ”¹æ—¶é—´',
  `updateUser` varchar(50) DEFAULT NULL COMMENT 'ä¿®æ”¹äºº',
  PRIMARY KEY (`productTypeId`)
) ENGINE=InnoDB AUTO_INCREMENT=5 DEFAULT CHARSET=utf8 COMMENT='å•†å“ç±»åˆ«è¡¨';

/*Data for the table `b_product_type` */

insert  into `b_product_type`(`productTypeId`,`productTypeName`,`status`,`createTime`,`createUser`,`updateTime`,`updateUser`) values (1,'å…±äº«æ±½è½¦',1,'2019-01-09 11:11:11','fury','2019-01-21 23:59:45','admin'),(2,'å…¨æ°‘ç¦åˆ©',1,'2019-01-09 11:11:11','fury','2019-01-21 23:59:47','admin');

/*Table structure for table `b_report` */

DROP TABLE IF EXISTS `b_report`;

CREATE TABLE `b_report` (
  `reportId` bigint(20) NOT NULL AUTO_INCREMENT COMMENT 'æŠ¥è¡¨ç»Ÿè®¡ä¸»é”®ID',
  `userId` bigint(20) DEFAULT NULL COMMENT 'ç”¨æˆ·Id',
  `userName` varchar(50) DEFAULT NULL COMMENT 'ç”¨æˆ·åç§°',
  `userMobile` varchar(50) DEFAULT NULL COMMENT 'ç”¨æˆ·ç™»å½•è´¦å·',
  `parentId` bigint(20) DEFAULT NULL COMMENT 'çˆ¶çº§ID',
  `groupUserIds` varchar(3000) DEFAULT NULL COMMENT 'ç”¨æˆ·ç»„ID',
  `userLevel` int(11) DEFAULT NULL COMMENT 'ç”¨æˆ·çº§åˆ«',
  `orderMoney` decimal(15,4) DEFAULT '0.0000' COMMENT 'è®¢å•é‡‘é¢',
  `artificialRechargeMoney` decimal(15,4) DEFAULT '0.0000' COMMENT 'äººå·¥å……å€¼é‡‘é¢',
  `rechargeMoney` decimal(15,4) DEFAULT '0.0000' COMMENT 'å……å€¼é‡‘é¢',
  `rechargeFee` decimal(15,4) DEFAULT '0.0000' COMMENT 'å……å€¼æ‰‹ç»­è´¹',
  `artificialWithdrawMoney` decimal(15,4) DEFAULT '0.0000' COMMENT 'äººå·¥æ‰£æ¬¾é‡‘é¢',
  `withdrawMoney` decimal(15,4) DEFAULT '0.0000' COMMENT 'æç°é‡‘é¢',
  `withdrawFee` decimal(15,4) DEFAULT '0.0000' COMMENT 'æç°æ‰‹ç»­è´¹',
  `carProfitMoney` decimal(15,4) DEFAULT '0.0000' COMMENT 'è´­ä¹°çš„æ±½è½¦(å•†å“)æ”¶ç›Šé‡‘é¢',
  `peopleWelfareMoney` decimal(15,4) DEFAULT '0.0000' COMMENT 'å…¨åç¦åˆ©é‡‘é¢',
  `globalBonusMoney` decimal(15,4) DEFAULT '0.0000' COMMENT 'å…¨çƒåˆ†çº¢é‡‘é¢',
  `teamLeaderMoney` decimal(15,4) DEFAULT '0.0000' COMMENT 'å›¢é˜Ÿé¢†å¯¼å¥–é‡‘é¢',
  `specialContributionMoney` decimal(15,4) DEFAULT '0.0000' COMMENT 'ç‰¹åˆ«è´¡çŒ®å¥–é‡‘é¢',
  `createTime` date DEFAULT NULL COMMENT 'åˆ›å»ºæ—¶é—´',
  `createUser` varchar(50) DEFAULT NULL COMMENT 'åˆ›å»ºè€…',
  `updateTime` datetime DEFAULT NULL COMMENT 'ä¿®æ”¹æ—¶é—´',
  `updateUser` varchar(50) DEFAULT NULL COMMENT 'ä¿®æ”¹è€…',
  PRIMARY KEY (`reportId`),
  UNIQUE KEY `userId_createTime_index` (`userId`,`createTime`)
) ENGINE=InnoDB AUTO_INCREMENT=39 DEFAULT CHARSET=utf8 COMMENT='ç›ˆäºç»Ÿè®¡æŠ¥è¡¨';

/*Data for the table `b_report` */

insert  into `b_report`(`reportId`,`userId`,`userName`,`userMobile`,`parentId`,`groupUserIds`,`userLevel`,`orderMoney`,`artificialRechargeMoney`,`rechargeMoney`,`rechargeFee`,`artificialWithdrawMoney`,`withdrawMoney`,`withdrawFee`,`carProfitMoney`,`peopleWelfareMoney`,`globalBonusMoney`,`teamLeaderMoney`,`specialContributionMoney`,`createTime`,`createUser`,`updateTime`,`updateUser`) values (1,2,'a1','111',1,'1,2,',2,'23708.5800','0.0000','30000.0000','0.0000','0.0000','0.0000','0.0000','0.0000','0.0000','0.0000','0.0000','0.0000','2019-01-26','fury','2019-01-26 23:43:40','fury'),(2,2,'a1','111',1,'1,2,',2,'0.0000','0.0000','10000.0000','0.0000','0.0000','0.0000','0.0000','0.0000','0.0000','0.0000','0.0000','0.0000','2019-01-27','admin',NULL,NULL),(3,2,'a1','111',1,'1,2,',2,'0.0000','0.0000','0.0000','0.0000','0.0000','0.0000','0.0000','2482.0000','0.0000','0.0000','0.0000','0.0000','2019-01-28','ç³»ç»Ÿ','2019-01-28 00:00:00','ç³»ç»Ÿ'),(4,2,'a1','111',1,'1,2,',2,'0.0000','0.0000','0.0000','0.0000','0.0000','0.0000','0.0000','2482.0000','0.0000','0.0000','0.0000','0.0000','2019-01-29','ç³»ç»Ÿ','2019-01-29 00:00:01','ç³»ç»Ÿ'),(5,2,'a1','111',1,'1,2,',2,'199.6000','0.0000','0.0000','0.0000','0.0000','0.0000','0.0000','2482.0000','0.0000','0.0000','0.0000','0.0000','2019-01-30','ç³»ç»Ÿ','2019-01-30 00:00:01','ç³»ç»Ÿ'),(6,3,'fury','13333333333',1,'1,3,',2,'309.3800','10000.0000','0.0000','0.0000','0.0000','0.0000','0.0000','0.0000','0.0000','0.0000','0.0000','0.0000','2019-01-30','admin',NULL,NULL),(7,2,'a1','111',1,'1,2,',2,'19.9600','0.0000','0.0000','0.0000','0.0000','0.0000','0.0000','2502.0000','0.0000','0.0000','0.0000','0.0000','2019-01-31','ç³»ç»Ÿ','2019-01-31 00:00:01','ç³»ç»Ÿ'),(8,3,'fury','13333333333',1,'1,3,',2,'0.0000','0.0000','0.0000','0.0000','0.0000','0.0000','0.0000','28.0000','0.0000','0.0000','0.0000','0.0000','2019-01-31','ç³»ç»Ÿ','2019-01-31 00:00:01','ç³»ç»Ÿ'),(9,2,'a1','111',1,'1,2,',2,'0.0000','0.0000','0.0000','0.0000','0.0000','0.0000','0.0000','2504.0000','0.0000','0.0000','0.0000','0.0000','2019-02-01','ç³»ç»Ÿ','2019-02-01 00:00:02','ç³»ç»Ÿ'),(10,3,'fury','13333333333',1,'1,3,',2,'0.0000','0.0000','0.0000','0.0000','0.0000','0.0000','0.0000','28.0000','0.0000','0.0000','0.0000','0.0000','2019-02-01','ç³»ç»Ÿ','2019-02-01 00:00:02','ç³»ç»Ÿ'),(11,2,'a1','111',1,'1,2,',2,'0.0000','0.0000','0.0000','0.0000','0.0000','0.0000','0.0000','2504.0000','0.0000','0.0000','0.0000','0.0000','2019-02-02','ç³»ç»Ÿ','2019-02-02 00:00:01','ç³»ç»Ÿ'),(12,3,'fury','13333333333',1,'1,3,',2,'0.0000','0.0000','0.0000','0.0000','0.0000','0.0000','0.0000','28.0000','0.0000','0.0000','0.0000','0.0000','2019-02-02','ç³»ç»Ÿ','2019-02-02 00:00:01','ç³»ç»Ÿ'),(13,2,'a1','111',1,'1,2,',2,'0.0000','0.0000','0.0000','0.0000','0.0000','0.0000','0.0000','2504.0000','0.0000','0.0000','0.0000','0.0000','2019-02-03','ç³»ç»Ÿ','2019-02-03 00:00:01','ç³»ç»Ÿ'),(14,3,'fury','13333333333',1,'1,3,',2,'0.0000','0.0000','0.0000','0.0000','0.0000','0.0000','0.0000','28.0000','0.0000','0.0000','0.0000','0.0000','2019-02-03','ç³»ç»Ÿ','2019-02-03 00:00:01','ç³»ç»Ÿ'),(15,2,'a1','111',1,'1,2,',2,'0.0000','0.0000','0.0000','0.0000','0.0000','0.0000','0.0000','2504.0000','0.0000','0.0000','0.0000','0.0000','2019-02-04','ç³»ç»Ÿ','2019-02-04 00:00:01','ç³»ç»Ÿ'),(16,3,'fury','13333333333',1,'1,3,',2,'0.0000','0.0000','0.0000','0.0000','0.0000','0.0000','0.0000','28.0000','0.0000','0.0000','0.0000','0.0000','2019-02-04','ç³»ç»Ÿ','2019-02-04 00:00:01','ç³»ç»Ÿ'),(17,2,'a1','111',1,'1,2,',2,'0.0000','0.0000','0.0000','0.0000','0.0000','0.0000','0.0000','2504.0000','0.0000','0.0000','0.0000','0.0000','2019-02-05','ç³»ç»Ÿ','2019-02-05 00:00:01','ç³»ç»Ÿ'),(18,3,'fury','13333333333',1,'1,3,',2,'0.0000','0.0000','0.0000','0.0000','0.0000','0.0000','0.0000','28.0000','0.0000','0.0000','0.0000','0.0000','2019-02-05','ç³»ç»Ÿ','2019-02-05 00:00:01','ç³»ç»Ÿ'),(19,2,'a1','111',1,'1,2,',2,'0.0000','0.0000','0.0000','0.0000','0.0000','0.0000','0.0000','2504.0000','0.0000','0.0000','0.0000','0.0000','2019-02-06','ç³»ç»Ÿ','2019-02-06 00:00:01','ç³»ç»Ÿ'),(20,3,'fury','13333333333',1,'1,3,',2,'0.0000','0.0000','0.0000','0.0000','0.0000','0.0000','0.0000','28.0000','0.0000','0.0000','0.0000','0.0000','2019-02-06','ç³»ç»Ÿ','2019-02-06 00:00:01','ç³»ç»Ÿ'),(21,2,'a1','111',1,'1,2,',2,'0.0000','0.0000','0.0000','0.0000','0.0000','0.0000','0.0000','2504.0000','0.0000','0.0000','0.0000','0.0000','2019-02-07','ç³»ç»Ÿ','2019-02-07 00:00:01','ç³»ç»Ÿ'),(22,3,'fury','13333333333',1,'1,3,',2,'0.0000','0.0000','0.0000','0.0000','0.0000','0.0000','0.0000','28.0000','0.0000','0.0000','0.0000','0.0000','2019-02-07','ç³»ç»Ÿ','2019-02-07 00:00:01','ç³»ç»Ÿ'),(23,2,'a1','111',1,'1,2,',2,'0.0000','0.0000','0.0000','0.0000','0.0000','0.0000','0.0000','2504.0000','0.0000','0.0000','0.0000','0.0000','2019-02-08','ç³»ç»Ÿ','2019-02-08 00:00:01','ç³»ç»Ÿ'),(24,3,'fury','13333333333',1,'1,3,',2,'0.0000','0.0000','0.0000','0.0000','0.0000','0.0000','0.0000','28.0000','0.0000','0.0000','0.0000','0.0000','2019-02-08','ç³»ç»Ÿ','2019-02-08 00:00:01','ç³»ç»Ÿ'),(25,2,'a1','111',1,'1,2,',2,'0.0000','0.0000','0.0000','0.0000','0.0000','0.0000','0.0000','2504.0000','0.0000','0.0000','0.0000','0.0000','2019-02-09','ç³»ç»Ÿ','2019-02-09 00:00:01','ç³»ç»Ÿ'),(26,3,'fury','13333333333',1,'1,3,',2,'0.0000','0.0000','0.0000','0.0000','0.0000','0.0000','0.0000','28.0000','0.0000','0.0000','0.0000','0.0000','2019-02-09','ç³»ç»Ÿ','2019-02-09 00:00:01','ç³»ç»Ÿ'),(27,2,'a1','111',1,'1,2,',2,'0.0000','0.0000','0.0000','0.0000','0.0000','0.0000','0.0000','2504.0000','0.0000','0.0000','0.0000','0.0000','2019-02-10','ç³»ç»Ÿ','2019-02-10 00:00:01','ç³»ç»Ÿ'),(28,3,'fury','13333333333',1,'1,3,',2,'0.0000','0.0000','0.0000','0.0000','0.0000','0.0000','0.0000','28.0000','0.0000','0.0000','0.0000','0.0000','2019-02-10','ç³»ç»Ÿ','2019-02-10 00:00:01','ç³»ç»Ÿ'),(29,2,'a1','111',1,'1,2,',2,'0.0000','0.0000','0.0000','0.0000','0.0000','0.0000','0.0000','2504.0000','0.0000','0.0000','0.0000','0.0000','2019-02-11','ç³»ç»Ÿ','2019-02-11 00:00:01','ç³»ç»Ÿ'),(30,3,'fury','13333333333',1,'1,3,',2,'0.0000','0.0000','0.0000','0.0000','0.0000','0.0000','0.0000','28.0000','0.0000','0.0000','0.0000','0.0000','2019-02-11','ç³»ç»Ÿ','2019-02-11 00:00:01','ç³»ç»Ÿ'),(31,2,'a1','111',1,'1,2,',2,'0.0000','0.0000','0.0000','0.0000','0.0000','0.0000','0.0000','2494.0000','0.0000','0.0000','0.0000','0.0000','2019-02-12','ç³»ç»Ÿ','2019-02-12 00:00:01','ç³»ç»Ÿ'),(32,3,'fury','13333333333',1,'1,3,',2,'0.0000','0.0000','0.0000','0.0000','0.0000','0.0000','0.0000','28.0000','0.0000','0.0000','0.0000','0.0000','2019-02-12','ç³»ç»Ÿ','2019-02-12 00:00:01','ç³»ç»Ÿ'),(33,2,'a1','111',1,'1,2,',2,'0.0000','0.0000','0.0000','0.0000','0.0000','0.0000','0.0000','2437.0000','0.0000','0.0000','0.0000','0.0000','2019-02-13','ç³»ç»Ÿ','2019-02-13 00:00:01','ç³»ç»Ÿ'),(34,3,'fury','13333333333',1,'1,3,',2,'0.0000','0.0000','0.0000','0.0000','0.0000','0.0000','0.0000','28.0000','0.0000','0.0000','0.0000','0.0000','2019-02-13','ç³»ç»Ÿ','2019-02-13 00:00:01','ç³»ç»Ÿ'),(35,2,'a1','111',1,'1,2,',2,'0.0000','0.0000','0.0000','0.0000','0.0000','0.0000','0.0000','2277.0000','0.0000','0.0000','0.0000','0.0000','2019-02-14','ç³»ç»Ÿ','2019-02-14 00:00:01','ç³»ç»Ÿ'),(36,3,'fury','13333333333',1,'1,3,',2,'0.0000','0.0000','0.0000','0.0000','0.0000','0.0000','0.0000','28.0000','0.0000','0.0000','0.0000','0.0000','2019-02-14','ç³»ç»Ÿ','2019-02-14 00:00:00','ç³»ç»Ÿ'),(37,2,'a1','111',1,'1,2,',2,'0.0000','0.0000','0.0000','0.0000','0.0000','0.0000','0.0000','1957.0000','0.0000','0.0000','0.0000','0.0000','2019-02-15','ç³»ç»Ÿ','2019-02-15 00:00:00','ç³»ç»Ÿ'),(38,2,'a1','111',1,'1,2,',2,'0.0000','0.0000','0.0000','0.0000','0.0000','0.0000','0.0000','1480.0000','0.0000','0.0000','0.0000','0.0000','2019-02-16','ç³»ç»Ÿ','2019-02-16 00:00:00','ç³»ç»Ÿ');

/*Table structure for table `b_special_record` */

DROP TABLE IF EXISTS `b_special_record`;

CREATE TABLE `b_special_record` (
  `id` bigint(20) NOT NULL AUTO_INCREMENT COMMENT 'æ´¾å‘ä¸»é”®ID',
  `userId` bigint(20) DEFAULT NULL COMMENT 'ç”¨æˆ·ID',
  `userName` varchar(50) DEFAULT NULL COMMENT 'ç”¨æˆ·åç§°',
  `userMobile` varchar(50) DEFAULT NULL COMMENT 'ç™»å½•è´¦å·',
  `userLevel` int(11) DEFAULT NULL COMMENT 'ç”¨æˆ·çº§åˆ«',
  `parentId` bigint(20) DEFAULT NULL COMMENT 'çˆ¶çº§ID',
  `groupUserIds` varchar(3000) DEFAULT NULL COMMENT 'ç”¨æˆ·ç»„ID',
  `money` decimal(15,4) DEFAULT '0.0000' COMMENT 'å‘æ”¾é‡‘é¢',
  `totalsNum` int(11) DEFAULT NULL COMMENT 'è¾¾æ ‡æ€»äººæ•°',
  `recommendNum` int(11) DEFAULT NULL COMMENT 'ç´¯è®¡æ¨èäººæ•°',
  `teamNum` int(11) DEFAULT NULL COMMENT 'å›¢é˜Ÿäººæ•°',
  `teamAchievement` decimal(15,4) DEFAULT '0.0000' COMMENT 'ç´¯è®¡å›¢é˜Ÿä¸šç»©',
  `isGrant` int(1) DEFAULT '0' COMMENT 'æ˜¯å¦å‘æ”¾[0:æœªå‘æ”¾,1:å·²å‘æ”¾]',
  `generateTime` date DEFAULT NULL COMMENT 'ç”Ÿæˆæ—¥æœŸ',
  `createTime` datetime DEFAULT NULL COMMENT 'åˆ›å»ºæ—¶é—´',
  `grantTime` datetime DEFAULT NULL COMMENT 'å‘æ”¾æ—¶é—´',
  `updateTime` datetime DEFAULT NULL COMMENT 'ä¿®æ”¹æ—¶é—´',
  `updateUser` varchar(50) DEFAULT NULL COMMENT 'ä¿®æ”¹è€…',
  PRIMARY KEY (`id`)
) ENGINE=InnoDB DEFAULT CHARSET=utf8 COMMENT='ç‰¹åˆ«è´¡çŒ®å¥–æ´¾å‘è®°å½•è¡¨';

/*Data for the table `b_special_record` */

/*Table structure for table `b_teamleader_record` */

DROP TABLE IF EXISTS `b_teamleader_record`;

CREATE TABLE `b_teamleader_record` (
  `id` bigint(20) NOT NULL AUTO_INCREMENT COMMENT 'æ´¾å‘ä¸»é”®ID',
  `userId` bigint(20) DEFAULT NULL COMMENT 'ç”¨æˆ·ID',
  `userName` varchar(50) DEFAULT NULL COMMENT 'ç”¨æˆ·åç§°',
  `userMobile` varchar(50) DEFAULT NULL COMMENT 'ç™»å½•è´¦å·',
  `userLevel` int(11) DEFAULT NULL COMMENT 'ç”¨æˆ·çº§åˆ«',
  `parentId` bigint(20) DEFAULT NULL COMMENT 'çˆ¶çº§ID',
  `groupUserIds` varchar(3000) DEFAULT NULL COMMENT 'ç”¨æˆ·ç»„ID',
  `money` decimal(15,4) DEFAULT '0.0000' COMMENT 'å‘æ”¾é‡‘é¢',
  `totalsNum` int(11) DEFAULT NULL COMMENT 'è¾¾æ ‡æ€»äººæ•°',
  `recommendNum` int(11) DEFAULT NULL COMMENT 'å½“æ—¥æ¨èäººæ•°',
  `achievement` decimal(15,4) DEFAULT '0.0000' COMMENT 'å½“æ—¥ä¸šç»©',
  `isGrant` int(1) DEFAULT '0' COMMENT 'æ˜¯å¦å‘æ”¾[0:æœªå‘æ”¾,1:å·²å‘æ”¾]',
  `generateTime` date DEFAULT NULL COMMENT 'ç”Ÿæˆæ—¥æœŸ',
  `createTime` datetime DEFAULT NULL COMMENT 'åˆ›å»ºæ—¶é—´',
  `grantTime` datetime DEFAULT NULL COMMENT 'å‘æ”¾æ—¶é—´',
  `updateTime` datetime DEFAULT NULL COMMENT 'ä¿®æ”¹æ—¶é—´',
  `updateUser` varchar(50) DEFAULT NULL COMMENT 'ä¿®æ”¹è€…',
  PRIMARY KEY (`id`)
) ENGINE=InnoDB DEFAULT CHARSET=utf8 COMMENT='å›¢é˜Ÿé¢†å¯¼å¥–æ´¾å‘è®°å½•è¡¨';

/*Data for the table `b_teamleader_record` */

/*Table structure for table `b_welfare` */

DROP TABLE IF EXISTS `b_welfare`;

CREATE TABLE `b_welfare` (
  `welfareId` bigint(20) NOT NULL AUTO_INCREMENT COMMENT 'ç¦åˆ©ç±»å‹ä¸»é”®ID',
  `welfareKey` varchar(100) DEFAULT NULL COMMENT 'ç¦åˆ©ç±»å‹,keyå­˜åœ¨configè¡¨',
  `welfareName` varchar(100) DEFAULT NULL COMMENT 'ç¦åˆ©åç§°',
  `welfareValue` varchar(500) DEFAULT NULL COMMENT 'è¾¾æ ‡è¦æ±‚,é€—å·éš”å¼€ã€‚',
  `bonusPool` decimal(15,4) DEFAULT NULL COMMENT 'å¥–é‡‘æ± ,ä¸ºç©ºæ—¶å–è®¢å•æ€»é‡‘é¢',
  `percent` decimal(4,2) DEFAULT NULL COMMENT 'è¯„åˆ†æ€»ä¸šç»©çš„ç™¾åˆ†æ¯”æ•°,å¡«0.01å³ä¸º1%',
  `status` int(1) DEFAULT NULL COMMENT 'çŠ¶æ€[0:å¯ç”¨,1åœç”¨]',
  `createTime` datetime DEFAULT NULL COMMENT 'åˆ›å»ºæ—¶é—´',
  `createUser` varchar(50) DEFAULT NULL COMMENT 'åˆ›å»ºè€…',
  `updateTime` datetime DEFAULT NULL COMMENT 'ä¿®æ”¹æ—¶é—´',
  `updateUser` varchar(50) DEFAULT NULL COMMENT 'ä¿®æ”¹è€…',
  `remark` varchar(200) DEFAULT NULL COMMENT 'å¤‡æ³¨',
  PRIMARY KEY (`welfareId`)
) ENGINE=InnoDB AUTO_INCREMENT=5 DEFAULT CHARSET=utf8 COMMENT='ç¦åˆ©ç±»å‹è¡¨';

/*Data for the table `b_welfare` */

insert  into `b_welfare`(`welfareId`,`welfareKey`,`welfareName`,`welfareValue`,`bonusPool`,`percent`,`status`,`createTime`,`createUser`,`updateTime`,`updateUser`,`remark`) values (1,'GLOBAL_BONUS_KEY','å…¨çƒåˆ†çº¢','3','0.0000','0.02',1,'2019-01-22 15:21:37','admin','2019-01-22 15:21:37','admin','æ¯æ—¥ç›´æ¨3äºº'),(2,'GLOBAL_BONUS_KEY','å…¨çƒåˆ†çº¢','6','0.0000','0.04',1,'2019-01-22 15:21:37','admin','2019-01-22 15:21:37','admin','æ¯æ—¥ç›´æ¨6äºº'),(3,'TEAM_LEADERSHIP_AWARD_KEY','å›¢é˜Ÿé¢†å¯¼å¥–','5,3000','0.0000','0.04',1,'2019-01-22 15:21:37','admin','2019-01-22 15:21:37','admin','å½“æ—¥ç›´æ¨5äºº,å½“æ—¥ä¸šç»©è¾¾3000'),(4,'SPECIAL_CONTRIBUTION_AWARD_KEY','ç‰¹åˆ«è´¡çŒ®å¥–','35,70,18888','0.0000','0.03',1,'2019-01-22 15:21:37','admin','2019-01-22 15:21:37','admin','ç´¯è®¡ç›´æ¨æœ‰æ•ˆä¼šå‘˜35äºº,å›¢é˜Ÿäººæ•°70,ç´¯è®¡å›¢é˜Ÿä¸šç»©18888');

/*Table structure for table `s_config` */

DROP TABLE IF EXISTS `s_config`;

CREATE TABLE `s_config` (
  `configId` bigint(20) NOT NULL AUTO_INCREMENT COMMENT 'é…ç½®ä¸»é”®ID',
  `configKey` varchar(200) DEFAULT NULL COMMENT 'é…ç½®é”®',
  `configVal` varchar(3000) DEFAULT NULL COMMENT 'é…ç½®å€¼',
  `configName` varchar(200) DEFAULT NULL COMMENT 'é…ç½®åç§°',
  `configType` varchar(200) DEFAULT NULL COMMENT 'é…ç½®ç±»å‹',
  `configStatus` int(1) DEFAULT '1' COMMENT 'é…ç½®å¼€å…³[0:å…³é—­,1:å¼€å¯]',
  `createTime` datetime DEFAULT NULL COMMENT 'åˆ›å»ºæ—¥æœŸ',
  `createUser` varchar(50) DEFAULT NULL COMMENT 'åˆ›å»ºè€…',
  `updateTime` datetime DEFAULT NULL COMMENT 'ä¿®æ”¹æ—¥æœŸ',
  `updateUser` varchar(50) DEFAULT NULL COMMENT 'ä¿®æ”¹è€…',
  `remark` varchar(255) DEFAULT NULL COMMENT 'å¤‡æ³¨ä¿¡æ¯',
  PRIMARY KEY (`configId`)
) ENGINE=InnoDB AUTO_INCREMENT=22 DEFAULT CHARSET=utf8 COMMENT='å¸¸é‡é…ç½®è¡¨';

/*Data for the table `s_config` */

insert  into `s_config`(`configId`,`configKey`,`configVal`,`configName`,`configType`,`configStatus`,`createTime`,`createUser`,`updateTime`,`updateUser`,`remark`) values (1,'WITHDRAW_TIME_RANGE_KEY','-1','æç°æ—¶é—´æ®µ','withdraw',1,'2019-01-07 17:50:00','fury',NULL,NULL,'æç°æ—¶é—´æ®µ,-1ä¸é™åˆ¶[00:00,23:59]'),(2,'WITHDRAW_MIN_KEY','-1','æœ€å°æç°é¢','withdraw',1,'2019-01-07 17:50:00','fury',NULL,NULL,'æœ€å°æç°é¢,-1ä¸é™åˆ¶'),(3,'WITHDRAW_MAX_KEY','-1','æœ€å¤§æç°é¢','withdraw',1,'2019-01-07 17:50:00','fury',NULL,NULL,'æœ€å¤§æç°é¢,-1ä¸é™åˆ¶'),(4,'WITHDRAW_FEE_KEY','0.05','æç°æ‰‹ç»­è´¹','withdraw',1,'2019-01-07 17:50:00','fury','2019-01-27 00:15:37','admin','æç°æ‰‹ç»­è´¹,-1ä¸é™åˆ¶,å¦‚å¡«0.01ä¸ºç™¾åˆ†ä¹‹1'),(5,'WITHDRAW_SWITCH_KEY','1','æç°å¼€å…³','withdraw',1,'2019-01-07 17:50:00','fury',NULL,NULL,'æç°å¼€å…³[0:å…³,1:å¼€],å…³é—­ä¹‹åç”¨æˆ·æ— æ³•æç°'),(6,'RECHARGE_TIME_RANGE_KEY','-1','å……å€¼æ—¶é—´æ®µ','recharge',1,'2019-01-07 17:50:00','fury',NULL,NULL,'å……å€¼æ—¶é—´æ®µ,-1ä¸é™åˆ¶[00:00,23:59]'),(7,'RECHARGE_FEE_KEY','-1','å……å€¼æ‰‹ç»­è´¹','recharge',1,'2019-01-07 17:50:00','fury','2019-01-27 00:15:25','admin','å……å€¼æ‰‹ç»­è´¹,-1æ— æ‰‹ç»­è´¹,å¦‚å¡«0.01ä¸ºç™¾åˆ†ä¹‹1'),(8,'RECHARGE_SWITCH_KEY','1','å……å€¼å¼€å…³','recharge',1,'2019-01-07 17:50:00','fury',NULL,NULL,'å……å€¼å¼€å…³[0:å…³,1:å¼€],å…³é—­ä¹‹åç”¨æˆ·æ— æ³•å……å€¼'),(9,'CLOUD_STORAGE_CONFIG_KEY','{\"type\":1,\"qiniuDomain\":\"http://7xlij2.com1.z0.glb.clouddn.com\",\"qiniuPrefix\":\"upload\",\"qiniuAccessKey\":\"NrgMfABZxWLo5B-YYSjoE8-AZ1EISdi1Z3ubLOeZ\",\"qiniuSecretKey\":\"uIwJHevMRWU0VLxFvgy0tAcOdGqasdtVlJk','äº‘å­˜å‚¨é…ç½®','system',1,'2019-01-07 17:50:00','fury',NULL,NULL,'äº‘å­˜å‚¨é…ç½®ä¿¡æ¯,ä¿å­˜jsonæ ¼å¼'),(10,'GLOBAL_BONUS_KEY','1','å…¨çƒåˆ†çº¢å¼€å…³','welfare',1,'2019-01-07 17:50:00','fury',NULL,NULL,'å…¨çƒåˆ†çº¢è‡ªåŠ¨æ´¾å‘å¼€å…³[0:å…³,1:å¼€],å¼€å¯åå°†è‡ªåŠ¨æ´¾å‘ç¦åˆ©'),(11,'TEAM_LEADERSHIP_AWARD_KEY','1','å›¢é˜Ÿé¢†å¯¼å¥–å¼€å…³','welfare',1,'2019-01-07 17:50:00','fury','2019-01-22 15:21:25','admin','å›¢é˜Ÿé¢†å¯¼å¥–å¼€å…³[0:å…³,1:å¼€],å¼€å¯åå°†è‡ªåŠ¨æ´¾å‘ç¦åˆ©'),(12,'SPECIAL_CONTRIBUTION_AWARD_KEY','1','ç‰¹åˆ«è´¡çŒ®å¥–å¼€å…³','welfare',1,'2019-01-07 17:50:00','fury',NULL,NULL,'ç‰¹åˆ«è´¡çŒ®å¥–å¼€å…³[0:å…³,1:å¼€],å¼€å¯åå°†è‡ªåŠ¨æ´¾å‘ç¦åˆ©'),(13,'WITHDRAW_COUNT_KEY','-1','æç°æ¬¡æ•°','withdraw',1,'2019-01-07 17:50:00','fury',NULL,NULL,'æç°æ¬¡æ•°,-1ä¸é™åˆ¶'),(14,'RECHARGE_QRCODE_KEY','/home/images/20190126222836.JPG','å……å€¼æ”¶æ¬¾äºŒç»´ç ','recharge',1,'2019-01-07 17:50:00','fury','2019-01-26 22:28:38','admin','å……å€¼äºŒç»´ç æ”¶æ¬¾å›¾ç‰‡'),(15,'SYSTEM_CUSTOMER_SERVICE_IMG_KEY','/home/images/20190126222726.JPG','å®¢æœäºŒç»´ç å›¾ç‰‡','system',1,'2019-01-07 17:50:00','fury','2019-01-26 22:27:28','admin','å®¢æœäºŒç»´ç å›¾ç‰‡'),(16,'SYSTEM_COMPANY_INTRODUCE_KEY','<p>å…¬å¸ä»‹ç»</p><p><img src=\"http://120.78.138.125:38887/admin/readImg?path=/home/images/20190126222743.JPG\" alt=\"/home/images/20190126222743.JPG\"><br></p>','å…¬å¸ä»‹ç»','system',1,'2019-01-07 17:50:00','fury','2019-01-26 22:27:46','admin','å…¬å¸ä»‹ç»'),(17,'WELFARE_SWITCH_DAILY_KEY','1','å¤©è¿”ç¦åˆ©å¼€å…³','welfare',1,'2019-01-07 17:50:00',NULL,NULL,NULL,'å¤©è¿”ç¦åˆ©å¼€å…³[0:å…³,1:å¼€],å¼€å¯åå°†å®šæ—¶è¿”åˆ©'),(18,'WELFARE_SWITCH_HOUR_KEY','1','æ—¶è¿”ç¦åˆ©å¼€å…³','welfare',1,'2019-01-07 17:50:00',NULL,NULL,NULL,'æ—¶è¿”ç¦åˆ©å¼€å…³[0:å…³,1:å¼€],å¼€å¯åå°†å®šæ—¶è¿”åˆ©'),(19,'SYSTEM_SPREAD_DOMAIN_KEY','http://120.78.138.125:38888','æ¨å¹¿åŸŸå','system',1,'2019-01-07 17:50:00',NULL,'2019-02-01 10:53:02','admin','æ¨å¹¿åŸŸå'),(20,'SYSTEM_REGISTER_DOMAIN_KEY','http://120.78.138.125:38080/#/register','æ³¨å†ŒåŸŸå','system',1,'2019-01-07 17:50:00','fury','2019-01-31 10:25:00','fury','æ³¨å†ŒåŸŸå'),(21,'SYSTEM_MANAGE_DOMAIN_KEY','http://120.78.138.125:38887/admin/','åå°ç®¡ç†ç³»ç»ŸåŸŸå','system',1,'2019-01-07 17:50:00','fury','2019-01-26 22:28:38','admin','åå°ç®¡ç†ç³»ç»ŸåŸŸå');

/*Table structure for table `s_log` */

DROP TABLE IF EXISTS `s_log`;

CREATE TABLE `s_log` (
  `logId` bigint(20) NOT NULL AUTO_INCREMENT,
  `userName` varchar(100) DEFAULT NULL COMMENT 'ç”¨æˆ·å',
  `operation` varchar(100) DEFAULT NULL COMMENT 'ç”¨æˆ·æ“ä½œ',
  `method` varchar(200) DEFAULT NULL COMMENT 'è¯·æ±‚æ–¹æ³•',
  `params` varchar(5000) DEFAULT NULL COMMENT 'è¯·æ±‚å‚æ•°',
  `time` bigint(20) DEFAULT NULL COMMENT 'æ‰§è¡Œæ—¶é•¿(æ¯«ç§’)',
  `ip` varchar(64) DEFAULT NULL COMMENT 'IPåœ°å€',
  `sources` int(1) DEFAULT NULL COMMENT 'æ¥æº,0:app,1:åå°',
  `createTime` datetime DEFAULT NULL COMMENT 'åˆ›å»ºæ—¶é—´',
  PRIMARY KEY (`logId`)
) ENGINE=InnoDB AUTO_INCREMENT=420 DEFAULT CHARSET=utf8 COMMENT='ç³»ç»Ÿæ—¥å¿—';

/*Data for the table `s_log` */

insert  into `s_log`(`logId`,`userName`,`operation`,`method`,`params`,`time`,`ip`,`sources`,`createTime`) values (1,'admin','æ–°å¢å•†å“','io.frame.modules.happytrip.controller.ProductController.save()','{\"productName\":\"æ¯”äºšè¿ªF3\",\"productTypeId\":1,\"saleMoney\":9.98,\"saleQuantity\":1000,\"rebateMoney\":1,\"rebatePeriods\":15,\"rebateTotals\":15,\"purchaseRestriction\":-1,\"startRebateTime\":-1,\"status\":0,\"productImgurl\":\"/home/images/20190126215838.JPG\",\"sort\":1,\"remark\":\"æ¯”äºšè¿ªF3\",\"createTime\":\"Jan 26, 2019 9:58:45 PM\",\"createUser\":\"admin\",\"map\":{}}',13,'14.155.159.102',1,'2019-01-26 21:58:45'),(2,'admin','æ–°å¢å•†å“','io.frame.modules.happytrip.controller.ProductController.save()','{\"productName\":\"ä¸°ç”°å¡ç½—æ‹‰\",\"productTypeId\":1,\"saleMoney\":99.8,\"saleQuantity\":1000,\"rebateMoney\":9,\"rebatePeriods\":15,\"rebateTotals\":135,\"purchaseRestriction\":-1,\"startRebateTime\":-1,\"status\":0,\"productImgurl\":\"/home/images/20190126220002.JPG\",\"sort\":2,\"remark\":\"ä¸°ç”°å¡ç½—æ‹‰\",\"createTime\":\"Jan 26, 2019 10:00:08 PM\",\"createUser\":\"admin\",\"map\":{}}',14,'14.155.159.102',1,'2019-01-26 22:00:08'),(3,'admin','æ–°å¢å•†å“','io.frame.modules.happytrip.controller.ProductController.save()','{\"productName\":\"å¤§ä¼—å¸•è¨ç‰¹\",\"productTypeId\":1,\"saleMoney\":599.8,\"saleQuantity\":1000,\"rebateMoney\":57,\"rebatePeriods\":16,\"rebateTotals\":912,\"purchaseRestriction\":-1,\"startRebateTime\":-1,\"status\":0,\"productImgurl\":\"/home/images/20190126220113.JPG\",\"sort\":3,\"remark\":\"å¤§ä¼—å¸•è¨ç‰¹\",\"createTime\":\"Jan 26, 2019 10:01:25 PM\",\"createUser\":\"admin\",\"map\":{}}',12,'14.155.159.102',1,'2019-01-26 22:01:26'),(4,'admin','æ–°å¢å•†å“','io.frame.modules.happytrip.controller.ProductController.save()','{\"productName\":\"å¥¥è¿ªA6L\",\"productTypeId\":1,\"saleMoney\":1599.8,\"saleQuantity\":10000,\"rebateMoney\":160,\"rebatePeriods\":17,\"rebateTotals\":2720,\"purchaseRestriction\":-1,\"startRebateTime\":-1,\"status\":0,\"productImgurl\":\"/home/images/20190126220221.JPG\",\"sort\":4,\"remark\":\"å¥¥è¿ªA6L\",\"createTime\":\"Jan 26, 2019 10:02:27 PM\",\"createUser\":\"admin\",\"map\":{}}',32,'14.155.159.102',1,'2019-01-26 22:02:27'),(5,'admin','æ–°å¢å•†å“','io.frame.modules.happytrip.controller.ProductController.save()','{\"productName\":\"å®é©¬X5\",\"productTypeId\":1,\"saleMoney\":2999.8,\"saleQuantity\":1000,\"rebateMoney\":300,\"rebatePeriods\":18,\"rebateTotals\":5400,\"purchaseRestriction\":-1,\"startRebateTime\":-1,\"status\":0,\"productImgurl\":\"/home/images/20190126220321.JPG\",\"sort\":5,\"remark\":\"å®é©¬X5\",\"createTime\":\"Jan 26, 2019 10:03:27 PM\",\"createUser\":\"admin\",\"map\":{}}',21,'14.155.159.102',1,'2019-01-26 22:03:27'),(6,'admin','æ–°å¢å•†å“','io.frame.modules.happytrip.controller.ProductController.save()','{\"productName\":\"å¥”é©°Sçº§\",\"productTypeId\":1,\"saleMoney\":4599.8,\"saleQuantity\":1000,\"rebateMoney\":475,\"rebatePeriods\":19,\"rebateTotals\":9025,\"purchaseRestriction\":-1,\"startRebateTime\":-1,\"status\":0,\"productImgurl\":\"/home/images/20190126220355.JPG\",\"sort\":6,\"remark\":\"å¥”é©°Sçº§\",\"createTime\":\"Jan 26, 2019 10:04:17 PM\",\"createUser\":\"admin\",\"map\":{}}',19,'14.155.159.102',1,'2019-01-26 22:04:18'),(7,'admin','æ–°å¢å•†å“','io.frame.modules.happytrip.controller.ProductController.save()','{\"productName\":\"ä¿æ—¶æ·911\",\"productTypeId\":1,\"saleMoney\":5999.8,\"saleQuantity\":1000,\"rebateMoney\":630,\"rebatePeriods\":20,\"rebateTotals\":12600,\"purchaseRestriction\":-1,\"startRebateTime\":-1,\"status\":0,\"productImgurl\":\"/home/images/20190126220507.JPG\",\"sort\":7,\"remark\":\"ä¿æ—¶æ·911\",\"createTime\":\"Jan 26, 2019 10:05:12 PM\",\"createUser\":\"admin\",\"map\":{}}',8,'14.155.159.102',1,'2019-01-26 22:05:13'),(8,'admin','æ–°å¢å•†å“','io.frame.modules.happytrip.controller.ProductController.save()','{\"productName\":\"å®¾åˆ©æ…•å°š\",\"productTypeId\":1,\"saleMoney\":7799.8,\"saleQuantity\":1000,\"rebateMoney\":850,\"rebatePeriods\":20,\"rebateTotals\":17000,\"purchaseRestriction\":-1,\"startRebateTime\":-1,\"status\":0,\"productImgurl\":\"/home/images/20190126220529.JPG\",\"sort\":8,\"remark\":\"å®¾åˆ©æ…•å°š\",\"createTime\":\"Jan 26, 2019 10:05:59 PM\",\"createUser\":\"admin\",\"map\":{}}',11,'14.155.159.102',1,'2019-01-26 22:06:00'),(9,'admin','ä¿®æ”¹çŠ¶æ€','io.frame.modules.happytrip.controller.ProductController.status()','8|1|',5,'14.155.159.102',1,'2019-01-26 22:06:03'),(10,'admin','ä¿®æ”¹çŠ¶æ€','io.frame.modules.happytrip.controller.ProductController.status()','7|1|',6,'14.155.159.102',1,'2019-01-26 22:06:05'),(11,'admin','ä¿®æ”¹çŠ¶æ€','io.frame.modules.happytrip.controller.ProductController.status()','6|1|',6,'14.155.159.102',1,'2019-01-26 22:06:06'),(12,'admin','ä¿®æ”¹çŠ¶æ€','io.frame.modules.happytrip.controller.ProductController.status()','5|1|',5,'14.155.159.102',1,'2019-01-26 22:06:08'),(13,'admin','ä¿®æ”¹çŠ¶æ€','io.frame.modules.happytrip.controller.ProductController.status()','4|1|',6,'14.155.159.102',1,'2019-01-26 22:06:10'),(14,'admin','ä¿®æ”¹çŠ¶æ€','io.frame.modules.happytrip.controller.ProductController.status()','3|1|',6,'14.155.159.102',1,'2019-01-26 22:06:14'),(15,'admin','ä¿®æ”¹çŠ¶æ€','io.frame.modules.happytrip.controller.ProductController.status()','2|1|',5,'14.155.159.102',1,'2019-01-26 22:06:16'),(16,'admin','ä¿®æ”¹çŠ¶æ€','io.frame.modules.happytrip.controller.ProductController.status()','1|1|',7,'14.155.159.102',1,'2019-01-26 22:06:17'),(17,'admin','ä¿®æ”¹å®šæ—¶ä»»åŠ¡','io.frame.modules.job.controller.ScheduleJobController.update()','{\"jobId\":7,\"beanName\":\"globalTask\",\"methodName\":\"run\",\"cronExpression\":\"0 0 0 * * ?\",\"status\":0,\"remark\":\"å…¨çƒåˆ†çº¢ç¦åˆ©å¤©è¿”ä»»åŠ¡,æ¯å¤©0ç‚¹è·‘\",\"createTime\":\"Jan 24, 2019 2:55:56 PM\"}',108,'14.155.159.102',1,'2019-01-26 22:08:37'),(18,'admin','ä¿®æ”¹å®šæ—¶ä»»åŠ¡','io.frame.modules.job.controller.ScheduleJobController.update()','{\"jobId\":8,\"beanName\":\"teamLeaderTask\",\"methodName\":\"run\",\"cronExpression\":\"0 0 0 * * ?\",\"status\":0,\"remark\":\"å›¢é˜Ÿé¢†å¯¼å¥–ç¦åˆ©å¤©è¿”ä»»åŠ¡ï¼Œæ¯å¤©0ç‚¹è·‘\",\"createTime\":\"Jan 24, 2019 2:55:56 PM\"}',32,'14.155.159.102',1,'2019-01-26 22:09:11'),(19,'admin','ä¿®æ”¹å®šæ—¶ä»»åŠ¡','io.frame.modules.job.controller.ScheduleJobController.update()','{\"jobId\":9,\"beanName\":\"specialTask\",\"methodName\":\"run\",\"cronExpression\":\"0 0 0 * * ?\",\"status\":0,\"remark\":\"ç‰¹åˆ«è´¡çŒ®å¥–ç¦åˆ©å¤©è¿”ä»»åŠ¡ï¼Œæ¯å¤©0ç‚¹è·‘\",\"createTime\":\"Jan 24, 2019 2:55:56 PM\"}',21,'14.155.159.102',1,'2019-01-26 22:09:28'),(20,'admin','ä¿®æ”¹å®šæ—¶ä»»åŠ¡','io.frame.modules.job.controller.ScheduleJobController.update()','{\"jobId\":3,\"beanName\":\"orderDailyTask\",\"methodName\":\"run\",\"cronExpression\":\"0 0 0 * * ?\",\"status\":0,\"remark\":\"å…±äº«æ±½è½¦ç¦åˆ©å¤©è¿”ä»»åŠ¡ï¼Œæ¯å¤©0ç‚¹è·‘\",\"createTime\":\"Jan 23, 2019 2:55:56 PM\"}',67,'14.155.159.102',1,'2019-01-26 22:09:43'),(21,'admin','ä¿®æ”¹å®šæ—¶ä»»åŠ¡','io.frame.modules.job.controller.ScheduleJobController.update()','{\"jobId\":6,\"beanName\":\"orderHourTask\",\"methodName\":\"run\",\"cronExpression\":\"0 0 * * * ?\",\"status\":0,\"remark\":\"å…¨æ°‘ç¦åˆ©ç¦åˆ©æ—¶è¿”ä»»åŠ¡ï¼Œæ¯1å°æ—¶è·‘ä¸€æ¬¡\",\"createTime\":\"Jan 24, 2019 2:55:56 PM\"}',44,'14.155.159.102',1,'2019-01-26 22:13:19'),(22,'admin','æš‚åœå®šæ—¶ä»»åŠ¡','io.frame.modules.job.controller.ScheduleJobController.pause()','[6]',15,'14.155.159.102',1,'2019-01-26 22:14:52'),(23,'admin','æš‚åœå®šæ—¶ä»»åŠ¡','io.frame.modules.job.controller.ScheduleJobController.pause()','[7]',12,'14.155.159.102',1,'2019-01-26 22:14:56'),(24,'admin','æš‚åœå®šæ—¶ä»»åŠ¡','io.frame.modules.job.controller.ScheduleJobController.pause()','[8]',9,'14.155.159.102',1,'2019-01-26 22:15:00'),(25,'admin','æš‚åœå®šæ—¶ä»»åŠ¡','io.frame.modules.job.controller.ScheduleJobController.pause()','[9]',14,'14.155.159.102',1,'2019-01-26 22:15:03'),(26,'admin','æš‚åœå®šæ—¶ä»»åŠ¡','io.frame.modules.job.controller.ScheduleJobController.pause()','[3]',11,'14.155.159.102',1,'2019-01-26 22:15:07'),(27,'admin','æ¢å¤å®šæ—¶ä»»åŠ¡','io.frame.modules.job.controller.ScheduleJobController.resume()','[6]',17,'14.155.159.102',1,'2019-01-26 22:16:18'),(28,'admin','æ¢å¤å®šæ—¶ä»»åŠ¡','io.frame.modules.job.controller.ScheduleJobController.resume()','[7]',32,'14.155.159.102',1,'2019-01-26 22:16:22'),(29,'admin','æ¢å¤å®šæ—¶ä»»åŠ¡','io.frame.modules.job.controller.ScheduleJobController.resume()','[8,9,3]',28,'14.155.159.102',1,'2019-01-26 22:16:27'),(30,'admin','ä¿®æ”¹å•†å“','io.frame.modules.happytrip.controller.ProductController.update()','{\"productId\":4,\"productName\":\"å¥¥è¿ªA6L\",\"productTypeId\":1,\"saleMoney\":1599.8,\"saleQuantity\":1000,\"saleVolumes\":0,\"rebateMoney\":160,\"rebatePeriods\":17,\"rebateTotals\":2720,\"purchaseRestriction\":-1,\"startRebateTime\":-1,\"status\":1,\"sort\":4,\"remark\":\"å¥¥è¿ªA6L\",\"createUser\":\"admin\",\"updateTime\":\"Jan 26, 2019 10:22:23 PM\",\"updateUser\":\"admin\",\"map\":{\"productTypeName\":\"å…±äº«æ±½è½¦\"}}',5,'14.155.159.102',1,'2019-01-26 22:22:23'),(31,'admin','ä¿®æ”¹é…ç½®','io.frame.modules.sys.controller.SysConfigController.update()','{\"configId\":4,\"configKey\":\"WITHDRAW_FEE_KEY\",\"configVal\":\"5\",\"configName\":\"æç°æ‰‹ç»­è´¹\",\"configType\":\"withdraw\",\"configStatus\":1,\"createTime\":\"Jan 7, 2019 5:50:00 PM\",\"createUser\":\"fury\",\"updateTime\":\"Jan 26, 2019 10:25:49 PM\",\"updateUser\":\"admin\",\"remark\":\"æç°æ‰‹ç»­è´¹,-1ä¸é™åˆ¶,å¦‚å¡«1ä¸ºç™¾åˆ†å­0.01\"}',12,'14.155.159.102',1,'2019-01-26 22:25:49'),(32,'admin','ä¿®æ”¹é…ç½®','io.frame.modules.sys.controller.SysConfigController.update()','{\"configId\":15,\"configKey\":\"SYSTEM_CUSTOMER_SERVICE_IMG_KEY\",\"configVal\":\"/home/images/20190126222726.JPG\",\"configName\":\"å®¢æœäºŒç»´ç å›¾ç‰‡\",\"configType\":\"system\",\"configStatus\":1,\"createTime\":\"Jan 7, 2019 5:50:00 PM\",\"createUser\":\"fury\",\"updateTime\":\"Jan 26, 2019 10:27:27 PM\",\"updateUser\":\"admin\",\"remark\":\"å®¢æœäºŒç»´ç å›¾ç‰‡\"}',5,'14.155.159.102',1,'2019-01-26 22:27:28'),(33,'admin','ä¿®æ”¹å…¬å¸ä»‹ç»','io.frame.modules.sys.controller.SysConfigController.updateCompany()',NULL,23,'14.155.159.102',1,'2019-01-26 22:27:46'),(34,'admin','ä¿®æ”¹é…ç½®','io.frame.modules.sys.controller.SysConfigController.update()','{\"configId\":14,\"configKey\":\"RECHARGE_QRCODE_KEY\",\"configVal\":\"/home/images/20190126222836.JPG\",\"configName\":\"å……å€¼æ”¶æ¬¾äºŒç»´ç \",\"configType\":\"recharge\",\"configStatus\":1,\"createTime\":\"Jan 7, 2019 5:50:00 PM\",\"createUser\":\"fury\",\"updateTime\":\"Jan 26, 2019 10:28:38 PM\",\"updateUser\":\"admin\",\"remark\":\"å……å€¼äºŒç»´ç æ”¶æ¬¾å›¾ç‰‡\"}',13,'14.155.159.102',1,'2019-01-26 22:28:38'),(35,'admin','ä¿®æ”¹é…ç½®','io.frame.modules.sys.controller.SysConfigController.update()','{\"configId\":7,\"configKey\":\"RECHARGE_FEE_KEY\",\"configVal\":\"-1\",\"configName\":\"å……å€¼æ‰‹ç»­è´¹\",\"configType\":\"recharge\",\"configStatus\":1,\"createTime\":\"Jan 7, 2019 5:50:00 PM\",\"createUser\":\"fury\",\"updateTime\":\"Jan 26, 2019 10:29:14 PM\",\"updateUser\":\"admin\",\"remark\":\"å……å€¼æ‰‹ç»­è´¹,-1æ— æ‰‹ç»­è´¹,å¦‚å¡«1ä¸ºç™¾åˆ†ä¹‹1\"}',5,'14.155.159.102',1,'2019-01-26 22:29:14'),(36,'fury','åˆ›å»ºé’±åŒ…','io.frame.modules.happytrip.service.impl.WalletServiceImpl.createWallet()','2|\"fury\"|',2,'61.141.73.108',1,'2019-01-26 23:37:21'),(37,'fury','æ›´æ–°æ¨è','io.frame.modules.happytrip.service.impl.RecommendServiceImpl.upsert()','1|1|null|',13,'61.141.73.108',1,'2019-01-26 23:37:21'),(38,'fury','æ–°å¢ç”¨æˆ·','io.frame.modules.happytrip.controller.UserController.save()','{\"userId\":2,\"userName\":\"a1\",\"userMobile\":\"111\",\"userPass\":\"8d969eef6ecad3c29a3a629280e686cf0c3f5d5a86aff3ca12020c923adc6c92\",\"alipayName\":\"111\",\"alipayMobile\":\"111\",\"userLevel\":2,\"parentId\":1,\"groupUserIds\":\"1,2,\",\"status\":1,\"recommendMobile\":\"18888888888\",\"createTime\":\"Jan 26, 2019 11:37:21 PM\",\"createUser\":\"fury\",\"registerType\":1,\"pageSize\":1000}',42,'61.141.73.108',1,'2019-01-26 23:37:21'),(39,'a1','ç™»å½•æ¥å£','io.frame.service.impl.UserServiceImpl.login()','{\"userMobile\":\"111\",\"userPass\":\"8d969eef6ecad3c29a3a629280e686cf0c3f5d5a86aff3ca12020c923adc6c92\"}',77,'61.141.73.218',0,'2019-01-26 23:38:04'),(40,'fury','äººå·¥å……å€¼','io.frame.modules.happytrip.controller.WalletController.recharge()','{\"userId\":2,\"operatorMoney\":10000,\"remark\":\"111\"}',29,'61.141.73.118',1,'2019-01-26 23:38:58'),(41,'a1','é’±åŒ…æ‰£æ¬¾','io.frame.service.impl.WalletServiceImpl.deduction()','3|9.9800|',4,'61.141.73.118',0,'2019-01-26 23:39:31'),(42,'a1','æ›´æ–°å¸å˜','io.frame.service.impl.WalletChangeServiceImpl.createWalletChange()','2|9.9800|1|\"PURCHASE_CAR_SPACE_KEY\"|',16,'61.141.73.118',0,'2019-01-26 23:39:31'),(43,'a1','æ›´æ–°æ¨è','io.frame.service.impl.RecommendServiceImpl.upsert()','1|null|9.9800|',14,'61.141.73.118',0,'2019-01-26 23:39:31'),(44,'a1','åˆ å‡åº“å­˜','io.frame.service.impl.ProductServiceImpl.reduceStock()','1|1|',4,'61.141.73.118',0,'2019-01-26 23:39:31'),(45,'a1','è´­ä¹°ä¸‹å•','io.frame.service.impl.OrderServiceImpl.payOrder()','2|1|\"PAYMENT_WALLET_KEY\"|',112,'61.141.73.118',0,'2019-01-26 23:39:31'),(46,'a1','é’±åŒ…æ‰£æ¬¾','io.frame.service.impl.WalletServiceImpl.deduction()','3|99.8000|',5,'61.141.73.118',0,'2019-01-26 23:40:55'),(47,'a1','æ›´æ–°å¸å˜','io.frame.service.impl.WalletChangeServiceImpl.createWalletChange()','2|99.8000|2|\"PURCHASE_CAR_SPACE_KEY\"|',20,'61.141.73.118',0,'2019-01-26 23:40:55'),(48,'a1','æ›´æ–°æ¨è','io.frame.service.impl.RecommendServiceImpl.upsert()','1|null|99.8000|',9,'61.141.73.118',0,'2019-01-26 23:40:55'),(49,'a1','åˆ å‡åº“å­˜','io.frame.service.impl.ProductServiceImpl.reduceStock()','2|1|',2,'61.141.73.118',0,'2019-01-26 23:40:55'),(50,'a1','è´­ä¹°ä¸‹å•','io.frame.service.impl.OrderServiceImpl.payOrder()','2|2|\"PAYMENT_WALLET_KEY\"|',105,'61.141.73.118',0,'2019-01-26 23:40:55'),(51,'a1','é’±åŒ…æ‰£æ¬¾','io.frame.service.impl.WalletServiceImpl.deduction()','3|599.8000|',2,'61.141.73.218',0,'2019-01-26 23:41:58'),(52,'a1','æ›´æ–°å¸å˜','io.frame.service.impl.WalletChangeServiceImpl.createWalletChange()','2|599.8000|3|\"PURCHASE_CAR_SPACE_KEY\"|',11,'61.141.73.218',0,'2019-01-26 23:41:58'),(53,'a1','æ›´æ–°æ¨è','io.frame.service.impl.RecommendServiceImpl.upsert()','1|null|599.8000|',9,'61.141.73.218',0,'2019-01-26 23:41:58'),(54,'a1','åˆ å‡åº“å­˜','io.frame.service.impl.ProductServiceImpl.reduceStock()','3|1|',9,'61.141.73.218',0,'2019-01-26 23:41:58'),(55,'a1','è´­ä¹°ä¸‹å•','io.frame.service.impl.OrderServiceImpl.payOrder()','2|3|\"PAYMENT_WALLET_KEY\"|',92,'61.141.73.218',0,'2019-01-26 23:41:58'),(56,'a1','é’±åŒ…æ‰£æ¬¾','io.frame.service.impl.WalletServiceImpl.deduction()','3|1599.8000|',1,'61.141.73.218',0,'2019-01-26 23:42:14'),(57,'a1','æ›´æ–°å¸å˜','io.frame.service.impl.WalletChangeServiceImpl.createWalletChange()','2|1599.8000|4|\"PURCHASE_CAR_SPACE_KEY\"|',5,'61.141.73.218',0,'2019-01-26 23:42:14'),(58,'a1','æ›´æ–°æ¨è','io.frame.service.impl.RecommendServiceImpl.upsert()','1|null|1599.8000|',8,'61.141.73.218',0,'2019-01-26 23:42:14'),(59,'a1','åˆ å‡åº“å­˜','io.frame.service.impl.ProductServiceImpl.reduceStock()','4|1|',2,'61.141.73.218',0,'2019-01-26 23:42:14'),(60,'a1','è´­ä¹°ä¸‹å•','io.frame.service.impl.OrderServiceImpl.payOrder()','2|4|\"PAYMENT_WALLET_KEY\"|',59,'61.141.73.218',0,'2019-01-26 23:42:14'),(61,'a1','é’±åŒ…æ‰£æ¬¾','io.frame.service.impl.WalletServiceImpl.deduction()','3|2999.8000|',3,'61.141.73.108',0,'2019-01-26 23:42:27'),(62,'a1','æ›´æ–°å¸å˜','io.frame.service.impl.WalletChangeServiceImpl.createWalletChange()','2|2999.8000|5|\"PURCHASE_CAR_SPACE_KEY\"|',6,'61.141.73.108',0,'2019-01-26 23:42:27'),(63,'a1','æ›´æ–°æ¨è','io.frame.service.impl.RecommendServiceImpl.upsert()','1|null|2999.8000|',14,'61.141.73.108',0,'2019-01-26 23:42:27'),(64,'a1','åˆ å‡åº“å­˜','io.frame.service.impl.ProductServiceImpl.reduceStock()','5|1|',7,'61.141.73.108',0,'2019-01-26 23:42:27'),(65,'a1','è´­ä¹°ä¸‹å•','io.frame.service.impl.OrderServiceImpl.payOrder()','2|5|\"PAYMENT_WALLET_KEY\"|',103,'61.141.73.108',0,'2019-01-26 23:42:27'),(66,'a1','é’±åŒ…æ‰£æ¬¾','io.frame.service.impl.WalletServiceImpl.deduction()','3|4599.8000|',1,'61.141.73.118',0,'2019-01-26 23:42:39'),(67,'a1','æ›´æ–°å¸å˜','io.frame.service.impl.WalletChangeServiceImpl.createWalletChange()','2|4599.8000|6|\"PURCHASE_CAR_SPACE_KEY\"|',6,'61.141.73.118',0,'2019-01-26 23:42:39'),(68,'a1','æ›´æ–°æ¨è','io.frame.service.impl.RecommendServiceImpl.upsert()','1|null|4599.8000|',3,'61.141.73.118',0,'2019-01-26 23:42:39'),(69,'a1','åˆ å‡åº“å­˜','io.frame.service.impl.ProductServiceImpl.reduceStock()','6|1|',2,'61.141.73.118',0,'2019-01-26 23:42:39'),(70,'a1','è´­ä¹°ä¸‹å•','io.frame.service.impl.OrderServiceImpl.payOrder()','2|6|\"PAYMENT_WALLET_KEY\"|',44,'61.141.73.118',0,'2019-01-26 23:42:39'),(71,'fury','äººå·¥å……å€¼','io.frame.modules.happytrip.controller.WalletController.recharge()','{\"userId\":2,\"operatorMoney\":20000,\"remark\":\"11\"}',76,'61.141.73.218',1,'2019-01-26 23:43:40'),(72,'a1','é’±åŒ…æ‰£æ¬¾','io.frame.service.impl.WalletServiceImpl.deduction()','3|5999.8000|',1,'61.141.73.118',0,'2019-01-26 23:44:04'),(73,'a1','æ›´æ–°å¸å˜','io.frame.service.impl.WalletChangeServiceImpl.createWalletChange()','2|5999.8000|7|\"PURCHASE_CAR_SPACE_KEY\"|',4,'61.141.73.118',0,'2019-01-26 23:44:04'),(74,'a1','æ›´æ–°æ¨è','io.frame.service.impl.RecommendServiceImpl.upsert()','1|null|5999.8000|',3,'61.141.73.118',0,'2019-01-26 23:44:04'),(75,'a1','åˆ å‡åº“å­˜','io.frame.service.impl.ProductServiceImpl.reduceStock()','7|1|',1,'61.141.73.118',0,'2019-01-26 23:44:04'),(76,'a1','è´­ä¹°ä¸‹å•','io.frame.service.impl.OrderServiceImpl.payOrder()','2|7|\"PAYMENT_WALLET_KEY\"|',33,'61.141.73.118',0,'2019-01-26 23:44:04'),(77,'a1','é’±åŒ…æ‰£æ¬¾','io.frame.service.impl.WalletServiceImpl.deduction()','3|7799.8000|',2,'61.141.73.218',0,'2019-01-26 23:44:20'),(78,'a1','æ›´æ–°å¸å˜','io.frame.service.impl.WalletChangeServiceImpl.createWalletChange()','2|7799.8000|8|\"PURCHASE_CAR_SPACE_KEY\"|',14,'61.141.73.218',0,'2019-01-26 23:44:20'),(79,'a1','æ›´æ–°æ¨è','io.frame.service.impl.RecommendServiceImpl.upsert()','1|null|7799.8000|',13,'61.141.73.218',0,'2019-01-26 23:44:20'),(80,'a1','åˆ å‡åº“å­˜','io.frame.service.impl.ProductServiceImpl.reduceStock()','8|1|',1,'61.141.73.218',0,'2019-01-26 23:44:20'),(81,'a1','è´­ä¹°ä¸‹å•','io.frame.service.impl.OrderServiceImpl.payOrder()','2|8|\"PAYMENT_WALLET_KEY\"|',75,'61.141.73.218',0,'2019-01-26 23:44:20'),(82,'a1','å……å€¼ç”³è¯·','io.frame.service.impl.RechargeServiceImpl.rechargeSubmit()','2|10000|',46,'61.141.73.118',0,'2019-01-26 23:50:18'),(83,'a1','å……å€¼ç”³è¯·','io.frame.service.impl.RechargeServiceImpl.rechargeSubmit()','2|10000|',14,'61.141.73.118',0,'2019-01-26 23:55:44'),(84,'a1','é’±åŒ…æ‰£æ¬¾','io.frame.service.impl.WalletServiceImpl.deduction()','2|100|',2,'61.141.73.218',0,'2019-01-26 23:56:47'),(85,'a1','æ›´æ–°å¸å˜','io.frame.service.impl.WalletChangeServiceImpl.createWalletChange()','2|-500|1|\"WITHDRAW_OUT_FEE_KEY\"|',3,'61.141.73.218',0,'2019-01-26 23:56:47'),(86,'a1','æ›´æ–°å¸å˜','io.frame.service.impl.WalletChangeServiceImpl.createWalletChange()','2|-95|1|\"WITHDRAW_OUT_KEY\"|',2,'61.141.73.218',0,'2019-01-26 23:56:47'),(87,'a1','æç°ç”³è¯·','io.frame.service.impl.WithdrawServiceImpl.withdrawSubmit()','2|100|',26,'61.141.73.218',0,'2019-01-26 23:56:47'),(88,'admin','ä¿®æ”¹é…ç½®','io.frame.modules.sys.controller.SysConfigController.update()','{\"configId\":4,\"configKey\":\"WITHDRAW_FEE_KEY\",\"configVal\":\"0.05\",\"configName\":\"æç°æ‰‹ç»­è´¹\",\"configType\":\"withdraw\",\"configStatus\":1,\"createTime\":\"Jan 7, 2019 5:50:00 PM\",\"createUser\":\"fury\",\"updateTime\":\"Jan 27, 2019 12:14:36 AM\",\"updateUser\":\"admin\",\"remark\":\"æç°æ‰‹ç»­è´¹,-1ä¸é™åˆ¶,\"}',7,'113.116.116.195',1,'2019-01-27 00:14:36'),(89,'admin','ä¿®æ”¹é…ç½®','io.frame.modules.sys.controller.SysConfigController.update()','{\"configId\":7,\"configKey\":\"RECHARGE_FEE_KEY\",\"configVal\":\"-1\",\"configName\":\"å……å€¼æ‰‹ç»­è´¹\",\"configType\":\"recharge\",\"configStatus\":1,\"createTime\":\"Jan 7, 2019 5:50:00 PM\",\"createUser\":\"fury\",\"updateTime\":\"Jan 27, 2019 12:15:24 AM\",\"updateUser\":\"admin\",\"remark\":\"å……å€¼æ‰‹ç»­è´¹,-1æ— æ‰‹ç»­è´¹,å¦‚å¡«0.01ä¸ºç™¾åˆ†ä¹‹1\"}',9,'113.116.116.195',1,'2019-01-27 00:15:25'),(90,'admin','ä¿®æ”¹é…ç½®','io.frame.modules.sys.controller.SysConfigController.update()','{\"configId\":4,\"configKey\":\"WITHDRAW_FEE_KEY\",\"configVal\":\"0.05\",\"configName\":\"æç°æ‰‹ç»­è´¹\",\"configType\":\"withdraw\",\"configStatus\":1,\"createTime\":\"Jan 7, 2019 5:50:00 PM\",\"createUser\":\"fury\",\"updateTime\":\"Jan 27, 2019 12:15:37 AM\",\"updateUser\":\"admin\",\"remark\":\"æç°æ‰‹ç»­è´¹,-1ä¸é™åˆ¶,å¦‚å¡«0.01ä¸ºç™¾åˆ†ä¹‹1\"}',13,'113.116.116.195',1,'2019-01-27 00:15:37'),(91,'a1','åˆ å‡åº“å­˜','io.frame.service.impl.ProductServiceImpl.reduceStock()','3|1|',1,'61.141.73.118',0,'2019-01-27 00:15:57'),(92,'a1','è´­ä¹°ä¸‹å•','io.frame.service.impl.OrderServiceImpl.payOrder()','2|3|\"PAYMENT_ALIPAY_KEY\"|',27,'61.141.73.118',0,'2019-01-27 00:15:57'),(93,'a1','å……å€¼ç”³è¯·','io.frame.service.impl.RechargeServiceImpl.rechargeSubmit()','2|10000|',8,'61.141.73.108',0,'2019-01-27 00:19:47'),(94,'admin','æç°å›é€€,åŠ é’±','io.frame.modules.happytrip.service.impl.WalletServiceImpl.subtractBack()','{\"userId\":2,\"operatorMoney\":95.0000,\"relationId\":1}|\"WITHDRAW_OUT_BACK_KEY\"|',5,'113.116.116.195',1,'2019-01-27 00:32:55'),(95,'admin','æç°å›é€€,åŠ é’±','io.frame.modules.happytrip.service.impl.WalletServiceImpl.subtractBack()','{\"userId\":2,\"operatorMoney\":500.0000,\"relationId\":1}|\"WITHDRAW_OUT_BACK_FEE_KEY\"|',5,'113.116.116.195',1,'2019-01-27 00:32:55'),(96,'admin','ä¿®æ”¹æç°çŠ¶æ€','io.frame.modules.happytrip.controller.WithdrawController.status()','1|2|',35,'113.116.116.195',1,'2019-01-27 00:32:55'),(97,'admin','ç™»å½•æ¥å£','io.frame.service.impl.UserServiceImpl.login()','{\"userMobile\":\"18888888888\",\"userPass\":\"8c6976e5b5410415bde908bd4dee15dfb167a9c873fc4bb8a81f6f2ab448a918\"}',7,'113.116.49.178',0,'2019-01-27 10:30:05'),(98,'a1','ç™»å½•æ¥å£','io.frame.service.impl.UserServiceImpl.login()','{\"userMobile\":\"111\",\"userPass\":\"8d969eef6ecad3c29a3a629280e686cf0c3f5d5a86aff3ca12020c923adc6c92\"}',445,'0:0:0:0:0:0:0:1',0,'2019-01-27 14:24:43'),(99,'a1','ç™»å½•æ¥å£','io.frame.service.impl.UserServiceImpl.login()','{\"userMobile\":\"111\",\"userPass\":\"8d969eef6ecad3c29a3a629280e686cf0c3f5d5a86aff3ca12020c923adc6c92\"}',904,'113.116.118.188',0,'2019-01-27 16:54:06'),(100,'a1','ä¸Šä¼ å……å€¼è®¢å•å‡­è¯','io.frame.service.impl.RechargeServiceImpl.update()','3|\"/home/credential/recharge/images/3/20190127165425.JPG\"|',98,'113.116.118.188',0,'2019-01-27 16:54:25'),(101,'admin','ä¿®æ”¹å……å€¼çŠ¶æ€','io.frame.modules.happytrip.controller.RechargeController.status()','3|1|',132,'113.116.118.188',1,'2019-01-27 16:55:26'),(102,'admin','ç™»å½•æ¥å£','io.frame.service.impl.UserServiceImpl.login()','{\"userMobile\":\"18888888888\",\"userPass\":\"8c6976e5b5410415bde908bd4dee15dfb167a9c873fc4bb8a81f6f2ab448a918\"}',24,'113.87.89.126',0,'2019-01-28 21:34:21'),(103,'admin','å……å€¼ç”³è¯·','io.frame.service.impl.RechargeServiceImpl.rechargeSubmit()','1|12|',38,'113.87.89.126',0,'2019-01-28 21:57:39'),(104,'admin','å……å€¼ç”³è¯·','io.frame.service.impl.RechargeServiceImpl.rechargeSubmit()','1|1|',13,'113.87.89.126',0,'2019-01-28 21:58:09'),(105,'admin','å……å€¼ç”³è¯·','io.frame.service.impl.RechargeServiceImpl.rechargeSubmit()','1|1|',10,'113.87.89.126',0,'2019-01-28 22:19:01'),(106,'admin','å……å€¼ç”³è¯·','io.frame.service.impl.RechargeServiceImpl.rechargeSubmit()','1|1|',13,'113.87.89.126',0,'2019-01-28 22:20:01'),(107,'admin','ç™»å½•æ¥å£','io.frame.service.impl.UserServiceImpl.login()','{\"userMobile\":\"18888888888\",\"userPass\":\"8c6976e5b5410415bde908bd4dee15dfb167a9c873fc4bb8a81f6f2ab448a918\"}',7,'113.87.89.126',0,'2019-01-28 23:18:33'),(108,'admin','åˆ å‡åº“å­˜','io.frame.service.impl.ProductServiceImpl.reduceStock()','2|1|',5,'113.87.89.126',0,'2019-01-28 23:18:45'),(109,'admin','è´­ä¹°ä¸‹å•','io.frame.service.impl.OrderServiceImpl.payOrder()','1|2|\"PAYMENT_ALIPAY_KEY\"|',47,'113.87.89.126',0,'2019-01-28 23:18:45'),(110,'admin','åˆ å‡åº“å­˜','io.frame.service.impl.ProductServiceImpl.reduceStock()','1|1|',1,'113.87.89.126',0,'2019-01-28 23:20:37'),(111,'admin','è´­ä¹°ä¸‹å•','io.frame.service.impl.OrderServiceImpl.payOrder()','1|1|\"PAYMENT_ALIPAY_KEY\"|',14,'113.87.89.126',0,'2019-01-28 23:20:37'),(112,'a1','ç™»å½•æ¥å£','io.frame.service.impl.UserServiceImpl.login()','{\"userMobile\":\"111\",\"userPass\":\"8d969eef6ecad3c29a3a629280e686cf0c3f5d5a86aff3ca12020c923adc6c92\"}',195,'0:0:0:0:0:0:0:1',0,'2019-01-29 09:54:52'),(113,'a1','ä¸Šä¼ å……å€¼è®¢å•å‡­è¯','io.frame.service.impl.RechargeServiceImpl.update()','2|\"/home/credential/recharge/images/2/20190129095528.jpg\"|',39,'0:0:0:0:0:0:0:1',0,'2019-01-29 09:55:28'),(114,'admin','ç™»å½•æ¥å£','io.frame.service.impl.UserServiceImpl.login()','{\"userMobile\":\"18888888888\",\"userPass\":\"8c6976e5b5410415bde908bd4dee15dfb167a9c873fc4bb8a81f6f2ab448a918\"}',908,'113.116.156.80',0,'2019-01-29 19:35:28'),(115,'admin','ä¸Šä¼ å……å€¼è®¢å•å‡­è¯','io.frame.service.impl.RechargeServiceImpl.update()','7|\"/home/credential/recharge/images/7/20190129234403.png\"|',54,'113.116.156.80',0,'2019-01-29 23:44:03'),(116,'admin','ä¸Šä¼ å……å€¼è®¢å•å‡­è¯','io.frame.service.impl.RechargeServiceImpl.update()','7|\"/home/credential/recharge/images/7/20190129235434.png\"|',18,'113.116.156.80',0,'2019-01-29 23:54:35'),(117,'admin','ä¸Šä¼ å……å€¼è®¢å•å‡­è¯','io.frame.service.impl.RechargeServiceImpl.update()','6|\"/home/credential/recharge/images/6/20190129235751.png\"|',8,'113.116.156.80',0,'2019-01-29 23:57:52'),(118,'admin','ä¸Šä¼ å……å€¼è®¢å•å‡­è¯','io.frame.service.impl.RechargeServiceImpl.update()','4|\"/home/credential/recharge/images/4/20190129235811.png\"|',7,'113.116.156.80',0,'2019-01-29 23:58:12'),(119,'admin','ä¸Šä¼ è®¢å•è½¬è´¦å‡­è¯','io.frame.service.impl.OrderServiceImpl.update()','11|\"/home/credential/order/images/11/20190130000113.png\"|',11,'113.116.156.80',0,'2019-01-30 00:01:13'),(120,'admin','ä¸Šä¼ è®¢å•è½¬è´¦å‡­è¯','io.frame.service.impl.OrderServiceImpl.update()','10|\"/home/credential/order/images/10/20190130000449.png\"|',5,'113.116.156.80',0,'2019-01-30 00:04:50'),(121,'admin','ä¸Šä¼ è®¢å•è½¬è´¦å‡­è¯','io.frame.service.impl.OrderServiceImpl.update()','10|\"/home/credential/order/images/10/20190130002123.png\"|',20,'113.116.156.80',0,'2019-01-30 00:21:23'),(122,'admin','ä¸Šä¼ è®¢å•è½¬è´¦å‡­è¯','io.frame.service.impl.OrderServiceImpl.update()','11|\"/home/credential/order/images/11/20190130002139.png\"|',13,'113.116.156.80',0,'2019-01-30 00:21:39'),(123,'admin','ä¸Šä¼ è®¢å•è½¬è´¦å‡­è¯','io.frame.service.impl.OrderServiceImpl.update()','10|\"/home/credential/order/images/10/20190130002145.png\"|',3,'113.116.156.80',0,'2019-01-30 00:21:46'),(124,'a1','ç™»å½•æ¥å£','io.frame.service.impl.UserServiceImpl.login()','{\"userMobile\":\"111\",\"userPass\":\"8d969eef6ecad3c29a3a629280e686cf0c3f5d5a86aff3ca12020c923adc6c92\"}',1108,'113.91.151.161',0,'2019-01-30 15:18:43'),(125,'a1','ç™»å½•æ¥å£','io.frame.service.impl.UserServiceImpl.login()','{\"userMobile\":\"111\",\"userPass\":\"8d969eef6ecad3c29a3a629280e686cf0c3f5d5a86aff3ca12020c923adc6c92\"}',23,'113.91.151.161',0,'2019-01-30 15:20:53'),(126,'a1','ç™»å½•æ¥å£','io.frame.service.impl.UserServiceImpl.login()','{\"userMobile\":\"111\",\"userPass\":\"8d969eef6ecad3c29a3a629280e686cf0c3f5d5a86aff3ca12020c923adc6c92\"}',13,'113.91.151.161',0,'2019-01-30 15:29:15'),(127,'admin','ç™»å½•æ¥å£','io.frame.service.impl.UserServiceImpl.login()','{\"userMobile\":\"18888888888\",\"userPass\":\"8c6976e5b5410415bde908bd4dee15dfb167a9c873fc4bb8a81f6f2ab448a918\"}',41,'219.133.170.78',0,'2019-01-30 15:31:48'),(128,'a1','ç™»å½•æ¥å£','io.frame.service.impl.UserServiceImpl.login()','{\"userMobile\":\"111\",\"userPass\":\"8d969eef6ecad3c29a3a629280e686cf0c3f5d5a86aff3ca12020c923adc6c92\"}',8,'113.91.151.161',0,'2019-01-30 15:32:23'),(129,'a1','ç™»å½•æ¥å£','io.frame.service.impl.UserServiceImpl.login()','{\"userMobile\":\"111\",\"userPass\":\"8d969eef6ecad3c29a3a629280e686cf0c3f5d5a86aff3ca12020c923adc6c92\"}',24,'113.91.151.161',0,'2019-01-30 15:37:38'),(130,'a1','ç™»å½•æ¥å£','io.frame.service.impl.UserServiceImpl.login()','{\"userMobile\":\"111\",\"userPass\":\"8d969eef6ecad3c29a3a629280e686cf0c3f5d5a86aff3ca12020c923adc6c92\"}',15,'113.91.151.161',0,'2019-01-30 15:40:33'),(131,'a1','ç™»å½•æ¥å£','io.frame.service.impl.UserServiceImpl.login()','{\"userMobile\":\"111\",\"userPass\":\"8d969eef6ecad3c29a3a629280e686cf0c3f5d5a86aff3ca12020c923adc6c92\"}',192,'113.91.151.161',0,'2019-01-30 15:58:12'),(132,'a1','ç™»å½•æ¥å£','io.frame.service.impl.UserServiceImpl.login()','{\"userMobile\":\"111\",\"userPass\":\"8d969eef6ecad3c29a3a629280e686cf0c3f5d5a86aff3ca12020c923adc6c92\"}',1079,'113.91.151.161',0,'2019-01-30 16:35:53'),(133,'a1','ç™»å½•æ¥å£','io.frame.service.impl.UserServiceImpl.login()','{\"userMobile\":\"111\",\"userPass\":\"8d969eef6ecad3c29a3a629280e686cf0c3f5d5a86aff3ca12020c923adc6c92\"}',584,'113.91.151.161',0,'2019-01-30 17:00:36'),(134,'a1','ç™»å½•æ¥å£','io.frame.service.impl.UserServiceImpl.login()','{\"userMobile\":\"111\",\"userPass\":\"8d969eef6ecad3c29a3a629280e686cf0c3f5d5a86aff3ca12020c923adc6c92\"}',16,'14.155.156.211',0,'2019-01-30 20:06:47'),(135,'a1','ç™»å½•æ¥å£','io.frame.service.impl.UserServiceImpl.login()','{\"userMobile\":\"111\",\"userPass\":\"8d969eef6ecad3c29a3a629280e686cf0c3f5d5a86aff3ca12020c923adc6c92\"}',48,'14.155.156.211',0,'2019-01-30 20:16:35'),(136,'admin','ç™»å½•æ¥å£','io.frame.service.impl.UserServiceImpl.login()','{\"userMobile\":\"18888888888\",\"userPass\":\"8c6976e5b5410415bde908bd4dee15dfb167a9c873fc4bb8a81f6f2ab448a918\"}',27,'113.116.156.80',0,'2019-01-30 20:19:12'),(137,'admin','ç™»å½•æ¥å£','io.frame.service.impl.UserServiceImpl.login()','{\"userMobile\":\"18888888888\",\"userPass\":\"8c6976e5b5410415bde908bd4dee15dfb167a9c873fc4bb8a81f6f2ab448a918\"}',9,'113.116.156.80',0,'2019-01-30 20:21:59'),(138,'admin','ç™»å½•æ¥å£','io.frame.service.impl.UserServiceImpl.login()','{\"userMobile\":\"18888888888\",\"userPass\":\"8c6976e5b5410415bde908bd4dee15dfb167a9c873fc4bb8a81f6f2ab448a918\"}',19,'113.116.156.80',0,'2019-01-30 20:29:05'),(139,'admin','ç™»å‡ºæ¥å£','io.frame.service.impl.TokenServiceImpl.expireToken()','1',2,'113.116.156.80',0,'2019-01-30 20:32:06'),(140,'admin','ç™»å½•æ¥å£','io.frame.service.impl.UserServiceImpl.login()','{\"userMobile\":\"18888888888\",\"userPass\":\"8c6976e5b5410415bde908bd4dee15dfb167a9c873fc4bb8a81f6f2ab448a918\"}',20,'113.116.156.80',0,'2019-01-30 20:46:20'),(141,'a1','ç™»å½•æ¥å£','io.frame.service.impl.UserServiceImpl.login()','{\"userMobile\":\"111\",\"userPass\":\"8d969eef6ecad3c29a3a629280e686cf0c3f5d5a86aff3ca12020c923adc6c92\"}',9,'14.155.156.211',0,'2019-01-30 20:55:58'),(142,'admin','ç™»å½•æ¥å£','io.frame.service.impl.UserServiceImpl.login()','{\"userMobile\":\"18888888888\",\"userPass\":\"8c6976e5b5410415bde908bd4dee15dfb167a9c873fc4bb8a81f6f2ab448a918\"}',8,'113.116.156.80',0,'2019-01-30 20:57:00'),(143,'admin','ç™»å‡ºæ¥å£','io.frame.service.impl.TokenServiceImpl.expireToken()','1',1,'113.116.156.80',0,'2019-01-30 20:58:54'),(144,'a1','å……å€¼ç”³è¯·','io.frame.service.impl.RechargeServiceImpl.rechargeSubmit()','2|1|',19,'14.155.156.211',0,'2019-01-30 20:58:58'),(145,'a1','ç™»å½•æ¥å£','io.frame.service.impl.UserServiceImpl.login()','{\"userMobile\":\"111\",\"userPass\":\"8d969eef6ecad3c29a3a629280e686cf0c3f5d5a86aff3ca12020c923adc6c92\"}',7,'113.116.156.80',0,'2019-01-30 20:59:05'),(146,'a1','ä¸Šä¼ è®¢å•è½¬è´¦å‡­è¯','io.frame.service.impl.OrderServiceImpl.update()','9|\"/home/credential/order/images/9/20190130205959.png\"|',20,'113.116.156.80',0,'2019-01-30 21:00:00'),(147,'a1','ä¸Šä¼ å……å€¼è®¢å•å‡­è¯','io.frame.service.impl.RechargeServiceImpl.update()','8|\"/home/credential/recharge/images/8/20190130210017.png\"|',5,'113.116.156.80',0,'2019-01-30 21:00:17'),(148,'a1','ç™»å½•æ¥å£','io.frame.service.impl.UserServiceImpl.login()','{\"userMobile\":\"111\",\"userPass\":\"8d969eef6ecad3c29a3a629280e686cf0c3f5d5a86aff3ca12020c923adc6c92\"}',8,'113.116.156.80',0,'2019-01-30 21:02:32'),(149,'admin','ç™»å½•æ¥å£','io.frame.service.impl.UserServiceImpl.login()','{\"userMobile\":\"18888888888\",\"userPass\":\"8c6976e5b5410415bde908bd4dee15dfb167a9c873fc4bb8a81f6f2ab448a918\"}',16,'14.155.156.211',0,'2019-01-30 21:02:48'),(150,'admin','åˆ å‡åº“å­˜','io.frame.service.impl.ProductServiceImpl.reduceStock()','1|1|',8,'14.155.156.211',0,'2019-01-30 21:03:06'),(151,'admin','è´­ä¹°ä¸‹å•','io.frame.service.impl.OrderServiceImpl.payOrder()','1|1|\"PAYMENT_ALIPAY_KEY\"|',30,'14.155.156.211',0,'2019-01-30 21:03:06'),(152,'admin','åˆ›å»ºé’±åŒ…','io.frame.modules.happytrip.service.impl.WalletServiceImpl.createWallet()','3|\"admin\"|',2,'14.155.156.211',1,'2019-01-30 21:05:15'),(153,'admin','æ›´æ–°æ¨è','io.frame.modules.happytrip.service.impl.RecommendServiceImpl.upsert()','1|1|null|',5,'14.155.156.211',1,'2019-01-30 21:05:15'),(154,'admin','æ–°å¢ç”¨æˆ·','io.frame.modules.happytrip.controller.UserController.save()','{\"userId\":3,\"userName\":\"fury\",\"userMobile\":\"13333333333\",\"userPass\":\"8d969eef6ecad3c29a3a629280e686cf0c3f5d5a86aff3ca12020c923adc6c92\",\"alipayName\":\"fury\",\"alipayMobile\":\"13333333333\",\"userLevel\":2,\"parentId\":1,\"groupUserIds\":\"1,3,\",\"status\":1,\"recommendMobile\":\"18888888888\",\"createTime\":\"Jan 30, 2019 9:05:14 PM\",\"createUser\":\"admin\",\"registerType\":1,\"pageSize\":1000}',35,'14.155.156.211',1,'2019-01-30 21:05:15'),(155,'admin','äººå·¥å……å€¼','io.frame.modules.happytrip.controller.WalletController.recharge()','{\"userId\":3,\"operatorMoney\":10000,\"remark\":\"1\"}',16,'14.155.156.211',1,'2019-01-30 21:05:29'),(156,'a1','é’±åŒ…æ‰£æ¬¾','io.frame.service.impl.WalletServiceImpl.deduction()','3|9.9800|',2,'113.116.156.80',0,'2019-01-30 21:05:30'),(157,'a1','æ›´æ–°å¸å˜','io.frame.service.impl.WalletChangeServiceImpl.createWalletChange()','2|9.9800|13|\"PURCHASE_CAR_SPACE_KEY\"|',4,'113.116.156.80',0,'2019-01-30 21:05:30'),(158,'a1','æ›´æ–°æ¨è','io.frame.service.impl.RecommendServiceImpl.upsert()','1|null|9.9800|',5,'113.116.156.80',0,'2019-01-30 21:05:30'),(159,'a1','åˆ å‡åº“å­˜','io.frame.service.impl.ProductServiceImpl.reduceStock()','1|1|',2,'113.116.156.80',0,'2019-01-30 21:05:30'),(160,'a1','è´­ä¹°ä¸‹å•','io.frame.service.impl.OrderServiceImpl.payOrder()','2|1|\"PAYMENT_WALLET_KEY\"|',52,'113.116.156.80',0,'2019-01-30 21:05:30'),(161,'a1','åˆ å‡åº“å­˜','io.frame.service.impl.ProductServiceImpl.reduceStock()','1|1|',1,'113.116.156.80',0,'2019-01-30 21:05:33'),(162,'a1','è´­ä¹°ä¸‹å•','io.frame.service.impl.OrderServiceImpl.payOrder()','2|1|\"PAYMENT_ALIPAY_KEY\"|',11,'113.116.156.80',0,'2019-01-30 21:05:33'),(163,'admin','ç™»å‡ºæ¥å£','io.frame.service.impl.TokenServiceImpl.expireToken()','1',2,'14.155.156.211',0,'2019-01-30 21:05:37'),(164,'fury','ç™»å½•æ¥å£','io.frame.service.impl.UserServiceImpl.login()','{\"userMobile\":\"13333333333\",\"userPass\":\"8d969eef6ecad3c29a3a629280e686cf0c3f5d5a86aff3ca12020c923adc6c92\"}',13,'14.155.156.211',0,'2019-01-30 21:05:53'),(165,'fury','åˆ å‡åº“å­˜','io.frame.service.impl.ProductServiceImpl.reduceStock()','1|1|',0,'14.155.156.211',0,'2019-01-30 21:06:00'),(166,'fury','è´­ä¹°ä¸‹å•','io.frame.service.impl.OrderServiceImpl.payOrder()','3|1|\"PAYMENT_ALIPAY_KEY\"|',11,'14.155.156.211',0,'2019-01-30 21:06:00'),(167,'a1','åˆ å‡åº“å­˜','io.frame.service.impl.ProductServiceImpl.reduceStock()','1|1|',0,'113.116.156.80',0,'2019-01-30 21:07:29'),(168,'a1','è´­ä¹°ä¸‹å•','io.frame.service.impl.OrderServiceImpl.payOrder()','2|1|\"PAYMENT_ALIPAY_KEY\"|',13,'113.116.156.80',0,'2019-01-30 21:07:29'),(169,'a1','é’±åŒ…æ‰£æ¬¾','io.frame.service.impl.WalletServiceImpl.deduction()','3|9.9800|',1,'113.116.156.80',0,'2019-01-30 21:07:31'),(170,'a1','æ›´æ–°å¸å˜','io.frame.service.impl.WalletChangeServiceImpl.createWalletChange()','2|9.9800|17|\"PURCHASE_CAR_SPACE_KEY\"|',3,'113.116.156.80',0,'2019-01-30 21:07:31'),(171,'a1','æ›´æ–°æ¨è','io.frame.service.impl.RecommendServiceImpl.upsert()','1|null|9.9800|',3,'113.116.156.80',0,'2019-01-30 21:07:31'),(172,'a1','åˆ å‡åº“å­˜','io.frame.service.impl.ProductServiceImpl.reduceStock()','1|1|',1,'113.116.156.80',0,'2019-01-30 21:07:31'),(173,'a1','è´­ä¹°ä¸‹å•','io.frame.service.impl.OrderServiceImpl.payOrder()','2|1|\"PAYMENT_WALLET_KEY\"|',29,'113.116.156.80',0,'2019-01-30 21:07:31'),(174,'a1','é’±åŒ…æ‰£æ¬¾','io.frame.service.impl.WalletServiceImpl.deduction()','3|9.9800|',1,'113.116.156.80',0,'2019-01-30 21:07:33'),(175,'a1','æ›´æ–°å¸å˜','io.frame.service.impl.WalletChangeServiceImpl.createWalletChange()','2|9.9800|18|\"PURCHASE_CAR_SPACE_KEY\"|',4,'113.116.156.80',0,'2019-01-30 21:07:33'),(176,'a1','æ›´æ–°æ¨è','io.frame.service.impl.RecommendServiceImpl.upsert()','1|null|9.9800|',2,'113.116.156.80',0,'2019-01-30 21:07:33'),(177,'a1','åˆ å‡åº“å­˜','io.frame.service.impl.ProductServiceImpl.reduceStock()','1|1|',1,'113.116.156.80',0,'2019-01-30 21:07:33'),(178,'a1','è´­ä¹°ä¸‹å•','io.frame.service.impl.OrderServiceImpl.payOrder()','2|1|\"PAYMENT_WALLET_KEY\"|',32,'113.116.156.80',0,'2019-01-30 21:07:33'),(179,'a1','é’±åŒ…æ‰£æ¬¾','io.frame.service.impl.WalletServiceImpl.deduction()','3|9.9800|',2,'113.116.156.80',0,'2019-01-30 21:07:50'),(180,'a1','æ›´æ–°å¸å˜','io.frame.service.impl.WalletChangeServiceImpl.createWalletChange()','2|9.9800|19|\"PURCHASE_CAR_SPACE_KEY\"|',3,'113.116.156.80',0,'2019-01-30 21:07:50'),(181,'a1','æ›´æ–°æ¨è','io.frame.service.impl.RecommendServiceImpl.upsert()','1|null|9.9800|',14,'113.116.156.80',0,'2019-01-30 21:07:50'),(182,'a1','åˆ å‡åº“å­˜','io.frame.service.impl.ProductServiceImpl.reduceStock()','1|1|',1,'113.116.156.80',0,'2019-01-30 21:07:50'),(183,'a1','è´­ä¹°ä¸‹å•','io.frame.service.impl.OrderServiceImpl.payOrder()','2|1|\"PAYMENT_WALLET_KEY\"|',45,'113.116.156.80',0,'2019-01-30 21:07:50'),(184,'fury','é’±åŒ…æ‰£æ¬¾','io.frame.service.impl.WalletServiceImpl.deduction()','4|9.9800|',1,'14.155.156.211',0,'2019-01-30 21:07:50'),(185,'fury','æ›´æ–°å¸å˜','io.frame.service.impl.WalletChangeServiceImpl.createWalletChange()','3|9.9800|20|\"PURCHASE_CAR_SPACE_KEY\"|',6,'14.155.156.211',0,'2019-01-30 21:07:50'),(186,'fury','æ›´æ–°æ¨è','io.frame.service.impl.RecommendServiceImpl.upsert()','1|null|9.9800|',11,'14.155.156.211',0,'2019-01-30 21:07:50'),(187,'fury','åˆ å‡åº“å­˜','io.frame.service.impl.ProductServiceImpl.reduceStock()','1|1|',1,'14.155.156.211',0,'2019-01-30 21:07:50'),(188,'fury','è´­ä¹°ä¸‹å•','io.frame.service.impl.OrderServiceImpl.payOrder()','3|1|\"PAYMENT_WALLET_KEY\"|',96,'14.155.156.211',0,'2019-01-30 21:07:50'),(189,'a1','é’±åŒ…æ‰£æ¬¾','io.frame.service.impl.WalletServiceImpl.deduction()','3|9.9800|',1,'113.116.156.80',0,'2019-01-30 21:07:55'),(190,'a1','æ›´æ–°å¸å˜','io.frame.service.impl.WalletChangeServiceImpl.createWalletChange()','2|9.9800|21|\"PURCHASE_CAR_SPACE_KEY\"|',2,'113.116.156.80',0,'2019-01-30 21:07:55'),(191,'a1','æ›´æ–°æ¨è','io.frame.service.impl.RecommendServiceImpl.upsert()','1|null|9.9800|',2,'113.116.156.80',0,'2019-01-30 21:07:55'),(192,'a1','åˆ å‡åº“å­˜','io.frame.service.impl.ProductServiceImpl.reduceStock()','1|1|',1,'113.116.156.80',0,'2019-01-30 21:07:55'),(193,'a1','è´­ä¹°ä¸‹å•','io.frame.service.impl.OrderServiceImpl.payOrder()','2|1|\"PAYMENT_WALLET_KEY\"|',25,'113.116.156.80',0,'2019-01-30 21:07:55'),(194,'a1','é’±åŒ…æ‰£æ¬¾','io.frame.service.impl.WalletServiceImpl.deduction()','3|9.9800|',1,'113.116.156.80',0,'2019-01-30 21:07:55'),(195,'a1','æ›´æ–°å¸å˜','io.frame.service.impl.WalletChangeServiceImpl.createWalletChange()','2|9.9800|22|\"PURCHASE_CAR_SPACE_KEY\"|',3,'113.116.156.80',0,'2019-01-30 21:07:55'),(196,'a1','æ›´æ–°æ¨è','io.frame.service.impl.RecommendServiceImpl.upsert()','1|null|9.9800|',2,'113.116.156.80',0,'2019-01-30 21:07:55'),(197,'a1','åˆ å‡åº“å­˜','io.frame.service.impl.ProductServiceImpl.reduceStock()','1|1|',1,'113.116.156.80',0,'2019-01-30 21:07:55'),(198,'a1','è´­ä¹°ä¸‹å•','io.frame.service.impl.OrderServiceImpl.payOrder()','2|1|\"PAYMENT_WALLET_KEY\"|',105,'113.116.156.80',0,'2019-01-30 21:07:55'),(199,'a1','é’±åŒ…æ‰£æ¬¾','io.frame.service.impl.WalletServiceImpl.deduction()','3|9.9800|',2,'113.116.156.80',0,'2019-01-30 21:07:56'),(200,'a1','æ›´æ–°å¸å˜','io.frame.service.impl.WalletChangeServiceImpl.createWalletChange()','2|9.9800|23|\"PURCHASE_CAR_SPACE_KEY\"|',2,'113.116.156.80',0,'2019-01-30 21:07:56'),(201,'a1','æ›´æ–°æ¨è','io.frame.service.impl.RecommendServiceImpl.upsert()','1|null|9.9800|',3,'113.116.156.80',0,'2019-01-30 21:07:56'),(202,'a1','åˆ å‡åº“å­˜','io.frame.service.impl.ProductServiceImpl.reduceStock()','1|1|',1,'113.116.156.80',0,'2019-01-30 21:07:56'),(203,'a1','è´­ä¹°ä¸‹å•','io.frame.service.impl.OrderServiceImpl.payOrder()','2|1|\"PAYMENT_WALLET_KEY\"|',27,'113.116.156.80',0,'2019-01-30 21:07:56'),(204,'a1','é’±åŒ…æ‰£æ¬¾','io.frame.service.impl.WalletServiceImpl.deduction()','3|9.9800|',1,'113.116.156.80',0,'2019-01-30 21:07:56'),(205,'a1','æ›´æ–°å¸å˜','io.frame.service.impl.WalletChangeServiceImpl.createWalletChange()','2|9.9800|24|\"PURCHASE_CAR_SPACE_KEY\"|',2,'113.116.156.80',0,'2019-01-30 21:07:56'),(206,'a1','æ›´æ–°æ¨è','io.frame.service.impl.RecommendServiceImpl.upsert()','1|null|9.9800|',2,'113.116.156.80',0,'2019-01-30 21:07:56'),(207,'a1','åˆ å‡åº“å­˜','io.frame.service.impl.ProductServiceImpl.reduceStock()','1|1|',1,'113.116.156.80',0,'2019-01-30 21:07:56'),(208,'a1','è´­ä¹°ä¸‹å•','io.frame.service.impl.OrderServiceImpl.payOrder()','2|1|\"PAYMENT_WALLET_KEY\"|',23,'113.116.156.80',0,'2019-01-30 21:07:56'),(209,'a1','é’±åŒ…æ‰£æ¬¾','io.frame.service.impl.WalletServiceImpl.deduction()','3|9.9800|',1,'113.116.156.80',0,'2019-01-30 21:07:58'),(210,'a1','æ›´æ–°å¸å˜','io.frame.service.impl.WalletChangeServiceImpl.createWalletChange()','2|9.9800|25|\"PURCHASE_CAR_SPACE_KEY\"|',17,'113.116.156.80',0,'2019-01-30 21:07:58'),(211,'a1','æ›´æ–°æ¨è','io.frame.service.impl.RecommendServiceImpl.upsert()','1|null|9.9800|',24,'113.116.156.80',0,'2019-01-30 21:07:58'),(212,'a1','åˆ å‡åº“å­˜','io.frame.service.impl.ProductServiceImpl.reduceStock()','1|1|',1,'113.116.156.80',0,'2019-01-30 21:07:58'),(213,'a1','è´­ä¹°ä¸‹å•','io.frame.service.impl.OrderServiceImpl.payOrder()','2|1|\"PAYMENT_WALLET_KEY\"|',60,'113.116.156.80',0,'2019-01-30 21:07:58'),(214,'a1','é’±åŒ…æ‰£æ¬¾','io.frame.service.impl.WalletServiceImpl.deduction()','3|9.9800|',4,'113.116.156.80',0,'2019-01-30 21:07:58'),(215,'a1','æ›´æ–°å¸å˜','io.frame.service.impl.WalletChangeServiceImpl.createWalletChange()','2|9.9800|26|\"PURCHASE_CAR_SPACE_KEY\"|',2,'113.116.156.80',0,'2019-01-30 21:07:58'),(216,'a1','æ›´æ–°æ¨è','io.frame.service.impl.RecommendServiceImpl.upsert()','1|null|9.9800|',2,'113.116.156.80',0,'2019-01-30 21:07:58'),(217,'a1','åˆ å‡åº“å­˜','io.frame.service.impl.ProductServiceImpl.reduceStock()','1|1|',1,'113.116.156.80',0,'2019-01-30 21:07:58'),(218,'a1','è´­ä¹°ä¸‹å•','io.frame.service.impl.OrderServiceImpl.payOrder()','2|1|\"PAYMENT_WALLET_KEY\"|',53,'113.116.156.80',0,'2019-01-30 21:07:58'),(219,'a1','åˆ å‡åº“å­˜','io.frame.service.impl.ProductServiceImpl.reduceStock()','1|1|',1,'113.116.156.80',0,'2019-01-30 21:08:16'),(220,'a1','è´­ä¹°ä¸‹å•','io.frame.service.impl.OrderServiceImpl.payOrder()','2|1|\"PAYMENT_ALIPAY_KEY\"|',10,'113.116.156.80',0,'2019-01-30 21:08:16'),(221,'a1','é’±åŒ…æ‰£æ¬¾','io.frame.service.impl.WalletServiceImpl.deduction()','3|9.9800|',1,'113.116.156.80',0,'2019-01-30 21:08:32'),(222,'a1','æ›´æ–°å¸å˜','io.frame.service.impl.WalletChangeServiceImpl.createWalletChange()','2|9.9800|28|\"PURCHASE_CAR_SPACE_KEY\"|',5,'113.116.156.80',0,'2019-01-30 21:08:32'),(223,'a1','æ›´æ–°æ¨è','io.frame.service.impl.RecommendServiceImpl.upsert()','1|null|9.9800|',2,'113.116.156.80',0,'2019-01-30 21:08:32'),(224,'a1','åˆ å‡åº“å­˜','io.frame.service.impl.ProductServiceImpl.reduceStock()','1|1|',5,'113.116.156.80',0,'2019-01-30 21:08:32'),(225,'a1','è´­ä¹°ä¸‹å•','io.frame.service.impl.OrderServiceImpl.payOrder()','2|1|\"PAYMENT_WALLET_KEY\"|',47,'113.116.156.80',0,'2019-01-30 21:08:32'),(226,'a1','åˆ å‡åº“å­˜','io.frame.service.impl.ProductServiceImpl.reduceStock()','1|1|',1,'113.116.156.80',0,'2019-01-30 21:12:19'),(227,'a1','è´­ä¹°ä¸‹å•','io.frame.service.impl.OrderServiceImpl.payOrder()','2|1|\"PAYMENT_ALIPAY_KEY\"|',27,'113.116.156.80',0,'2019-01-30 21:12:19'),(228,'a1','åˆ å‡åº“å­˜','io.frame.service.impl.ProductServiceImpl.reduceStock()','1|1|',1,'113.116.156.80',0,'2019-01-30 21:13:17'),(229,'a1','è´­ä¹°ä¸‹å•','io.frame.service.impl.OrderServiceImpl.payOrder()','2|1|\"PAYMENT_ALIPAY_KEY\"|',26,'113.116.156.80',0,'2019-01-30 21:13:17'),(230,'a1','é’±åŒ…æ‰£æ¬¾','io.frame.service.impl.WalletServiceImpl.deduction()','3|9.9800|',1,'113.116.156.80',0,'2019-01-30 21:13:20'),(231,'a1','æ›´æ–°å¸å˜','io.frame.service.impl.WalletChangeServiceImpl.createWalletChange()','2|9.9800|31|\"PURCHASE_CAR_SPACE_KEY\"|',3,'113.116.156.80',0,'2019-01-30 21:13:20'),(232,'a1','æ›´æ–°æ¨è','io.frame.service.impl.RecommendServiceImpl.upsert()','1|null|9.9800|',5,'113.116.156.80',0,'2019-01-30 21:13:20'),(233,'a1','åˆ å‡åº“å­˜','io.frame.service.impl.ProductServiceImpl.reduceStock()','1|1|',1,'113.116.156.80',0,'2019-01-30 21:13:20'),(234,'a1','è´­ä¹°ä¸‹å•','io.frame.service.impl.OrderServiceImpl.payOrder()','2|1|\"PAYMENT_WALLET_KEY\"|',31,'113.116.156.80',0,'2019-01-30 21:13:20'),(235,'a1','åˆ å‡åº“å­˜','io.frame.service.impl.ProductServiceImpl.reduceStock()','1|1|',1,'113.116.156.80',0,'2019-01-30 21:15:22'),(236,'a1','è´­ä¹°ä¸‹å•','io.frame.service.impl.OrderServiceImpl.payOrder()','2|1|\"PAYMENT_ALIPAY_KEY\"|',10,'113.116.156.80',0,'2019-01-30 21:15:22'),(237,'a1','åˆ å‡åº“å­˜','io.frame.service.impl.ProductServiceImpl.reduceStock()','1|1|',1,'113.116.156.80',0,'2019-01-30 21:15:25'),(238,'a1','è´­ä¹°ä¸‹å•','io.frame.service.impl.OrderServiceImpl.payOrder()','2|1|\"PAYMENT_ALIPAY_KEY\"|',9,'113.116.156.80',0,'2019-01-30 21:15:25'),(239,'a1','åˆ å‡åº“å­˜','io.frame.service.impl.ProductServiceImpl.reduceStock()','1|1|',0,'113.116.156.80',0,'2019-01-30 21:15:40'),(240,'a1','è´­ä¹°ä¸‹å•','io.frame.service.impl.OrderServiceImpl.payOrder()','2|1|\"PAYMENT_ALIPAY_KEY\"|',20,'113.116.156.80',0,'2019-01-30 21:15:40'),(241,'a1','åˆ å‡åº“å­˜','io.frame.service.impl.ProductServiceImpl.reduceStock()','1|1|',1,'113.116.156.80',0,'2019-01-30 21:15:42'),(242,'a1','è´­ä¹°ä¸‹å•','io.frame.service.impl.OrderServiceImpl.payOrder()','2|1|\"PAYMENT_ALIPAY_KEY\"|',19,'113.116.156.80',0,'2019-01-30 21:15:42'),(243,'fury','åˆ å‡åº“å­˜','io.frame.service.impl.ProductServiceImpl.reduceStock()','2|1|',1,'14.155.156.211',0,'2019-01-30 21:18:37'),(244,'fury','è´­ä¹°ä¸‹å•','io.frame.service.impl.OrderServiceImpl.payOrder()','3|2|\"PAYMENT_ALIPAY_KEY\"|',25,'14.155.156.211',0,'2019-01-30 21:18:37'),(245,'fury','åˆ å‡åº“å­˜','io.frame.service.impl.ProductServiceImpl.reduceStock()','2|1|',1,'14.155.156.211',0,'2019-01-30 21:18:41'),(246,'fury','è´­ä¹°ä¸‹å•','io.frame.service.impl.OrderServiceImpl.payOrder()','3|2|\"PAYMENT_ALIPAY_KEY\"|',11,'14.155.156.211',0,'2019-01-30 21:18:41'),(247,'a1','åˆ å‡åº“å­˜','io.frame.service.impl.ProductServiceImpl.reduceStock()','1|1|',1,'113.116.156.80',0,'2019-01-30 21:18:53'),(248,'a1','è´­ä¹°ä¸‹å•','io.frame.service.impl.OrderServiceImpl.payOrder()','2|1|\"PAYMENT_ALIPAY_KEY\"|',9,'113.116.156.80',0,'2019-01-30 21:18:53'),(249,'a1','åˆ å‡åº“å­˜','io.frame.service.impl.ProductServiceImpl.reduceStock()','1|1|',0,'113.116.156.80',0,'2019-01-30 21:18:58'),(250,'a1','è´­ä¹°ä¸‹å•','io.frame.service.impl.OrderServiceImpl.payOrder()','2|1|\"PAYMENT_ALIPAY_KEY\"|',29,'113.116.156.80',0,'2019-01-30 21:18:58'),(251,'a1','é’±åŒ…æ‰£æ¬¾','io.frame.service.impl.WalletServiceImpl.deduction()','3|9.9800|',1,'113.116.156.80',0,'2019-01-30 21:19:00'),(252,'a1','æ›´æ–°å¸å˜','io.frame.service.impl.WalletChangeServiceImpl.createWalletChange()','2|9.9800|40|\"PURCHASE_CAR_SPACE_KEY\"|',3,'113.116.156.80',0,'2019-01-30 21:19:00'),(253,'a1','æ›´æ–°æ¨è','io.frame.service.impl.RecommendServiceImpl.upsert()','1|null|9.9800|',2,'113.116.156.80',0,'2019-01-30 21:19:00'),(254,'a1','åˆ å‡åº“å­˜','io.frame.service.impl.ProductServiceImpl.reduceStock()','1|1|',1,'113.116.156.80',0,'2019-01-30 21:19:00'),(255,'a1','è´­ä¹°ä¸‹å•','io.frame.service.impl.OrderServiceImpl.payOrder()','2|1|\"PAYMENT_WALLET_KEY\"|',34,'113.116.156.80',0,'2019-01-30 21:19:00'),(256,'a1','åˆ å‡åº“å­˜','io.frame.service.impl.ProductServiceImpl.reduceStock()','1|1|',1,'113.116.156.80',0,'2019-01-30 21:19:05'),(257,'a1','è´­ä¹°ä¸‹å•','io.frame.service.impl.OrderServiceImpl.payOrder()','2|1|\"PAYMENT_ALIPAY_KEY\"|',12,'113.116.156.80',0,'2019-01-30 21:19:05'),(258,'fury','åˆ å‡åº“å­˜','io.frame.service.impl.ProductServiceImpl.reduceStock()','2|1|',1,'14.155.156.211',0,'2019-01-30 21:19:05'),(259,'fury','è´­ä¹°ä¸‹å•','io.frame.service.impl.OrderServiceImpl.payOrder()','3|2|\"PAYMENT_ALIPAY_KEY\"|',14,'14.155.156.211',0,'2019-01-30 21:19:05'),(260,'a1','åˆ å‡åº“å­˜','io.frame.service.impl.ProductServiceImpl.reduceStock()','1|1|',1,'113.116.156.80',0,'2019-01-30 21:19:08'),(261,'a1','è´­ä¹°ä¸‹å•','io.frame.service.impl.OrderServiceImpl.payOrder()','2|1|\"PAYMENT_ALIPAY_KEY\"|',10,'113.116.156.80',0,'2019-01-30 21:19:08'),(262,'a1','åˆ å‡åº“å­˜','io.frame.service.impl.ProductServiceImpl.reduceStock()','1|1|',1,'113.116.156.80',0,'2019-01-30 21:19:19'),(263,'a1','è´­ä¹°ä¸‹å•','io.frame.service.impl.OrderServiceImpl.payOrder()','2|1|\"PAYMENT_ALIPAY_KEY\"|',21,'113.116.156.80',0,'2019-01-30 21:19:19'),(264,'a1','åˆ å‡åº“å­˜','io.frame.service.impl.ProductServiceImpl.reduceStock()','1|1|',1,'113.116.156.80',0,'2019-01-30 21:19:21'),(265,'a1','è´­ä¹°ä¸‹å•','io.frame.service.impl.OrderServiceImpl.payOrder()','2|1|\"PAYMENT_ALIPAY_KEY\"|',10,'113.116.156.80',0,'2019-01-30 21:19:21'),(266,'a1','åˆ å‡åº“å­˜','io.frame.service.impl.ProductServiceImpl.reduceStock()','1|1|',5,'113.116.156.80',0,'2019-01-30 21:19:45'),(267,'a1','è´­ä¹°ä¸‹å•','io.frame.service.impl.OrderServiceImpl.payOrder()','2|1|\"PAYMENT_ALIPAY_KEY\"|',32,'113.116.156.80',0,'2019-01-30 21:19:45'),(268,'a1','å……å€¼ç”³è¯·','io.frame.service.impl.RechargeServiceImpl.rechargeSubmit()','2|1|',6,'113.116.156.80',0,'2019-01-30 21:19:53'),(269,'a1','å……å€¼ç”³è¯·','io.frame.service.impl.RechargeServiceImpl.rechargeSubmit()','2|2|',5,'113.116.156.80',0,'2019-01-30 21:19:58'),(270,'a1','åˆ å‡åº“å­˜','io.frame.service.impl.ProductServiceImpl.reduceStock()','1|1|',1,'113.116.156.80',0,'2019-01-30 21:22:40'),(271,'a1','è´­ä¹°ä¸‹å•','io.frame.service.impl.OrderServiceImpl.payOrder()','2|1|\"PAYMENT_ALIPAY_KEY\"|',15,'113.116.156.80',0,'2019-01-30 21:22:40'),(272,'a1','åˆ å‡åº“å­˜','io.frame.service.impl.ProductServiceImpl.reduceStock()','1|1|',1,'113.116.156.80',0,'2019-01-30 21:22:49'),(273,'a1','è´­ä¹°ä¸‹å•','io.frame.service.impl.OrderServiceImpl.payOrder()','2|1|\"PAYMENT_ALIPAY_KEY\"|',11,'113.116.156.80',0,'2019-01-30 21:22:49'),(274,'a1','é’±åŒ…æ‰£æ¬¾','io.frame.service.impl.WalletServiceImpl.deduction()','3|9.9800|',5,'113.116.156.80',0,'2019-01-30 21:22:56'),(275,'a1','æ›´æ–°å¸å˜','io.frame.service.impl.WalletChangeServiceImpl.createWalletChange()','2|9.9800|49|\"PURCHASE_CAR_SPACE_KEY\"|',7,'113.116.156.80',0,'2019-01-30 21:22:56'),(276,'a1','æ›´æ–°æ¨è','io.frame.service.impl.RecommendServiceImpl.upsert()','1|null|9.9800|',9,'113.116.156.80',0,'2019-01-30 21:22:56'),(277,'a1','åˆ å‡åº“å­˜','io.frame.service.impl.ProductServiceImpl.reduceStock()','1|1|',1,'113.116.156.80',0,'2019-01-30 21:22:56'),(278,'a1','è´­ä¹°ä¸‹å•','io.frame.service.impl.OrderServiceImpl.payOrder()','2|1|\"PAYMENT_WALLET_KEY\"|',54,'113.116.156.80',0,'2019-01-30 21:22:56'),(279,'a1','åˆ å‡åº“å­˜','io.frame.service.impl.ProductServiceImpl.reduceStock()','1|1|',1,'113.116.156.80',0,'2019-01-30 21:23:02'),(280,'a1','è´­ä¹°ä¸‹å•','io.frame.service.impl.OrderServiceImpl.payOrder()','2|1|\"PAYMENT_ALIPAY_KEY\"|',9,'113.116.156.80',0,'2019-01-30 21:23:02'),(281,'a1','åˆ å‡åº“å­˜','io.frame.service.impl.ProductServiceImpl.reduceStock()','1|1|',0,'113.116.156.80',0,'2019-01-30 21:23:06'),(282,'a1','è´­ä¹°ä¸‹å•','io.frame.service.impl.OrderServiceImpl.payOrder()','2|1|\"PAYMENT_ALIPAY_KEY\"|',10,'113.116.156.80',0,'2019-01-30 21:23:06'),(283,'a1','é’±åŒ…æ‰£æ¬¾','io.frame.service.impl.WalletServiceImpl.deduction()','3|9.9800|',1,'113.116.156.80',0,'2019-01-30 21:23:10'),(284,'a1','æ›´æ–°å¸å˜','io.frame.service.impl.WalletChangeServiceImpl.createWalletChange()','2|9.9800|52|\"PURCHASE_CAR_SPACE_KEY\"|',2,'113.116.156.80',0,'2019-01-30 21:23:10'),(285,'a1','æ›´æ–°æ¨è','io.frame.service.impl.RecommendServiceImpl.upsert()','1|null|9.9800|',4,'113.116.156.80',0,'2019-01-30 21:23:10'),(286,'a1','åˆ å‡åº“å­˜','io.frame.service.impl.ProductServiceImpl.reduceStock()','1|1|',2,'113.116.156.80',0,'2019-01-30 21:23:10'),(287,'a1','è´­ä¹°ä¸‹å•','io.frame.service.impl.OrderServiceImpl.payOrder()','2|1|\"PAYMENT_WALLET_KEY\"|',38,'113.116.156.80',0,'2019-01-30 21:23:10'),(288,'a1','åˆ å‡åº“å­˜','io.frame.service.impl.ProductServiceImpl.reduceStock()','1|1|',1,'113.116.156.80',0,'2019-01-30 21:23:15'),(289,'a1','è´­ä¹°ä¸‹å•','io.frame.service.impl.OrderServiceImpl.payOrder()','2|1|\"PAYMENT_ALIPAY_KEY\"|',10,'113.116.156.80',0,'2019-01-30 21:23:15'),(290,'a1','åˆ å‡åº“å­˜','io.frame.service.impl.ProductServiceImpl.reduceStock()','1|1|',1,'113.116.156.80',0,'2019-01-30 21:23:19'),(291,'a1','è´­ä¹°ä¸‹å•','io.frame.service.impl.OrderServiceImpl.payOrder()','2|1|\"PAYMENT_ALIPAY_KEY\"|',9,'113.116.156.80',0,'2019-01-30 21:23:19'),(292,'a1','é’±åŒ…æ‰£æ¬¾','io.frame.service.impl.WalletServiceImpl.deduction()','3|9.9800|',7,'113.116.156.80',0,'2019-01-30 21:23:22'),(293,'a1','æ›´æ–°å¸å˜','io.frame.service.impl.WalletChangeServiceImpl.createWalletChange()','2|9.9800|55|\"PURCHASE_CAR_SPACE_KEY\"|',1,'113.116.156.80',0,'2019-01-30 21:23:22'),(294,'a1','æ›´æ–°æ¨è','io.frame.service.impl.RecommendServiceImpl.upsert()','1|null|9.9800|',2,'113.116.156.80',0,'2019-01-30 21:23:22'),(295,'a1','åˆ å‡åº“å­˜','io.frame.service.impl.ProductServiceImpl.reduceStock()','1|1|',1,'113.116.156.80',0,'2019-01-30 21:23:22'),(296,'a1','è´­ä¹°ä¸‹å•','io.frame.service.impl.OrderServiceImpl.payOrder()','2|1|\"PAYMENT_WALLET_KEY\"|',29,'113.116.156.80',0,'2019-01-30 21:23:22'),(297,'a1','åˆ å‡åº“å­˜','io.frame.service.impl.ProductServiceImpl.reduceStock()','1|1|',1,'113.116.156.80',0,'2019-01-30 21:24:31'),(298,'a1','è´­ä¹°ä¸‹å•','io.frame.service.impl.OrderServiceImpl.payOrder()','2|1|\"PAYMENT_ALIPAY_KEY\"|',9,'113.116.156.80',0,'2019-01-30 21:24:32'),(299,'a1','é’±åŒ…æ‰£æ¬¾','io.frame.service.impl.WalletServiceImpl.deduction()','3|9.9800|',1,'113.116.156.80',0,'2019-01-30 21:24:38'),(300,'a1','æ›´æ–°å¸å˜','io.frame.service.impl.WalletChangeServiceImpl.createWalletChange()','2|9.9800|57|\"PURCHASE_CAR_SPACE_KEY\"|',1,'113.116.156.80',0,'2019-01-30 21:24:38'),(301,'a1','æ›´æ–°æ¨è','io.frame.service.impl.RecommendServiceImpl.upsert()','1|null|9.9800|',1,'113.116.156.80',0,'2019-01-30 21:24:38'),(302,'a1','åˆ å‡åº“å­˜','io.frame.service.impl.ProductServiceImpl.reduceStock()','1|1|',1,'113.116.156.80',0,'2019-01-30 21:24:38'),(303,'a1','è´­ä¹°ä¸‹å•','io.frame.service.impl.OrderServiceImpl.payOrder()','2|1|\"PAYMENT_WALLET_KEY\"|',27,'113.116.156.80',0,'2019-01-30 21:24:38'),(304,'a1','åˆ å‡åº“å­˜','io.frame.service.impl.ProductServiceImpl.reduceStock()','1|1|',1,'113.116.156.80',0,'2019-01-30 21:24:55'),(305,'a1','è´­ä¹°ä¸‹å•','io.frame.service.impl.OrderServiceImpl.payOrder()','2|1|\"PAYMENT_ALIPAY_KEY\"|',9,'113.116.156.80',0,'2019-01-30 21:24:55'),(306,'a1','åˆ å‡åº“å­˜','io.frame.service.impl.ProductServiceImpl.reduceStock()','1|1|',1,'113.116.156.80',0,'2019-01-30 21:25:00'),(307,'a1','è´­ä¹°ä¸‹å•','io.frame.service.impl.OrderServiceImpl.payOrder()','2|1|\"PAYMENT_ALIPAY_KEY\"|',8,'113.116.156.80',0,'2019-01-30 21:25:00'),(308,'a1','åˆ å‡åº“å­˜','io.frame.service.impl.ProductServiceImpl.reduceStock()','1|1|',4,'113.116.156.80',0,'2019-01-30 21:25:01'),(309,'a1','è´­ä¹°ä¸‹å•','io.frame.service.impl.OrderServiceImpl.payOrder()','2|1|\"PAYMENT_ALIPAY_KEY\"|',14,'113.116.156.80',0,'2019-01-30 21:25:01'),(310,'a1','åˆ å‡åº“å­˜','io.frame.service.impl.ProductServiceImpl.reduceStock()','1|1|',0,'113.116.156.80',0,'2019-01-30 21:25:01'),(311,'a1','è´­ä¹°ä¸‹å•','io.frame.service.impl.OrderServiceImpl.payOrder()','2|1|\"PAYMENT_ALIPAY_KEY\"|',9,'113.116.156.80',0,'2019-01-30 21:25:01'),(312,'a1','é’±åŒ…æ‰£æ¬¾','io.frame.service.impl.WalletServiceImpl.deduction()','3|9.9800|',1,'113.116.156.80',0,'2019-01-30 21:25:16'),(313,'a1','æ›´æ–°å¸å˜','io.frame.service.impl.WalletChangeServiceImpl.createWalletChange()','2|9.9800|62|\"PURCHASE_CAR_SPACE_KEY\"|',1,'113.116.156.80',0,'2019-01-30 21:25:16'),(314,'a1','æ›´æ–°æ¨è','io.frame.service.impl.RecommendServiceImpl.upsert()','1|null|9.9800|',2,'113.116.156.80',0,'2019-01-30 21:25:17'),(315,'a1','åˆ å‡åº“å­˜','io.frame.service.impl.ProductServiceImpl.reduceStock()','1|1|',2,'113.116.156.80',0,'2019-01-30 21:25:17'),(316,'a1','è´­ä¹°ä¸‹å•','io.frame.service.impl.OrderServiceImpl.payOrder()','2|1|\"PAYMENT_WALLET_KEY\"|',20,'113.116.156.80',0,'2019-01-30 21:25:17'),(317,'a1','é’±åŒ…æ‰£æ¬¾','io.frame.service.impl.WalletServiceImpl.deduction()','3|9.9800|',0,'113.116.156.80',0,'2019-01-30 21:25:22'),(318,'a1','æ›´æ–°å¸å˜','io.frame.service.impl.WalletChangeServiceImpl.createWalletChange()','2|9.9800|63|\"PURCHASE_CAR_SPACE_KEY\"|',2,'113.116.156.80',0,'2019-01-30 21:25:22'),(319,'a1','æ›´æ–°æ¨è','io.frame.service.impl.RecommendServiceImpl.upsert()','1|null|9.9800|',1,'113.116.156.80',0,'2019-01-30 21:25:22'),(320,'a1','åˆ å‡åº“å­˜','io.frame.service.impl.ProductServiceImpl.reduceStock()','1|1|',1,'113.116.156.80',0,'2019-01-30 21:25:22'),(321,'a1','è´­ä¹°ä¸‹å•','io.frame.service.impl.OrderServiceImpl.payOrder()','2|1|\"PAYMENT_WALLET_KEY\"|',21,'113.116.156.80',0,'2019-01-30 21:25:22'),(322,'a1','åˆ å‡åº“å­˜','io.frame.service.impl.ProductServiceImpl.reduceStock()','1|1|',1,'113.116.156.80',0,'2019-01-30 21:25:26'),(323,'a1','è´­ä¹°ä¸‹å•','io.frame.service.impl.OrderServiceImpl.payOrder()','2|1|\"PAYMENT_ALIPAY_KEY\"|',9,'113.116.156.80',0,'2019-01-30 21:25:26'),(324,'a1','é’±åŒ…æ‰£æ¬¾','io.frame.service.impl.WalletServiceImpl.deduction()','3|9.9800|',0,'113.116.156.80',0,'2019-01-30 21:25:29'),(325,'a1','æ›´æ–°å¸å˜','io.frame.service.impl.WalletChangeServiceImpl.createWalletChange()','2|9.9800|65|\"PURCHASE_CAR_SPACE_KEY\"|',2,'113.116.156.80',0,'2019-01-30 21:25:29'),(326,'a1','æ›´æ–°æ¨è','io.frame.service.impl.RecommendServiceImpl.upsert()','1|null|9.9800|',3,'113.116.156.80',0,'2019-01-30 21:25:29'),(327,'a1','åˆ å‡åº“å­˜','io.frame.service.impl.ProductServiceImpl.reduceStock()','1|1|',0,'113.116.156.80',0,'2019-01-30 21:25:29'),(328,'a1','è´­ä¹°ä¸‹å•','io.frame.service.impl.OrderServiceImpl.payOrder()','2|1|\"PAYMENT_WALLET_KEY\"|',21,'113.116.156.80',0,'2019-01-30 21:25:29'),(329,'a1','åˆ å‡åº“å­˜','io.frame.service.impl.ProductServiceImpl.reduceStock()','1|1|',1,'113.116.156.80',0,'2019-01-30 21:25:34'),(330,'a1','è´­ä¹°ä¸‹å•','io.frame.service.impl.OrderServiceImpl.payOrder()','2|1|\"PAYMENT_ALIPAY_KEY\"|',10,'113.116.156.80',0,'2019-01-30 21:25:34'),(331,'a1','åˆ å‡åº“å­˜','io.frame.service.impl.ProductServiceImpl.reduceStock()','1|1|',1,'113.116.156.80',0,'2019-01-30 21:25:36'),(332,'a1','è´­ä¹°ä¸‹å•','io.frame.service.impl.OrderServiceImpl.payOrder()','2|1|\"PAYMENT_ALIPAY_KEY\"|',12,'113.116.156.80',0,'2019-01-30 21:25:36'),(333,'a1','åˆ å‡åº“å­˜','io.frame.service.impl.ProductServiceImpl.reduceStock()','1|1|',1,'113.116.156.80',0,'2019-01-30 21:26:26'),(334,'a1','è´­ä¹°ä¸‹å•','io.frame.service.impl.OrderServiceImpl.payOrder()','2|1|\"PAYMENT_ALIPAY_KEY\"|',35,'113.116.156.80',0,'2019-01-30 21:26:26'),(335,'a1','åˆ å‡åº“å­˜','io.frame.service.impl.ProductServiceImpl.reduceStock()','1|1|',1,'113.116.156.80',0,'2019-01-30 21:26:29'),(336,'a1','è´­ä¹°ä¸‹å•','io.frame.service.impl.OrderServiceImpl.payOrder()','2|1|\"PAYMENT_ALIPAY_KEY\"|',10,'113.116.156.80',0,'2019-01-30 21:26:29'),(337,'a1','åˆ å‡åº“å­˜','io.frame.service.impl.ProductServiceImpl.reduceStock()','1|1|',1,'113.116.156.80',0,'2019-01-30 21:26:32'),(338,'a1','è´­ä¹°ä¸‹å•','io.frame.service.impl.OrderServiceImpl.payOrder()','2|1|\"PAYMENT_ALIPAY_KEY\"|',12,'113.116.156.80',0,'2019-01-30 21:26:32'),(339,'a1','å……å€¼ç”³è¯·','io.frame.service.impl.RechargeServiceImpl.rechargeSubmit()','2|1|',8,'113.116.156.80',0,'2019-01-30 21:26:44'),(340,'a1','åˆ å‡åº“å­˜','io.frame.service.impl.ProductServiceImpl.reduceStock()','1|1|',1,'113.116.156.80',0,'2019-01-30 21:27:06'),(341,'a1','è´­ä¹°ä¸‹å•','io.frame.service.impl.OrderServiceImpl.payOrder()','2|1|\"PAYMENT_ALIPAY_KEY\"|',24,'113.116.156.80',0,'2019-01-30 21:27:06'),(342,'fury','åˆ å‡åº“å­˜','io.frame.service.impl.ProductServiceImpl.reduceStock()','4|1|',1,'14.155.156.211',0,'2019-01-30 21:29:31'),(343,'fury','è´­ä¹°ä¸‹å•','io.frame.service.impl.OrderServiceImpl.payOrder()','3|4|\"PAYMENT_ALIPAY_KEY\"|',10,'14.155.156.211',0,'2019-01-30 21:29:31'),(344,'fury','ç™»å½•æ¥å£','io.frame.service.impl.UserServiceImpl.login()','{\"userMobile\":\"13333333333\",\"userPass\":\"8d969eef6ecad3c29a3a629280e686cf0c3f5d5a86aff3ca12020c923adc6c92\"}',9,'14.155.156.211',0,'2019-01-30 21:44:55'),(345,'fury','é’±åŒ…æ‰£æ¬¾','io.frame.service.impl.WalletServiceImpl.deduction()','4|99.8000|',1,'14.155.156.211',0,'2019-01-30 21:45:08'),(346,'fury','æ›´æ–°å¸å˜','io.frame.service.impl.WalletChangeServiceImpl.createWalletChange()','3|99.8000|73|\"PURCHASE_CAR_SPACE_KEY\"|',2,'14.155.156.211',0,'2019-01-30 21:45:08'),(347,'fury','æ›´æ–°æ¨è','io.frame.service.impl.RecommendServiceImpl.upsert()','1|null|99.8000|',3,'14.155.156.211',0,'2019-01-30 21:45:08'),(348,'fury','åˆ å‡åº“å­˜','io.frame.service.impl.ProductServiceImpl.reduceStock()','2|1|',1,'14.155.156.211',0,'2019-01-30 21:45:08'),(349,'fury','è´­ä¹°ä¸‹å•','io.frame.service.impl.OrderServiceImpl.payOrder()','3|2|\"PAYMENT_WALLET_KEY\"|',22,'14.155.156.211',0,'2019-01-30 21:45:08'),(350,'fury','é’±åŒ…æ‰£æ¬¾','io.frame.service.impl.WalletServiceImpl.deduction()','4|99.8000|',1,'14.155.156.211',0,'2019-01-30 21:45:17'),(351,'fury','æ›´æ–°å¸å˜','io.frame.service.impl.WalletChangeServiceImpl.createWalletChange()','3|99.8000|74|\"PURCHASE_CAR_SPACE_KEY\"|',2,'14.155.156.211',0,'2019-01-30 21:45:17'),(352,'fury','æ›´æ–°æ¨è','io.frame.service.impl.RecommendServiceImpl.upsert()','1|null|99.8000|',2,'14.155.156.211',0,'2019-01-30 21:45:17'),(353,'fury','åˆ å‡åº“å­˜','io.frame.service.impl.ProductServiceImpl.reduceStock()','2|1|',9,'14.155.156.211',0,'2019-01-30 21:45:17'),(354,'fury','è´­ä¹°ä¸‹å•','io.frame.service.impl.OrderServiceImpl.payOrder()','3|2|\"PAYMENT_WALLET_KEY\"|',31,'14.155.156.211',0,'2019-01-30 21:45:17'),(355,'fury','ç™»å½•æ¥å£','io.frame.service.impl.UserServiceImpl.login()','{\"userMobile\":\"13333333333\",\"userPass\":\"8d969eef6ecad3c29a3a629280e686cf0c3f5d5a86aff3ca12020c923adc6c92\"}',98,'14.155.156.211',0,'2019-01-30 22:12:45'),(356,'fury','åˆ å‡åº“å­˜','io.frame.service.impl.ProductServiceImpl.reduceStock()','2|1|',6,'14.155.156.211',0,'2019-01-30 22:23:40'),(357,'fury','è´­ä¹°ä¸‹å•','io.frame.service.impl.OrderServiceImpl.payOrder()','3|null|2|\"PAYMENT_ALIPAY_KEY\"|',69,'14.155.156.211',0,'2019-01-30 22:23:40'),(358,'fury','è´­ä¹°ä¸‹å•','io.frame.service.impl.OrderServiceImpl.payOrder()','3|75|2|\"PAYMENT_ALIPAY_KEY\"|',12,'14.155.156.211',0,'2019-01-30 22:25:59'),(359,'fury','è´­ä¹°ä¸‹å•','io.frame.service.impl.OrderServiceImpl.payOrder()','3|75|2|\"PAYMENT_ALIPAY_KEY\"|',26,'14.155.156.211',0,'2019-01-30 22:34:56'),(360,'fury','è´­ä¹°ä¸‹å•','io.frame.service.impl.OrderServiceImpl.payOrder()','3|75|2|\"PAYMENT_ALIPAY_KEY\"|',42,'14.155.156.211',0,'2019-01-30 22:35:04'),(361,'fury','è´­ä¹°ä¸‹å•','io.frame.service.impl.OrderServiceImpl.payOrder()','3|75|2|\"PAYMENT_ALIPAY_KEY\"|',10,'14.155.156.211',0,'2019-01-30 22:35:05'),(362,'fury','è´­ä¹°ä¸‹å•','io.frame.service.impl.OrderServiceImpl.payOrder()','3|75|2|\"PAYMENT_ALIPAY_KEY\"|',11,'14.155.156.211',0,'2019-01-30 22:35:05'),(363,'fury','è´­ä¹°ä¸‹å•','io.frame.service.impl.OrderServiceImpl.payOrder()','3|75|2|\"PAYMENT_ALIPAY_KEY\"|',9,'14.155.156.211',0,'2019-01-30 22:35:07'),(364,'fury','é’±åŒ…æ‰£æ¬¾','io.frame.service.impl.WalletServiceImpl.deduction()','4|99.8000|',3,'14.155.156.211',0,'2019-01-30 22:35:41'),(365,'fury','æ›´æ–°å¸å˜','io.frame.service.impl.WalletChangeServiceImpl.createWalletChange()','3|99.8000|75|\"PURCHASE_CAR_SPACE_KEY\"|',13,'14.155.156.211',0,'2019-01-30 22:35:41'),(366,'fury','æ›´æ–°æ¨è','io.frame.service.impl.RecommendServiceImpl.upsert()','1|null|99.8000|',18,'14.155.156.211',0,'2019-01-30 22:35:41'),(367,'fury','è´­ä¹°ä¸‹å•','io.frame.service.impl.OrderServiceImpl.payOrder()','3|75|2|\"PAYMENT_WALLET_KEY\"|',94,'14.155.156.211',0,'2019-01-30 22:35:41'),(368,'fury','é’±åŒ…æ‰£æ¬¾','io.frame.service.impl.WalletServiceImpl.deduction()','3|100|',2,'14.155.156.211',0,'2019-01-30 22:43:59'),(369,'fury','æ›´æ–°å¸å˜','io.frame.service.impl.WalletChangeServiceImpl.createWalletChange()','3|-5.00|2|\"WITHDRAW_OUT_FEE_KEY\"|',15,'14.155.156.211',0,'2019-01-30 22:43:59'),(370,'fury','æ›´æ–°å¸å˜','io.frame.service.impl.WalletChangeServiceImpl.createWalletChange()','3|-99.95|2|\"WITHDRAW_OUT_KEY\"|',4,'14.155.156.211',0,'2019-01-30 22:43:59'),(371,'fury','æç°ç”³è¯·','io.frame.service.impl.WithdrawServiceImpl.withdrawSubmit()','3|100|',82,'14.155.156.211',0,'2019-01-30 22:43:59'),(372,'a1','ç™»å½•æ¥å£','io.frame.service.impl.UserServiceImpl.login()','{\"userMobile\":\"111\",\"userPass\":\"8d969eef6ecad3c29a3a629280e686cf0c3f5d5a86aff3ca12020c923adc6c92\"}',14,'117.136.126.147',0,'2019-01-31 10:06:13'),(373,'a1','ç™»å½•æ¥å£','io.frame.service.impl.UserServiceImpl.login()','{\"userMobile\":\"111\",\"userPass\":\"8d969eef6ecad3c29a3a629280e686cf0c3f5d5a86aff3ca12020c923adc6c92\"}',8,'182.97.75.142',0,'2019-01-31 10:11:17'),(374,'fury','ä¿®æ”¹é…ç½®','io.frame.modules.sys.controller.SysConfigController.update()','{\"configId\":20,\"configKey\":\"SYSTEM_REGISTER_DOMAIN_KEY\",\"configVal\":\"http://120.78.138.125:38080/\",\"configName\":\"æ³¨å†ŒåŸŸå\",\"configType\":\"system\",\"configStatus\":1,\"createTime\":\"Jan 7, 2019 5:50:00 PM\",\"createUser\":\"fury\",\"updateTime\":\"Jan 31, 2019 10:20:31 AM\",\"updateUser\":\"fury\",\"remark\":\"æ³¨å†ŒåŸŸå\"}',9,'113.91.151.208',1,'2019-01-31 10:20:32'),(375,'fury','ä¿®æ”¹é…ç½®','io.frame.modules.sys.controller.SysConfigController.update()','{\"configId\":20,\"configKey\":\"SYSTEM_REGISTER_DOMAIN_KEY\",\"configVal\":\"http://120.78.138.125:38080/register\",\"configName\":\"æ³¨å†ŒåŸŸå\",\"configType\":\"system\",\"configStatus\":1,\"createTime\":\"Jan 7, 2019 5:50:00 PM\",\"createUser\":\"fury\",\"updateTime\":\"Jan 31, 2019 10:21:12 AM\",\"updateUser\":\"fury\",\"remark\":\"æ³¨å†ŒåŸŸå\"}',6,'113.91.151.208',1,'2019-01-31 10:21:12'),(376,'fury','ç™»å½•æ¥å£','io.frame.service.impl.UserServiceImpl.login()','{\"userMobile\":\"13333333333\",\"userPass\":\"8d969eef6ecad3c29a3a629280e686cf0c3f5d5a86aff3ca12020c923adc6c92\"}',8,'113.91.151.208',0,'2019-01-31 10:22:16'),(377,'fury','ä¿®æ”¹é…ç½®','io.frame.modules.sys.controller.SysConfigController.update()','{\"configId\":20,\"configKey\":\"SYSTEM_REGISTER_DOMAIN_KEY\",\"configVal\":\"http://120.78.138.125:38080/#/register\",\"configName\":\"æ³¨å†ŒåŸŸå\",\"configType\":\"system\",\"configStatus\":1,\"createTime\":\"Jan 7, 2019 5:50:00 PM\",\"createUser\":\"fury\",\"updateTime\":\"Jan 31, 2019 10:25:00 AM\",\"updateUser\":\"fury\",\"remark\":\"æ³¨å†ŒåŸŸå\"}',27,'113.91.151.208',1,'2019-01-31 10:25:00'),(378,'admin','ç™»å½•æ¥å£','io.frame.service.impl.UserServiceImpl.login()','{\"userMobile\":\"18888888888\",\"userPass\":\"8c6976e5b5410415bde908bd4dee15dfb167a9c873fc4bb8a81f6f2ab448a918\"}',6,'219.133.170.78',0,'2019-01-31 10:25:01'),(379,'admin','ç™»å‡ºæ¥å£','io.frame.service.impl.TokenServiceImpl.expireToken()','1',1,'219.133.170.78',0,'2019-01-31 10:25:06'),(380,'fury','ä¿®æ”¹é…ç½®','io.frame.modules.sys.controller.SysConfigController.update()','{\"configId\":19,\"configKey\":\"SYSTEM_SPREAD_DOMAIN_KEY\",\"configVal\":\"http://120.78.138.125:38080/\",\"configName\":\"æ¨å¹¿åŸŸå\",\"configType\":\"system\",\"configStatus\":1,\"createTime\":\"Jan 7, 2019 5:50:00 PM\",\"updateTime\":\"Jan 31, 2019 10:26:50 AM\",\"updateUser\":\"fury\",\"remark\":\"æ¨å¹¿åŸŸå\"}',6,'113.91.151.208',1,'2019-01-31 10:26:50'),(381,'fury','ä¿®æ”¹é…ç½®','io.frame.modules.sys.controller.SysConfigController.update()','{\"configId\":19,\"configKey\":\"SYSTEM_SPREAD_DOMAIN_KEY\",\"configVal\":\"http://120.78.138.125:38080\",\"configName\":\"æ¨å¹¿åŸŸå\",\"configType\":\"system\",\"configStatus\":1,\"createTime\":\"Jan 7, 2019 5:50:00 PM\",\"updateTime\":\"Jan 31, 2019 10:27:38 AM\",\"updateUser\":\"fury\",\"remark\":\"æ¨å¹¿åŸŸå\"}',8,'113.91.151.208',1,'2019-01-31 10:27:38'),(382,'fury','ä¿®æ”¹é…ç½®','io.frame.modules.sys.controller.SysConfigController.update()','{\"configId\":19,\"configKey\":\"SYSTEM_SPREAD_DOMAIN_KEY\",\"configVal\":\"http://120.78.138.125:38887/admin\",\"configName\":\"æ¨å¹¿åŸŸå\",\"configType\":\"system\",\"configStatus\":1,\"createTime\":\"Jan 7, 2019 5:50:00 PM\",\"updateTime\":\"Jan 31, 2019 10:40:20 AM\",\"updateUser\":\"fury\",\"remark\":\"æ¨å¹¿åŸŸå\"}',4,'113.91.151.208',1,'2019-01-31 10:40:20'),(383,'fury','ä¿®æ”¹é…ç½®','io.frame.modules.sys.controller.SysConfigController.update()','{\"configId\":19,\"configKey\":\"SYSTEM_SPREAD_DOMAIN_KEY\",\"configVal\":\"http://120.78.138.125:38080/\",\"configName\":\"æ¨å¹¿åŸŸå\",\"configType\":\"system\",\"configStatus\":1,\"createTime\":\"Jan 7, 2019 5:50:00 PM\",\"updateTime\":\"Jan 31, 2019 10:49:47 AM\",\"updateUser\":\"fury\",\"remark\":\"æ¨å¹¿åŸŸå\"}',5,'113.91.150.193',1,'2019-01-31 10:49:48'),(384,'a1','ç™»å½•æ¥å£','io.frame.service.impl.UserServiceImpl.login()','{\"userMobile\":\"111\",\"userPass\":\"8d969eef6ecad3c29a3a629280e686cf0c3f5d5a86aff3ca12020c923adc6c92\"}',750,'113.116.49.16',0,'2019-01-31 20:42:37'),(385,'a1','é’±åŒ…æ‰£æ¬¾','io.frame.service.impl.WalletServiceImpl.deduction()','3|9.9800|',6,'113.116.49.16',0,'2019-01-31 20:58:21'),(386,'a1','æ›´æ–°å¸å˜','io.frame.service.impl.WalletChangeServiceImpl.createWalletChange()','2|9.9800|76|\"PURCHASE_CAR_SPACE_KEY\"|',16,'113.116.49.16',0,'2019-01-31 20:58:21'),(387,'a1','æ›´æ–°æ¨è','io.frame.service.impl.RecommendServiceImpl.upsert()','1|null|9.9800|',9,'113.116.49.16',0,'2019-01-31 20:58:21'),(388,'a1','åˆ å‡åº“å­˜','io.frame.service.impl.ProductServiceImpl.reduceStock()','1|1|',3,'113.116.49.16',0,'2019-01-31 20:58:21'),(389,'a1','è´­ä¹°ä¸‹å•','io.frame.service.impl.OrderServiceImpl.payOrder()','2|null|1|\"PAYMENT_WALLET_KEY\"|',112,'113.116.49.16',0,'2019-01-31 20:58:21'),(390,'a1','åˆ å‡åº“å­˜','io.frame.service.impl.ProductServiceImpl.reduceStock()','1|1|',12,'113.116.49.16',0,'2019-01-31 20:58:25'),(391,'a1','è´­ä¹°ä¸‹å•','io.frame.service.impl.OrderServiceImpl.payOrder()','2|null|1|\"PAYMENT_ALIPAY_KEY\"|',63,'113.116.49.16',0,'2019-01-31 20:58:25'),(392,'a1','å……å€¼ç”³è¯·','io.frame.service.impl.RechargeServiceImpl.rechargeSubmit()','2|1|',39,'113.116.49.16',0,'2019-01-31 20:58:37'),(393,'a1','ç™»å‡ºæ¥å£','io.frame.service.impl.TokenServiceImpl.expireToken()','2',14,'113.116.49.16',0,'2019-01-31 21:00:06'),(394,'a1','ç™»å½•æ¥å£','io.frame.service.impl.UserServiceImpl.login()','{\"userMobile\":\"111\",\"userPass\":\"8d969eef6ecad3c29a3a629280e686cf0c3f5d5a86aff3ca12020c923adc6c92\"}',7,'113.116.49.16',0,'2019-01-31 21:00:20'),(395,'a1','å……å€¼ç”³è¯·','io.frame.service.impl.RechargeServiceImpl.rechargeSubmit()','2|1|',17,'113.116.49.16',0,'2019-01-31 21:09:00'),(396,'a1','åˆ å‡åº“å­˜','io.frame.service.impl.ProductServiceImpl.reduceStock()','1|1|',2,'113.116.49.16',0,'2019-01-31 21:09:10'),(397,'a1','è´­ä¹°ä¸‹å•','io.frame.service.impl.OrderServiceImpl.payOrder()','2|null|1|\"PAYMENT_ALIPAY_KEY\"|',17,'113.116.49.16',0,'2019-01-31 21:09:10'),(398,'a1','å……å€¼ç”³è¯·','io.frame.service.impl.RechargeServiceImpl.rechargeSubmit()','2|1|',16,'113.116.49.16',0,'2019-01-31 21:10:57'),(399,'a1','å……å€¼ç”³è¯·','io.frame.service.impl.RechargeServiceImpl.rechargeSubmit()','2|2|',8,'113.116.49.16',0,'2019-01-31 21:11:23'),(400,'a1','å……å€¼ç”³è¯·','io.frame.service.impl.RechargeServiceImpl.rechargeSubmit()','2|21|',5,'113.116.49.16',0,'2019-01-31 21:11:45'),(401,'a1','é’±åŒ…æ‰£æ¬¾','io.frame.service.impl.WalletServiceImpl.deduction()','3|9.9800|',6,'113.116.49.16',0,'2019-01-31 21:17:35'),(402,'a1','æ›´æ–°å¸å˜','io.frame.service.impl.WalletChangeServiceImpl.createWalletChange()','2|9.9800|79|\"PURCHASE_CAR_SPACE_KEY\"|',3,'113.116.49.16',0,'2019-01-31 21:17:35'),(403,'a1','æ›´æ–°æ¨è','io.frame.service.impl.RecommendServiceImpl.upsert()','1|null|9.9800|',4,'113.116.49.16',0,'2019-01-31 21:17:35'),(404,'a1','åˆ å‡åº“å­˜','io.frame.service.impl.ProductServiceImpl.reduceStock()','1|1|',1,'113.116.49.16',0,'2019-01-31 21:17:35'),(405,'a1','è´­ä¹°ä¸‹å•','io.frame.service.impl.OrderServiceImpl.payOrder()','2|null|1|\"PAYMENT_WALLET_KEY\"|',66,'113.116.49.16',0,'2019-01-31 21:17:35'),(406,'a1','ç™»å‡ºæ¥å£','io.frame.service.impl.TokenServiceImpl.expireToken()','2',2,'113.116.49.16',0,'2019-01-31 21:18:11'),(407,'fury','ç™»å½•æ¥å£','io.frame.service.impl.UserServiceImpl.login()','{\"userMobile\":\"13333333333\",\"userPass\":\"8d969eef6ecad3c29a3a629280e686cf0c3f5d5a86aff3ca12020c923adc6c92\"}',22,'36.157.8.61',0,'2019-02-01 09:52:00'),(408,'fury','ç™»å½•æ¥å£','io.frame.service.impl.UserServiceImpl.login()','{\"userMobile\":\"13333333333\",\"userPass\":\"8d969eef6ecad3c29a3a629280e686cf0c3f5d5a86aff3ca12020c923adc6c92\"}',6,'36.157.8.61',0,'2019-02-01 09:53:14'),(409,'admin','ä¿®æ”¹é…ç½®','io.frame.modules.sys.controller.SysConfigController.update()','{\"configId\":19,\"configKey\":\"SYSTEM_SPREAD_DOMAIN_KEY\",\"configVal\":\"http://120.78.138.125:38888/\",\"configName\":\"æ¨å¹¿åŸŸå\",\"configType\":\"system\",\"configStatus\":1,\"createTime\":\"Jan 7, 2019 5:50:00 PM\",\"updateTime\":\"Feb 1, 2019 9:54:31 AM\",\"updateUser\":\"admin\",\"remark\":\"æ¨å¹¿åŸŸå\"}',29,'36.157.8.61',1,'2019-02-01 09:54:32'),(410,'fury02','åˆ›å»ºé’±åŒ…','io.frame.service.impl.WalletServiceImpl.createWallet()','4|\"fury02\"|',6,'36.157.8.61',0,'2019-02-01 10:00:25'),(411,'fury02','æ›´æ–°æ¨è','io.frame.service.impl.RecommendServiceImpl.upsert()','3|1|null|',6,'36.157.8.61',0,'2019-02-01 10:00:25'),(412,'fury02','æ³¨å†Œæ¥å£','io.frame.service.impl.UserServiceImpl.register()','{\"userId\":4,\"userName\":\"fury02\",\"userMobile\":\"13355555555\",\"userPass\":\"8d969eef6ecad3c29a3a629280e686cf0c3f5d5a86aff3ca12020c923adc6c92\",\"alipayName\":\"fury\",\"alipayMobile\":\"13355555555\",\"userLevel\":3,\"parentId\":3,\"groupUserIds\":\"1,3,4,\",\"status\":1,\"recommendMobile\":\"13333333333\",\"createTime\":\"Feb 1, 2019 10:00:24 AM\",\"createUser\":\"fury02\",\"registerType\":0,\"pageSize\":1000}',35,'36.157.8.61',0,'2019-02-01 10:00:25'),(413,'admin','ä¿®æ”¹é…ç½®','io.frame.modules.sys.controller.SysConfigController.update()','{\"configId\":19,\"configKey\":\"SYSTEM_SPREAD_DOMAIN_KEY\",\"configVal\":\"http://120.78.138.125:38080\",\"configName\":\"æ¨å¹¿åŸŸå\",\"configType\":\"system\",\"configStatus\":1,\"createTime\":\"Jan 7, 2019 5:50:00 PM\",\"updateTime\":\"Feb 1, 2019 10:01:55 AM\",\"updateUser\":\"admin\",\"remark\":\"æ¨å¹¿åŸŸå\"}',11,'36.157.8.61',1,'2019-02-01 10:01:55'),(414,'admin','ä¿®æ”¹é…ç½®','io.frame.modules.sys.controller.SysConfigController.update()','{\"configId\":19,\"configKey\":\"SYSTEM_SPREAD_DOMAIN_KEY\",\"configVal\":\"http://120.78.138.125:38888\",\"configName\":\"æ¨å¹¿åŸŸå\",\"configType\":\"system\",\"configStatus\":1,\"createTime\":\"Jan 7, 2019 5:50:00 PM\",\"updateTime\":\"Feb 1, 2019 10:53:01 AM\",\"updateUser\":\"admin\",\"remark\":\"æ¨å¹¿åŸŸå\"}',8,'36.157.8.61',1,'2019-02-01 10:53:02'),(415,'fury','ç™»å½•æ¥å£','io.frame.service.impl.UserServiceImpl.login()','{\"userMobile\":\"13333333333\",\"userPass\":\"8d969eef6ecad3c29a3a629280e686cf0c3f5d5a86aff3ca12020c923adc6c92\"}',6,'36.157.8.61',0,'2019-02-01 11:02:51'),(416,'fury','é’±åŒ…æ‰£æ¬¾','io.frame.service.impl.WalletServiceImpl.deduction()','3|100|',2,'36.157.8.61',0,'2019-02-01 11:03:42'),(417,'fury','æ›´æ–°å¸å˜','io.frame.service.impl.WalletChangeServiceImpl.createWalletChange()','3|-5.00|3|\"WITHDRAW_OUT_FEE_KEY\"|',5,'36.157.8.61',0,'2019-02-01 11:03:42'),(418,'fury','æ›´æ–°å¸å˜','io.frame.service.impl.WalletChangeServiceImpl.createWalletChange()','3|-99.95|3|\"WITHDRAW_OUT_KEY\"|',2,'36.157.8.61',0,'2019-02-01 11:03:42'),(419,'fury','æç°ç”³è¯·','io.frame.service.impl.WithdrawServiceImpl.withdrawSubmit()','3|100|',28,'36.157.8.61',0,'2019-02-01 11:03:42');

/*Table structure for table `s_payment` */

DROP TABLE IF EXISTS `s_payment`;

CREATE TABLE `s_payment` (
  `paymentId` bigint(20) NOT NULL AUTO_INCREMENT COMMENT 'æ”¯ä»˜æ–¹å¼ä¸»é”®',
  `paymentKey` varchar(200) DEFAULT NULL COMMENT 'æ”¯ä»˜æ–¹å¼Key',
  `paymentName` varchar(100) DEFAULT NULL COMMENT 'æ”¯ä»˜æ–¹å¼åç§°',
  `status` int(1) DEFAULT NULL COMMENT 'çŠ¶æ€[0:ç¦ç”¨,1:å¯ç”¨]',
  `sort` int(11) DEFAULT NULL COMMENT 'æ’åº',
  `createTime` datetime DEFAULT NULL COMMENT 'åˆ›å»ºæ—¶é—´',
  `createUser` varchar(50) DEFAULT NULL COMMENT 'åˆ›å»ºäºº',
  `updateTime` datetime DEFAULT NULL COMMENT 'ä¿®æ”¹æ—¶é—´',
  `updateUser` varchar(50) DEFAULT NULL COMMENT 'ä¿®æ”¹äºº',
  PRIMARY KEY (`paymentId`)
) ENGINE=InnoDB AUTO_INCREMENT=3 DEFAULT CHARSET=utf8 COMMENT='æ”¯ä»˜æ–¹å¼æ¥å£é…ç½®è¡¨';

/*Data for the table `s_payment` */

insert  into `s_payment`(`paymentId`,`paymentKey`,`paymentName`,`status`,`sort`,`createTime`,`createUser`,`updateTime`,`updateUser`) values (1,'PAYMENT_ALIPAY_KEY','æ”¯ä»˜å®',1,2,NULL,NULL,'2019-01-22 23:44:57','admin'),(2,'PAYMENT_WALLET_KEY','ä½™é¢',1,2,NULL,NULL,NULL,NULL);

/*Table structure for table `s_schedule_job` */

DROP TABLE IF EXISTS `s_schedule_job`;

CREATE TABLE `s_schedule_job` (
  `jobId` bigint(20) NOT NULL AUTO_INCREMENT COMMENT 'ä»»åŠ¡id',
  `beanName` varchar(200) DEFAULT NULL COMMENT 'spring beanåç§°',
  `methodName` varchar(100) DEFAULT NULL COMMENT 'æ–¹æ³•å',
  `params` varchar(2000) DEFAULT NULL COMMENT 'å‚æ•°',
  `cronExpression` varchar(100) DEFAULT NULL COMMENT 'cronè¡¨è¾¾å¼',
  `status` int(1) DEFAULT NULL COMMENT 'ä»»åŠ¡çŠ¶æ€  0ï¼šæ­£å¸¸  1ï¼šæš‚åœ',
  `remark` varchar(255) DEFAULT NULL COMMENT 'å¤‡æ³¨',
  `createTime` datetime DEFAULT NULL COMMENT 'åˆ›å»ºæ—¶é—´',
  PRIMARY KEY (`jobId`)
) ENGINE=InnoDB AUTO_INCREMENT=10 DEFAULT CHARSET=utf8 COMMENT='å®šæ—¶ä»»åŠ¡';

/*Data for the table `s_schedule_job` */

insert  into `s_schedule_job`(`jobId`,`beanName`,`methodName`,`params`,`cronExpression`,`status`,`remark`,`createTime`) values (3,'orderDailyTask','run',NULL,'0 0 0 * * ?',0,'å…±äº«æ±½è½¦ç¦åˆ©å¤©è¿”ä»»åŠ¡ï¼Œæ¯å¤©0ç‚¹è·‘','2019-01-23 14:55:56'),(6,'orderHourTask','run',NULL,'0 0 * * * ?',0,'å…¨æ°‘ç¦åˆ©ç¦åˆ©æ—¶è¿”ä»»åŠ¡ï¼Œæ¯1å°æ—¶è·‘ä¸€æ¬¡','2019-01-24 14:55:56'),(7,'globalTask','run',NULL,'0 0 0 * * ?',0,'å…¨çƒåˆ†çº¢ç¦åˆ©å¤©è¿”ä»»åŠ¡,æ¯å¤©0ç‚¹è·‘','2019-01-24 14:55:56'),(8,'teamLeaderTask','run',NULL,'0 0 0 * * ?',0,'å›¢é˜Ÿé¢†å¯¼å¥–ç¦åˆ©å¤©è¿”ä»»åŠ¡ï¼Œæ¯å¤©0ç‚¹è·‘','2019-01-24 14:55:56'),(9,'specialTask','run',NULL,'0 0 0 * * ?',0,'ç‰¹åˆ«è´¡çŒ®å¥–ç¦åˆ©å¤©è¿”ä»»åŠ¡ï¼Œæ¯å¤©0ç‚¹è·‘','2019-01-24 14:55:56');

/*Table structure for table `s_schedule_job_log` */

DROP TABLE IF EXISTS `s_schedule_job_log`;

CREATE TABLE `s_schedule_job_log` (
  `logId` bigint(20) NOT NULL AUTO_INCREMENT COMMENT 'ä»»åŠ¡æ—¥å¿—id',
  `jobId` bigint(20) NOT NULL COMMENT 'ä»»åŠ¡id',
  `beanName` varchar(200) DEFAULT NULL COMMENT 'spring beanåç§°',
  `methodName` varchar(100) DEFAULT NULL COMMENT 'æ–¹æ³•å',
  `params` varchar(2000) DEFAULT NULL COMMENT 'å‚æ•°',
  `status` int(4) NOT NULL COMMENT 'ä»»åŠ¡çŠ¶æ€    0ï¼šæˆåŠŸ    1ï¼šå¤±è´¥',
  `error` varchar(2000) DEFAULT NULL COMMENT 'å¤±è´¥ä¿¡æ¯',
  `times` int(11) NOT NULL COMMENT 'è€—æ—¶(å•ä½ï¼šæ¯«ç§’)',
  `createTime` datetime DEFAULT NULL COMMENT 'åˆ›å»ºæ—¶é—´',
  PRIMARY KEY (`logId`),
  KEY `job_id` (`jobId`)
) ENGINE=InnoDB AUTO_INCREMENT=717 DEFAULT CHARSET=utf8 COMMENT='å®šæ—¶ä»»åŠ¡æ—¥å¿—';

/*Data for the table `s_schedule_job_log` */

insert  into `s_schedule_job_log`(`logId`,`jobId`,`beanName`,`methodName`,`params`,`status`,`error`,`times`,`createTime`) values (1,3,'orderDailyTask','run',NULL,0,NULL,10,'2019-01-27 00:00:00'),(2,6,'orderHourTask','run',NULL,0,NULL,4,'2019-01-27 00:00:00'),(3,7,'globalTask','run',NULL,0,NULL,13,'2019-01-27 00:00:00'),(4,8,'teamLeaderTask','run',NULL,0,NULL,17,'2019-01-27 00:00:00'),(5,9,'specialTask','run',NULL,0,NULL,11,'2019-01-27 00:00:00'),(6,6,'orderHourTask','run',NULL,0,NULL,113,'2019-01-27 01:00:00'),(7,6,'orderHourTask','run',NULL,0,NULL,12,'2019-01-27 02:00:00'),(8,6,'orderHourTask','run',NULL,0,NULL,10,'2019-01-27 03:00:00'),(9,6,'orderHourTask','run',NULL,0,NULL,20,'2019-01-27 04:00:00'),(10,6,'orderHourTask','run',NULL,0,NULL,15,'2019-01-27 05:00:00'),(11,6,'orderHourTask','run',NULL,0,NULL,11,'2019-01-27 06:00:00'),(12,6,'orderHourTask','run',NULL,0,NULL,19,'2019-01-27 07:00:00'),(13,6,'orderHourTask','run',NULL,0,NULL,38,'2019-01-27 08:00:00'),(14,6,'orderHourTask','run',NULL,0,NULL,10,'2019-01-27 09:00:00'),(15,6,'orderHourTask','run',NULL,0,NULL,8,'2019-01-27 10:00:00'),(16,6,'orderHourTask','run',NULL,0,NULL,15,'2019-01-27 11:00:00'),(17,6,'orderHourTask','run',NULL,0,NULL,7,'2019-01-27 12:00:00'),(18,6,'orderHourTask','run',NULL,0,NULL,13,'2019-01-27 13:00:00'),(19,6,'orderHourTask','run',NULL,0,NULL,6,'2019-01-27 14:00:00'),(20,6,'orderHourTask','run',NULL,0,NULL,10,'2019-01-27 15:00:00'),(21,6,'orderHourTask','run',NULL,0,NULL,121,'2019-01-27 16:00:00'),(22,6,'orderHourTask','run',NULL,0,NULL,12,'2019-01-27 17:00:00'),(23,6,'orderHourTask','run',NULL,0,NULL,24,'2019-01-27 18:00:00'),(24,6,'orderHourTask','run',NULL,0,NULL,27,'2019-01-27 19:00:00'),(25,6,'orderHourTask','run',NULL,0,NULL,14,'2019-01-27 20:00:00'),(26,6,'orderHourTask','run',NULL,0,NULL,11,'2019-01-27 21:00:00'),(27,6,'orderHourTask','run',NULL,0,NULL,20,'2019-01-27 22:00:00'),(28,6,'orderHourTask','run',NULL,0,NULL,9,'2019-01-27 23:00:00'),(29,6,'orderHourTask','run',NULL,0,NULL,28,'2019-01-28 00:00:00'),(30,7,'globalTask','run',NULL,0,NULL,35,'2019-01-28 00:00:00'),(31,8,'teamLeaderTask','run',NULL,0,NULL,47,'2019-01-28 00:00:00'),(32,9,'specialTask','run',NULL,0,NULL,45,'2019-01-28 00:00:00'),(33,3,'orderDailyTask','run',NULL,0,NULL,456,'2019-01-28 00:00:00'),(34,6,'orderHourTask','run',NULL,0,NULL,6,'2019-01-28 01:00:00'),(35,6,'orderHourTask','run',NULL,0,NULL,7,'2019-01-28 02:00:00'),(36,6,'orderHourTask','run',NULL,0,NULL,14,'2019-01-28 03:00:00'),(37,6,'orderHourTask','run',NULL,0,NULL,10,'2019-01-28 04:00:00'),(38,6,'orderHourTask','run',NULL,0,NULL,15,'2019-01-28 05:00:00'),(39,6,'orderHourTask','run',NULL,0,NULL,11,'2019-01-28 06:00:00'),(40,6,'orderHourTask','run',NULL,0,NULL,12,'2019-01-28 07:00:00'),(41,6,'orderHourTask','run',NULL,0,NULL,6,'2019-01-28 08:00:00'),(42,6,'orderHourTask','run',NULL,0,NULL,8,'2019-01-28 09:00:00'),(43,6,'orderHourTask','run',NULL,0,NULL,19,'2019-01-28 10:00:00'),(44,6,'orderHourTask','run',NULL,0,NULL,9,'2019-01-28 11:00:00'),(45,6,'orderHourTask','run',NULL,0,NULL,7,'2019-01-28 12:00:00'),(46,6,'orderHourTask','run',NULL,0,NULL,6,'2019-01-28 13:00:00'),(47,6,'orderHourTask','run',NULL,0,NULL,7,'2019-01-28 14:00:00'),(48,6,'orderHourTask','run',NULL,0,NULL,7,'2019-01-28 15:00:00'),(49,6,'orderHourTask','run',NULL,0,NULL,10,'2019-01-28 16:00:00'),(50,6,'orderHourTask','run',NULL,0,NULL,6,'2019-01-28 17:00:00'),(51,6,'orderHourTask','run',NULL,0,NULL,6,'2019-01-28 18:00:00'),(52,6,'orderHourTask','run',NULL,0,NULL,9,'2019-01-28 19:00:00'),(53,6,'orderHourTask','run',NULL,0,NULL,29,'2019-01-28 20:00:00'),(54,6,'orderHourTask','run',NULL,0,NULL,8,'2019-01-28 21:00:00'),(55,6,'orderHourTask','run',NULL,0,NULL,15,'2019-01-28 22:00:00'),(56,6,'orderHourTask','run',NULL,0,NULL,6,'2019-01-28 23:00:00'),(57,6,'orderHourTask','run',NULL,0,NULL,36,'2019-01-29 00:00:00'),(58,7,'globalTask','run',NULL,0,NULL,59,'2019-01-29 00:00:00'),(59,8,'teamLeaderTask','run',NULL,0,NULL,20,'2019-01-29 00:00:00'),(60,9,'specialTask','run',NULL,0,NULL,31,'2019-01-29 00:00:00'),(61,3,'orderDailyTask','run',NULL,0,NULL,668,'2019-01-29 00:00:00'),(62,6,'orderHourTask','run',NULL,0,NULL,8,'2019-01-29 01:00:00'),(63,6,'orderHourTask','run',NULL,0,NULL,5,'2019-01-29 02:00:00'),(64,6,'orderHourTask','run',NULL,0,NULL,13,'2019-01-29 03:00:00'),(65,6,'orderHourTask','run',NULL,0,NULL,7,'2019-01-29 04:00:00'),(66,6,'orderHourTask','run',NULL,0,NULL,7,'2019-01-29 05:00:00'),(67,6,'orderHourTask','run',NULL,0,NULL,11,'2019-01-29 06:00:00'),(68,6,'orderHourTask','run',NULL,0,NULL,5,'2019-01-29 07:00:00'),(69,6,'orderHourTask','run',NULL,0,NULL,5,'2019-01-29 08:00:00'),(70,6,'orderHourTask','run',NULL,0,NULL,16,'2019-01-29 09:00:00'),(71,6,'orderHourTask','run',NULL,0,NULL,6,'2019-01-29 10:00:00'),(72,6,'orderHourTask','run',NULL,0,NULL,9,'2019-01-29 11:00:00'),(73,6,'orderHourTask','run',NULL,0,NULL,6,'2019-01-29 12:00:00'),(74,6,'orderHourTask','run',NULL,0,NULL,6,'2019-01-29 13:00:00'),(75,6,'orderHourTask','run',NULL,0,NULL,8,'2019-01-29 14:00:00'),(76,6,'orderHourTask','run',NULL,0,NULL,6,'2019-01-29 15:00:00'),(77,6,'orderHourTask','run',NULL,0,NULL,13,'2019-01-29 16:00:00'),(78,6,'orderHourTask','run',NULL,0,NULL,5,'2019-01-29 17:00:00'),(79,6,'orderHourTask','run',NULL,0,NULL,16,'2019-01-29 18:00:00'),(80,6,'orderHourTask','run',NULL,0,NULL,5,'2019-01-29 19:00:00'),(81,6,'orderHourTask','run',NULL,0,NULL,6,'2019-01-29 20:00:00'),(82,6,'orderHourTask','run',NULL,0,NULL,7,'2019-01-29 21:00:00'),(83,6,'orderHourTask','run',NULL,0,NULL,5,'2019-01-29 22:00:00'),(84,6,'orderHourTask','run',NULL,0,NULL,11,'2019-01-29 23:00:00'),(85,6,'orderHourTask','run',NULL,0,NULL,21,'2019-01-30 00:00:00'),(86,7,'globalTask','run',NULL,0,NULL,26,'2019-01-30 00:00:00'),(87,8,'teamLeaderTask','run',NULL,0,NULL,22,'2019-01-30 00:00:00'),(88,9,'specialTask','run',NULL,0,NULL,46,'2019-01-30 00:00:00'),(89,3,'orderDailyTask','run',NULL,0,NULL,542,'2019-01-30 00:00:00'),(90,6,'orderHourTask','run',NULL,0,NULL,5,'2019-01-30 01:00:00'),(91,6,'orderHourTask','run',NULL,0,NULL,4,'2019-01-30 02:00:00'),(92,6,'orderHourTask','run',NULL,0,NULL,7,'2019-01-30 03:00:00'),(93,6,'orderHourTask','run',NULL,0,NULL,5,'2019-01-30 04:00:00'),(94,6,'orderHourTask','run',NULL,0,NULL,4,'2019-01-30 05:00:00'),(95,6,'orderHourTask','run',NULL,0,NULL,17,'2019-01-30 06:00:00'),(96,6,'orderHourTask','run',NULL,0,NULL,6,'2019-01-30 07:00:00'),(97,6,'orderHourTask','run',NULL,0,NULL,13,'2019-01-30 08:00:00'),(98,6,'orderHourTask','run',NULL,0,NULL,6,'2019-01-30 09:00:00'),(99,6,'orderHourTask','run',NULL,0,NULL,7,'2019-01-30 10:00:00'),(100,6,'orderHourTask','run',NULL,0,NULL,24,'2019-01-30 11:00:00'),(101,6,'orderHourTask','run',NULL,0,NULL,6,'2019-01-30 12:00:00'),(102,6,'orderHourTask','run',NULL,0,NULL,4,'2019-01-30 13:00:00'),(103,6,'orderHourTask','run',NULL,0,NULL,4,'2019-01-30 14:00:00'),(104,6,'orderHourTask','run',NULL,0,NULL,5,'2019-01-30 15:00:00'),(105,6,'orderHourTask','run',NULL,0,NULL,4,'2019-01-30 16:00:00'),(106,6,'orderHourTask','run',NULL,0,NULL,17,'2019-01-30 17:00:00'),(107,6,'orderHourTask','run',NULL,0,NULL,10,'2019-01-30 18:00:00'),(108,6,'orderHourTask','run',NULL,0,NULL,4,'2019-01-30 19:00:00'),(109,6,'orderHourTask','run',NULL,0,NULL,4,'2019-01-30 20:00:00'),(110,6,'orderHourTask','run',NULL,0,NULL,11,'2019-01-30 21:00:00'),(111,6,'orderHourTask','run',NULL,0,NULL,4,'2019-01-30 22:00:00'),(112,6,'orderHourTask','run',NULL,0,NULL,5,'2019-01-30 23:00:00'),(113,6,'orderHourTask','run',NULL,0,NULL,7,'2019-01-31 00:00:00'),(114,7,'globalTask','run',NULL,0,NULL,7,'2019-01-31 00:00:00'),(115,8,'teamLeaderTask','run',NULL,0,NULL,9,'2019-01-31 00:00:00'),(116,9,'specialTask','run',NULL,0,NULL,11,'2019-01-31 00:00:00'),(117,3,'orderDailyTask','run',NULL,0,NULL,674,'2019-01-31 00:00:00'),(118,6,'orderHourTask','run',NULL,0,NULL,5,'2019-01-31 01:00:00'),(119,6,'orderHourTask','run',NULL,0,NULL,4,'2019-01-31 02:00:00'),(120,6,'orderHourTask','run',NULL,0,NULL,5,'2019-01-31 03:00:00'),(121,6,'orderHourTask','run',NULL,0,NULL,3,'2019-01-31 04:00:00'),(122,6,'orderHourTask','run',NULL,0,NULL,9,'2019-01-31 05:00:00'),(123,6,'orderHourTask','run',NULL,0,NULL,4,'2019-01-31 06:00:00'),(124,6,'orderHourTask','run',NULL,0,NULL,6,'2019-01-31 07:00:00'),(125,6,'orderHourTask','run',NULL,0,NULL,4,'2019-01-31 08:00:00'),(126,6,'orderHourTask','run',NULL,0,NULL,4,'2019-01-31 09:00:00'),(127,6,'orderHourTask','run',NULL,0,NULL,8,'2019-01-31 10:00:00'),(128,6,'orderHourTask','run',NULL,0,NULL,23,'2019-01-31 11:00:00'),(129,6,'orderHourTask','run',NULL,0,NULL,5,'2019-01-31 12:00:00'),(130,6,'orderHourTask','run',NULL,0,NULL,4,'2019-01-31 13:00:00'),(131,6,'orderHourTask','run',NULL,0,NULL,12,'2019-01-31 14:00:00'),(132,6,'orderHourTask','run',NULL,0,NULL,13,'2019-01-31 15:00:00'),(133,6,'orderHourTask','run',NULL,0,NULL,9,'2019-01-31 16:00:00'),(134,6,'orderHourTask','run',NULL,0,NULL,9,'2019-01-31 17:00:00'),(135,6,'orderHourTask','run',NULL,0,NULL,22,'2019-01-31 18:00:00'),(136,6,'orderHourTask','run',NULL,0,NULL,10,'2019-01-31 19:00:00'),(137,6,'orderHourTask','run',NULL,0,NULL,7,'2019-01-31 20:00:00'),(138,6,'orderHourTask','run',NULL,0,NULL,9,'2019-01-31 21:00:00'),(139,6,'orderHourTask','run',NULL,0,NULL,22,'2019-01-31 22:00:00'),(140,6,'orderHourTask','run',NULL,0,NULL,6,'2019-01-31 23:00:00'),(141,6,'orderHourTask','run',NULL,0,NULL,48,'2019-02-01 00:00:00'),(142,7,'globalTask','run',NULL,0,NULL,32,'2019-02-01 00:00:00'),(143,8,'teamLeaderTask','run',NULL,0,NULL,41,'2019-02-01 00:00:00'),(144,9,'specialTask','run',NULL,0,NULL,54,'2019-02-01 00:00:00'),(145,3,'orderDailyTask','run',NULL,0,NULL,2118,'2019-02-01 00:00:00'),(146,6,'orderHourTask','run',NULL,0,NULL,10,'2019-02-01 01:00:00'),(147,6,'orderHourTask','run',NULL,0,NULL,14,'2019-02-01 02:00:00'),(148,6,'orderHourTask','run',NULL,0,NULL,25,'2019-02-01 03:00:00'),(149,6,'orderHourTask','run',NULL,0,NULL,5,'2019-02-01 04:00:00'),(150,6,'orderHourTask','run',NULL,0,NULL,13,'2019-02-01 05:00:00'),(151,6,'orderHourTask','run',NULL,0,NULL,9,'2019-02-01 06:00:00'),(152,6,'orderHourTask','run',NULL,0,NULL,12,'2019-02-01 07:00:00'),(153,6,'orderHourTask','run',NULL,0,NULL,20,'2019-02-01 08:00:00'),(154,6,'orderHourTask','run',NULL,0,NULL,8,'2019-02-01 09:00:00'),(155,6,'orderHourTask','run',NULL,0,NULL,6,'2019-02-01 10:00:00'),(156,6,'orderHourTask','run',NULL,0,NULL,16,'2019-02-01 11:00:00'),(157,6,'orderHourTask','run',NULL,0,NULL,10,'2019-02-01 12:00:00'),(158,6,'orderHourTask','run',NULL,0,NULL,9,'2019-02-01 13:00:00'),(159,6,'orderHourTask','run',NULL,0,NULL,5,'2019-02-01 14:00:00'),(160,6,'orderHourTask','run',NULL,0,NULL,6,'2019-02-01 15:00:00'),(161,6,'orderHourTask','run',NULL,0,NULL,5,'2019-02-01 16:00:00'),(162,6,'orderHourTask','run',NULL,0,NULL,6,'2019-02-01 17:00:00'),(163,6,'orderHourTask','run',NULL,0,NULL,22,'2019-02-01 18:00:00'),(164,6,'orderHourTask','run',NULL,0,NULL,16,'2019-02-01 19:00:00'),(165,6,'orderHourTask','run',NULL,0,NULL,7,'2019-02-01 20:00:00'),(166,6,'orderHourTask','run',NULL,0,NULL,7,'2019-02-01 21:00:00'),(167,6,'orderHourTask','run',NULL,0,NULL,5,'2019-02-01 22:00:00'),(168,6,'orderHourTask','run',NULL,0,NULL,8,'2019-02-01 23:00:00'),(169,6,'orderHourTask','run',NULL,0,NULL,70,'2019-02-02 00:00:00'),(170,7,'globalTask','run',NULL,0,NULL,22,'2019-02-02 00:00:00'),(171,8,'teamLeaderTask','run',NULL,0,NULL,16,'2019-02-02 00:00:00'),(172,9,'specialTask','run',NULL,0,NULL,15,'2019-02-02 00:00:00'),(173,3,'orderDailyTask','run',NULL,0,NULL,935,'2019-02-02 00:00:00'),(174,6,'orderHourTask','run',NULL,0,NULL,5,'2019-02-02 01:00:00'),(175,6,'orderHourTask','run',NULL,0,NULL,11,'2019-02-02 02:00:00'),(176,6,'orderHourTask','run',NULL,0,NULL,4,'2019-02-02 03:00:00'),(177,6,'orderHourTask','run',NULL,0,NULL,6,'2019-02-02 04:00:00'),(178,6,'orderHourTask','run',NULL,0,NULL,19,'2019-02-02 05:00:00'),(179,6,'orderHourTask','run',NULL,0,NULL,33,'2019-02-02 06:00:00'),(180,6,'orderHourTask','run',NULL,0,NULL,5,'2019-02-02 07:00:00'),(181,6,'orderHourTask','run',NULL,0,NULL,15,'2019-02-02 08:00:00'),(182,6,'orderHourTask','run',NULL,0,NULL,7,'2019-02-02 09:00:00'),(183,6,'orderHourTask','run',NULL,0,NULL,7,'2019-02-02 10:00:00'),(184,6,'orderHourTask','run',NULL,0,NULL,8,'2019-02-02 11:00:00'),(185,6,'orderHourTask','run',NULL,0,NULL,14,'2019-02-02 12:00:00'),(186,6,'orderHourTask','run',NULL,0,NULL,17,'2019-02-02 13:00:00'),(187,6,'orderHourTask','run',NULL,0,NULL,7,'2019-02-02 14:00:00'),(188,6,'orderHourTask','run',NULL,0,NULL,5,'2019-02-02 15:00:00'),(189,6,'orderHourTask','run',NULL,0,NULL,5,'2019-02-02 16:00:00'),(190,6,'orderHourTask','run',NULL,0,NULL,6,'2019-02-02 17:00:00'),(191,6,'orderHourTask','run',NULL,0,NULL,6,'2019-02-02 18:00:00'),(192,6,'orderHourTask','run',NULL,0,NULL,5,'2019-02-02 19:00:00'),(193,6,'orderHourTask','run',NULL,0,NULL,5,'2019-02-02 20:00:00'),(194,6,'orderHourTask','run',NULL,0,NULL,11,'2019-02-02 21:00:00'),(195,6,'orderHourTask','run',NULL,0,NULL,7,'2019-02-02 22:00:00'),(196,6,'orderHourTask','run',NULL,0,NULL,5,'2019-02-02 23:00:00'),(197,6,'orderHourTask','run',NULL,0,NULL,30,'2019-02-03 00:00:00'),(198,7,'globalTask','run',NULL,0,NULL,14,'2019-02-03 00:00:00'),(199,8,'teamLeaderTask','run',NULL,0,NULL,17,'2019-02-03 00:00:00'),(200,9,'specialTask','run',NULL,0,NULL,32,'2019-02-03 00:00:00'),(201,3,'orderDailyTask','run',NULL,0,NULL,1380,'2019-02-03 00:00:00'),(202,6,'orderHourTask','run',NULL,0,NULL,7,'2019-02-03 01:00:00'),(203,6,'orderHourTask','run',NULL,0,NULL,4,'2019-02-03 02:00:00'),(204,6,'orderHourTask','run',NULL,0,NULL,6,'2019-02-03 03:00:00'),(205,6,'orderHourTask','run',NULL,0,NULL,5,'2019-02-03 04:00:00'),(206,6,'orderHourTask','run',NULL,0,NULL,18,'2019-02-03 05:00:00'),(207,6,'orderHourTask','run',NULL,0,NULL,25,'2019-02-03 06:00:00'),(208,6,'orderHourTask','run',NULL,0,NULL,4,'2019-02-03 07:00:00'),(209,6,'orderHourTask','run',NULL,0,NULL,5,'2019-02-03 08:00:00'),(210,6,'orderHourTask','run',NULL,0,NULL,84,'2019-02-03 09:00:00'),(211,6,'orderHourTask','run',NULL,0,NULL,4,'2019-02-03 10:00:00'),(212,6,'orderHourTask','run',NULL,0,NULL,4,'2019-02-03 11:00:00'),(213,6,'orderHourTask','run',NULL,0,NULL,9,'2019-02-03 12:00:00'),(214,6,'orderHourTask','run',NULL,0,NULL,10,'2019-02-03 13:00:00'),(215,6,'orderHourTask','run',NULL,0,NULL,5,'2019-02-03 14:00:00'),(216,6,'orderHourTask','run',NULL,0,NULL,10,'2019-02-03 15:00:00'),(217,6,'orderHourTask','run',NULL,0,NULL,4,'2019-02-03 16:00:00'),(218,6,'orderHourTask','run',NULL,0,NULL,4,'2019-02-03 17:00:00'),(219,6,'orderHourTask','run',NULL,0,NULL,6,'2019-02-03 18:00:00'),(220,6,'orderHourTask','run',NULL,0,NULL,4,'2019-02-03 19:00:00'),(221,6,'orderHourTask','run',NULL,0,NULL,7,'2019-02-03 20:00:00'),(222,6,'orderHourTask','run',NULL,0,NULL,4,'2019-02-03 21:00:00'),(223,6,'orderHourTask','run',NULL,0,NULL,4,'2019-02-03 22:00:00'),(224,6,'orderHourTask','run',NULL,0,NULL,6,'2019-02-03 23:00:00'),(225,6,'orderHourTask','run',NULL,0,NULL,14,'2019-02-04 00:00:00'),(226,7,'globalTask','run',NULL,0,NULL,21,'2019-02-04 00:00:00'),(227,8,'teamLeaderTask','run',NULL,0,NULL,22,'2019-02-04 00:00:00'),(228,9,'specialTask','run',NULL,0,NULL,40,'2019-02-04 00:00:00'),(229,3,'orderDailyTask','run',NULL,0,NULL,1147,'2019-02-04 00:00:00'),(230,6,'orderHourTask','run',NULL,0,NULL,12,'2019-02-04 01:00:00'),(231,6,'orderHourTask','run',NULL,0,NULL,4,'2019-02-04 02:00:00'),(232,6,'orderHourTask','run',NULL,0,NULL,5,'2019-02-04 03:00:00'),(233,6,'orderHourTask','run',NULL,0,NULL,4,'2019-02-04 04:00:00'),(234,6,'orderHourTask','run',NULL,0,NULL,6,'2019-02-04 05:00:00'),(235,6,'orderHourTask','run',NULL,0,NULL,4,'2019-02-04 06:00:00'),(236,6,'orderHourTask','run',NULL,0,NULL,8,'2019-02-04 07:00:00'),(237,6,'orderHourTask','run',NULL,0,NULL,5,'2019-02-04 08:00:00'),(238,6,'orderHourTask','run',NULL,0,NULL,5,'2019-02-04 09:00:00'),(239,6,'orderHourTask','run',NULL,0,NULL,6,'2019-02-04 10:00:00'),(240,6,'orderHourTask','run',NULL,0,NULL,5,'2019-02-04 11:00:00'),(241,6,'orderHourTask','run',NULL,0,NULL,4,'2019-02-04 12:00:00'),(242,6,'orderHourTask','run',NULL,0,NULL,6,'2019-02-04 13:00:00'),(243,6,'orderHourTask','run',NULL,0,NULL,17,'2019-02-04 14:00:00'),(244,6,'orderHourTask','run',NULL,0,NULL,7,'2019-02-04 15:00:00'),(245,6,'orderHourTask','run',NULL,0,NULL,5,'2019-02-04 16:00:00'),(246,6,'orderHourTask','run',NULL,0,NULL,5,'2019-02-04 17:00:00'),(247,6,'orderHourTask','run',NULL,0,NULL,4,'2019-02-04 18:00:00'),(248,6,'orderHourTask','run',NULL,0,NULL,4,'2019-02-04 19:00:00'),(249,6,'orderHourTask','run',NULL,0,NULL,5,'2019-02-04 20:00:00'),(250,6,'orderHourTask','run',NULL,0,NULL,6,'2019-02-04 21:00:00'),(251,6,'orderHourTask','run',NULL,0,NULL,4,'2019-02-04 22:00:00'),(252,6,'orderHourTask','run',NULL,0,NULL,7,'2019-02-04 23:00:00'),(253,6,'orderHourTask','run',NULL,0,NULL,22,'2019-02-05 00:00:00'),(254,7,'globalTask','run',NULL,0,NULL,26,'2019-02-05 00:00:00'),(255,8,'teamLeaderTask','run',NULL,0,NULL,17,'2019-02-05 00:00:00'),(256,9,'specialTask','run',NULL,0,NULL,22,'2019-02-05 00:00:00'),(257,3,'orderDailyTask','run',NULL,0,NULL,1085,'2019-02-05 00:00:00'),(258,6,'orderHourTask','run',NULL,0,NULL,16,'2019-02-05 01:00:00'),(259,6,'orderHourTask','run',NULL,0,NULL,9,'2019-02-05 02:00:00'),(260,6,'orderHourTask','run',NULL,0,NULL,4,'2019-02-05 03:00:00'),(261,6,'orderHourTask','run',NULL,0,NULL,5,'2019-02-05 04:00:00'),(262,6,'orderHourTask','run',NULL,0,NULL,5,'2019-02-05 05:00:00'),(263,6,'orderHourTask','run',NULL,0,NULL,4,'2019-02-05 06:00:00'),(264,6,'orderHourTask','run',NULL,0,NULL,6,'2019-02-05 07:00:00'),(265,6,'orderHourTask','run',NULL,0,NULL,4,'2019-02-05 08:00:00'),(266,6,'orderHourTask','run',NULL,0,NULL,6,'2019-02-05 09:00:00'),(267,6,'orderHourTask','run',NULL,0,NULL,9,'2019-02-05 10:00:00'),(268,6,'orderHourTask','run',NULL,0,NULL,5,'2019-02-05 11:00:00'),(269,6,'orderHourTask','run',NULL,0,NULL,8,'2019-02-05 12:00:00'),(270,6,'orderHourTask','run',NULL,0,NULL,11,'2019-02-05 13:00:00'),(271,6,'orderHourTask','run',NULL,0,NULL,13,'2019-02-05 14:00:00'),(272,6,'orderHourTask','run',NULL,0,NULL,5,'2019-02-05 15:00:00'),(273,6,'orderHourTask','run',NULL,0,NULL,8,'2019-02-05 16:00:00'),(274,6,'orderHourTask','run',NULL,0,NULL,4,'2019-02-05 17:00:00'),(275,6,'orderHourTask','run',NULL,0,NULL,4,'2019-02-05 18:00:00'),(276,6,'orderHourTask','run',NULL,0,NULL,5,'2019-02-05 19:00:00'),(277,6,'orderHourTask','run',NULL,0,NULL,5,'2019-02-05 20:00:00'),(278,6,'orderHourTask','run',NULL,0,NULL,7,'2019-02-05 21:00:00'),(279,6,'orderHourTask','run',NULL,0,NULL,5,'2019-02-05 22:00:00'),(280,6,'orderHourTask','run',NULL,0,NULL,14,'2019-02-05 23:00:00'),(281,6,'orderHourTask','run',NULL,0,NULL,28,'2019-02-06 00:00:00'),(282,7,'globalTask','run',NULL,0,NULL,29,'2019-02-06 00:00:00'),(283,8,'teamLeaderTask','run',NULL,0,NULL,32,'2019-02-06 00:00:00'),(284,9,'specialTask','run',NULL,0,NULL,28,'2019-02-06 00:00:00'),(285,3,'orderDailyTask','run',NULL,0,NULL,1031,'2019-02-06 00:00:00'),(286,6,'orderHourTask','run',NULL,0,NULL,4,'2019-02-06 01:00:00'),(287,6,'orderHourTask','run',NULL,0,NULL,4,'2019-02-06 02:00:00'),(288,6,'orderHourTask','run',NULL,0,NULL,10,'2019-02-06 03:00:00'),(289,6,'orderHourTask','run',NULL,0,NULL,10,'2019-02-06 04:00:00'),(290,6,'orderHourTask','run',NULL,0,NULL,5,'2019-02-06 05:00:00'),(291,6,'orderHourTask','run',NULL,0,NULL,4,'2019-02-06 06:00:00'),(292,6,'orderHourTask','run',NULL,0,NULL,5,'2019-02-06 07:00:00'),(293,6,'orderHourTask','run',NULL,0,NULL,12,'2019-02-06 08:00:00'),(294,6,'orderHourTask','run',NULL,0,NULL,4,'2019-02-06 09:00:00'),(295,6,'orderHourTask','run',NULL,0,NULL,4,'2019-02-06 10:00:00'),(296,6,'orderHourTask','run',NULL,0,NULL,4,'2019-02-06 11:00:00'),(297,6,'orderHourTask','run',NULL,0,NULL,5,'2019-02-06 12:00:00'),(298,6,'orderHourTask','run',NULL,0,NULL,5,'2019-02-06 13:00:00'),(299,6,'orderHourTask','run',NULL,0,NULL,9,'2019-02-06 14:00:00'),(300,6,'orderHourTask','run',NULL,0,NULL,4,'2019-02-06 15:00:00'),(301,6,'orderHourTask','run',NULL,0,NULL,6,'2019-02-06 16:00:00'),(302,6,'orderHourTask','run',NULL,0,NULL,6,'2019-02-06 17:00:00'),(303,6,'orderHourTask','run',NULL,0,NULL,5,'2019-02-06 18:00:00'),(304,6,'orderHourTask','run',NULL,0,NULL,5,'2019-02-06 19:00:00'),(305,6,'orderHourTask','run',NULL,0,NULL,5,'2019-02-06 20:00:00'),(306,6,'orderHourTask','run',NULL,0,NULL,6,'2019-02-06 21:00:00'),(307,6,'orderHourTask','run',NULL,0,NULL,15,'2019-02-06 22:00:00'),(308,6,'orderHourTask','run',NULL,0,NULL,4,'2019-02-06 23:00:00'),(309,7,'globalTask','run',NULL,0,NULL,13,'2019-02-07 00:00:00'),(310,6,'orderHourTask','run',NULL,0,NULL,23,'2019-02-07 00:00:00'),(311,8,'teamLeaderTask','run',NULL,0,NULL,29,'2019-02-07 00:00:00'),(312,9,'specialTask','run',NULL,0,NULL,22,'2019-02-07 00:00:00'),(313,3,'orderDailyTask','run',NULL,0,NULL,930,'2019-02-07 00:00:00'),(314,6,'orderHourTask','run',NULL,0,NULL,6,'2019-02-07 01:00:00'),(315,6,'orderHourTask','run',NULL,0,NULL,9,'2019-02-07 02:00:00'),(316,6,'orderHourTask','run',NULL,0,NULL,5,'2019-02-07 03:00:00'),(317,6,'orderHourTask','run',NULL,0,NULL,3,'2019-02-07 04:00:00'),(318,6,'orderHourTask','run',NULL,0,NULL,6,'2019-02-07 05:00:00'),(319,6,'orderHourTask','run',NULL,0,NULL,3,'2019-02-07 06:00:00'),(320,6,'orderHourTask','run',NULL,0,NULL,4,'2019-02-07 07:00:00'),(321,6,'orderHourTask','run',NULL,0,NULL,11,'2019-02-07 08:00:00'),(322,6,'orderHourTask','run',NULL,0,NULL,6,'2019-02-07 09:00:00'),(323,6,'orderHourTask','run',NULL,0,NULL,3,'2019-02-07 10:00:00'),(324,6,'orderHourTask','run',NULL,0,NULL,5,'2019-02-07 11:00:00'),(325,6,'orderHourTask','run',NULL,0,NULL,8,'2019-02-07 12:00:00'),(326,6,'orderHourTask','run',NULL,0,NULL,7,'2019-02-07 13:00:00'),(327,6,'orderHourTask','run',NULL,0,NULL,3,'2019-02-07 14:00:00'),(328,6,'orderHourTask','run',NULL,0,NULL,8,'2019-02-07 15:00:00'),(329,6,'orderHourTask','run',NULL,0,NULL,5,'2019-02-07 16:00:00'),(330,6,'orderHourTask','run',NULL,0,NULL,5,'2019-02-07 17:00:00'),(331,6,'orderHourTask','run',NULL,0,NULL,11,'2019-02-07 18:00:00'),(332,6,'orderHourTask','run',NULL,0,NULL,4,'2019-02-07 19:00:00'),(333,6,'orderHourTask','run',NULL,0,NULL,6,'2019-02-07 20:00:00'),(334,6,'orderHourTask','run',NULL,0,NULL,5,'2019-02-07 21:00:00'),(335,6,'orderHourTask','run',NULL,0,NULL,7,'2019-02-07 22:00:00'),(336,6,'orderHourTask','run',NULL,0,NULL,5,'2019-02-07 23:00:00'),(337,6,'orderHourTask','run',NULL,0,NULL,10,'2019-02-08 00:00:00'),(338,7,'globalTask','run',NULL,0,NULL,3,'2019-02-08 00:00:00'),(339,8,'teamLeaderTask','run',NULL,0,NULL,9,'2019-02-08 00:00:00'),(340,9,'specialTask','run',NULL,0,NULL,12,'2019-02-08 00:00:00'),(341,3,'orderDailyTask','run',NULL,0,NULL,715,'2019-02-08 00:00:00'),(342,6,'orderHourTask','run',NULL,0,NULL,7,'2019-02-08 01:00:00'),(343,6,'orderHourTask','run',NULL,0,NULL,5,'2019-02-08 02:00:00'),(344,6,'orderHourTask','run',NULL,0,NULL,6,'2019-02-08 03:00:00'),(345,6,'orderHourTask','run',NULL,0,NULL,4,'2019-02-08 04:00:00'),(346,6,'orderHourTask','run',NULL,0,NULL,13,'2019-02-08 05:00:00'),(347,6,'orderHourTask','run',NULL,0,NULL,4,'2019-02-08 06:00:00'),(348,6,'orderHourTask','run',NULL,0,NULL,4,'2019-02-08 07:00:00'),(349,6,'orderHourTask','run',NULL,0,NULL,5,'2019-02-08 08:00:00'),(350,6,'orderHourTask','run',NULL,0,NULL,5,'2019-02-08 09:00:00'),(351,6,'orderHourTask','run',NULL,0,NULL,5,'2019-02-08 10:00:00'),(352,6,'orderHourTask','run',NULL,0,NULL,9,'2019-02-08 11:00:00'),(353,6,'orderHourTask','run',NULL,0,NULL,5,'2019-02-08 12:00:00'),(354,6,'orderHourTask','run',NULL,0,NULL,5,'2019-02-08 13:00:00'),(355,6,'orderHourTask','run',NULL,0,NULL,4,'2019-02-08 14:00:00'),(356,6,'orderHourTask','run',NULL,0,NULL,4,'2019-02-08 15:00:00'),(357,6,'orderHourTask','run',NULL,0,NULL,9,'2019-02-08 16:00:00'),(358,6,'orderHourTask','run',NULL,0,NULL,5,'2019-02-08 17:00:00'),(359,6,'orderHourTask','run',NULL,0,NULL,4,'2019-02-08 18:00:00'),(360,6,'orderHourTask','run',NULL,0,NULL,5,'2019-02-08 19:00:00'),(361,6,'orderHourTask','run',NULL,0,NULL,8,'2019-02-08 20:00:00'),(362,6,'orderHourTask','run',NULL,0,NULL,5,'2019-02-08 21:00:00'),(363,6,'orderHourTask','run',NULL,0,NULL,10,'2019-02-08 22:00:00'),(364,6,'orderHourTask','run',NULL,0,NULL,4,'2019-02-08 23:00:00'),(365,6,'orderHourTask','run',NULL,0,NULL,9,'2019-02-09 00:00:00'),(366,7,'globalTask','run',NULL,0,NULL,6,'2019-02-09 00:00:00'),(367,8,'teamLeaderTask','run',NULL,0,NULL,20,'2019-02-09 00:00:00'),(368,9,'specialTask','run',NULL,0,NULL,10,'2019-02-09 00:00:00'),(369,3,'orderDailyTask','run',NULL,0,NULL,596,'2019-02-09 00:00:00'),(370,6,'orderHourTask','run',NULL,0,NULL,9,'2019-02-09 01:00:00'),(371,6,'orderHourTask','run',NULL,0,NULL,4,'2019-02-09 02:00:00'),(372,6,'orderHourTask','run',NULL,0,NULL,4,'2019-02-09 03:00:00'),(373,6,'orderHourTask','run',NULL,0,NULL,4,'2019-02-09 04:00:00'),(374,6,'orderHourTask','run',NULL,0,NULL,4,'2019-02-09 05:00:00'),(375,6,'orderHourTask','run',NULL,0,NULL,3,'2019-02-09 06:00:00'),(376,6,'orderHourTask','run',NULL,0,NULL,6,'2019-02-09 07:00:00'),(377,6,'orderHourTask','run',NULL,0,NULL,5,'2019-02-09 08:00:00'),(378,6,'orderHourTask','run',NULL,0,NULL,4,'2019-02-09 09:00:00'),(379,6,'orderHourTask','run',NULL,0,NULL,6,'2019-02-09 10:00:00'),(380,6,'orderHourTask','run',NULL,0,NULL,6,'2019-02-09 11:00:00'),(381,6,'orderHourTask','run',NULL,0,NULL,7,'2019-02-09 12:00:00'),(382,6,'orderHourTask','run',NULL,0,NULL,5,'2019-02-09 13:00:00'),(383,6,'orderHourTask','run',NULL,0,NULL,5,'2019-02-09 14:00:00'),(384,6,'orderHourTask','run',NULL,0,NULL,4,'2019-02-09 15:00:00'),(385,6,'orderHourTask','run',NULL,0,NULL,5,'2019-02-09 16:00:00'),(386,6,'orderHourTask','run',NULL,0,NULL,5,'2019-02-09 17:00:00'),(387,6,'orderHourTask','run',NULL,0,NULL,5,'2019-02-09 18:00:00'),(388,6,'orderHourTask','run',NULL,0,NULL,5,'2019-02-09 19:00:00'),(389,6,'orderHourTask','run',NULL,0,NULL,3,'2019-02-09 20:00:00'),(390,6,'orderHourTask','run',NULL,0,NULL,3,'2019-02-09 21:00:00'),(391,6,'orderHourTask','run',NULL,0,NULL,5,'2019-02-09 22:00:00'),(392,6,'orderHourTask','run',NULL,0,NULL,5,'2019-02-09 23:00:00'),(393,6,'orderHourTask','run',NULL,0,NULL,16,'2019-02-10 00:00:00'),(394,7,'globalTask','run',NULL,0,NULL,28,'2019-02-10 00:00:00'),(395,8,'teamLeaderTask','run',NULL,0,NULL,29,'2019-02-10 00:00:00'),(396,9,'specialTask','run',NULL,0,NULL,30,'2019-02-10 00:00:00'),(397,3,'orderDailyTask','run',NULL,0,NULL,794,'2019-02-10 00:00:00'),(398,6,'orderHourTask','run',NULL,0,NULL,3,'2019-02-10 01:00:00'),(399,6,'orderHourTask','run',NULL,0,NULL,4,'2019-02-10 02:00:00'),(400,6,'orderHourTask','run',NULL,0,NULL,4,'2019-02-10 03:00:00'),(401,6,'orderHourTask','run',NULL,0,NULL,4,'2019-02-10 04:00:00'),(402,6,'orderHourTask','run',NULL,0,NULL,7,'2019-02-10 05:00:00'),(403,6,'orderHourTask','run',NULL,0,NULL,4,'2019-02-10 06:00:00'),(404,6,'orderHourTask','run',NULL,0,NULL,5,'2019-02-10 07:00:00'),(405,6,'orderHourTask','run',NULL,0,NULL,6,'2019-02-10 08:00:00'),(406,6,'orderHourTask','run',NULL,0,NULL,6,'2019-02-10 09:00:00'),(407,6,'orderHourTask','run',NULL,0,NULL,4,'2019-02-10 10:00:00'),(408,6,'orderHourTask','run',NULL,0,NULL,6,'2019-02-10 11:00:00'),(409,6,'orderHourTask','run',NULL,0,NULL,5,'2019-02-10 12:00:00'),(410,6,'orderHourTask','run',NULL,0,NULL,5,'2019-02-10 13:00:00'),(411,6,'orderHourTask','run',NULL,0,NULL,6,'2019-02-10 14:00:00'),(412,6,'orderHourTask','run',NULL,0,NULL,9,'2019-02-10 15:00:00'),(413,6,'orderHourTask','run',NULL,0,NULL,6,'2019-02-10 16:00:00'),(414,6,'orderHourTask','run',NULL,0,NULL,6,'2019-02-10 17:00:00'),(415,6,'orderHourTask','run',NULL,0,NULL,7,'2019-02-10 18:00:00'),(416,6,'orderHourTask','run',NULL,0,NULL,5,'2019-02-10 19:00:00'),(417,6,'orderHourTask','run',NULL,0,NULL,4,'2019-02-10 20:00:00'),(418,6,'orderHourTask','run',NULL,0,NULL,14,'2019-02-10 21:00:00'),(419,6,'orderHourTask','run',NULL,0,NULL,4,'2019-02-10 22:00:00'),(420,6,'orderHourTask','run',NULL,0,NULL,15,'2019-02-10 23:00:00'),(421,6,'orderHourTask','run',NULL,0,NULL,9,'2019-02-11 00:00:00'),(422,7,'globalTask','run',NULL,0,NULL,9,'2019-02-11 00:00:00'),(423,8,'teamLeaderTask','run',NULL,0,NULL,5,'2019-02-11 00:00:00'),(424,9,'specialTask','run',NULL,0,NULL,11,'2019-02-11 00:00:00'),(425,3,'orderDailyTask','run',NULL,0,NULL,1168,'2019-02-11 00:00:00'),(426,6,'orderHourTask','run',NULL,0,NULL,4,'2019-02-11 01:00:00'),(427,6,'orderHourTask','run',NULL,0,NULL,3,'2019-02-11 02:00:00'),(428,6,'orderHourTask','run',NULL,0,NULL,6,'2019-02-11 03:00:00'),(429,6,'orderHourTask','run',NULL,0,NULL,11,'2019-02-11 04:00:00'),(430,6,'orderHourTask','run',NULL,0,NULL,19,'2019-02-11 05:00:00'),(431,6,'orderHourTask','run',NULL,0,NULL,4,'2019-02-11 06:00:00'),(432,6,'orderHourTask','run',NULL,0,NULL,4,'2019-02-11 07:00:00'),(433,6,'orderHourTask','run',NULL,0,NULL,5,'2019-02-11 08:00:00'),(434,6,'orderHourTask','run',NULL,0,NULL,58,'2019-02-11 09:00:00'),(435,6,'orderHourTask','run',NULL,0,NULL,3,'2019-02-11 10:00:00'),(436,6,'orderHourTask','run',NULL,0,NULL,3,'2019-02-11 11:00:00'),(437,6,'orderHourTask','run',NULL,0,NULL,6,'2019-02-11 12:00:00'),(438,6,'orderHourTask','run',NULL,0,NULL,7,'2019-02-11 13:00:00'),(439,6,'orderHourTask','run',NULL,0,NULL,5,'2019-02-11 14:00:00'),(440,6,'orderHourTask','run',NULL,0,NULL,6,'2019-02-11 15:00:00'),(441,6,'orderHourTask','run',NULL,0,NULL,4,'2019-02-11 16:00:00'),(442,6,'orderHourTask','run',NULL,0,NULL,6,'2019-02-11 17:00:00'),(443,6,'orderHourTask','run',NULL,0,NULL,9,'2019-02-11 18:00:00'),(444,6,'orderHourTask','run',NULL,0,NULL,8,'2019-02-11 19:00:00'),(445,6,'orderHourTask','run',NULL,0,NULL,5,'2019-02-11 20:00:00'),(446,6,'orderHourTask','run',NULL,0,NULL,5,'2019-02-11 21:00:00'),(447,6,'orderHourTask','run',NULL,0,NULL,4,'2019-02-11 22:00:00'),(448,6,'orderHourTask','run',NULL,0,NULL,4,'2019-02-11 23:00:00'),(449,6,'orderHourTask','run',NULL,0,NULL,34,'2019-02-12 00:00:00'),(450,7,'globalTask','run',NULL,0,NULL,13,'2019-02-12 00:00:00'),(451,8,'teamLeaderTask','run',NULL,0,NULL,2,'2019-02-12 00:00:00'),(452,9,'specialTask','run',NULL,0,NULL,15,'2019-02-12 00:00:00'),(453,3,'orderDailyTask','run',NULL,0,NULL,724,'2019-02-12 00:00:00'),(454,6,'orderHourTask','run',NULL,0,NULL,3,'2019-02-12 01:00:00'),(455,6,'orderHourTask','run',NULL,0,NULL,27,'2019-02-12 02:00:00'),(456,6,'orderHourTask','run',NULL,0,NULL,5,'2019-02-12 03:00:00'),(457,6,'orderHourTask','run',NULL,0,NULL,3,'2019-02-12 04:00:00'),(458,6,'orderHourTask','run',NULL,0,NULL,8,'2019-02-12 05:00:00'),(459,6,'orderHourTask','run',NULL,0,NULL,4,'2019-02-12 06:00:00'),(460,6,'orderHourTask','run',NULL,0,NULL,4,'2019-02-12 07:00:00'),(461,6,'orderHourTask','run',NULL,0,NULL,5,'2019-02-12 08:00:00'),(462,6,'orderHourTask','run',NULL,0,NULL,5,'2019-02-12 09:00:00'),(463,6,'orderHourTask','run',NULL,0,NULL,3,'2019-02-12 10:00:00'),(464,6,'orderHourTask','run',NULL,0,NULL,5,'2019-02-12 11:00:00'),(465,6,'orderHourTask','run',NULL,0,NULL,5,'2019-02-12 12:00:00'),(466,6,'orderHourTask','run',NULL,0,NULL,4,'2019-02-12 13:00:00'),(467,6,'orderHourTask','run',NULL,0,NULL,4,'2019-02-12 14:00:00'),(468,6,'orderHourTask','run',NULL,0,NULL,13,'2019-02-12 15:00:00'),(469,6,'orderHourTask','run',NULL,0,NULL,5,'2019-02-12 16:00:00'),(470,6,'orderHourTask','run',NULL,0,NULL,4,'2019-02-12 17:00:00'),(471,6,'orderHourTask','run',NULL,0,NULL,3,'2019-02-12 18:00:00'),(472,6,'orderHourTask','run',NULL,0,NULL,8,'2019-02-12 19:00:00'),(473,6,'orderHourTask','run',NULL,0,NULL,10,'2019-02-12 20:00:00'),(474,6,'orderHourTask','run',NULL,0,NULL,4,'2019-02-12 21:00:00'),(475,6,'orderHourTask','run',NULL,0,NULL,5,'2019-02-12 22:00:00'),(476,6,'orderHourTask','run',NULL,0,NULL,4,'2019-02-12 23:00:00'),(477,6,'orderHourTask','run',NULL,0,NULL,25,'2019-02-13 00:00:00'),(478,7,'globalTask','run',NULL,0,NULL,30,'2019-02-13 00:00:00'),(479,8,'teamLeaderTask','run',NULL,0,NULL,17,'2019-02-13 00:00:00'),(480,9,'specialTask','run',NULL,0,NULL,11,'2019-02-13 00:00:00'),(481,3,'orderDailyTask','run',NULL,0,NULL,602,'2019-02-13 00:00:00'),(482,6,'orderHourTask','run',NULL,0,NULL,5,'2019-02-13 01:00:00'),(483,6,'orderHourTask','run',NULL,0,NULL,4,'2019-02-13 02:00:00'),(484,6,'orderHourTask','run',NULL,0,NULL,5,'2019-02-13 03:00:00'),(485,6,'orderHourTask','run',NULL,0,NULL,5,'2019-02-13 04:00:00'),(486,6,'orderHourTask','run',NULL,0,NULL,4,'2019-02-13 05:00:00'),(487,6,'orderHourTask','run',NULL,0,NULL,9,'2019-02-13 06:00:00'),(488,6,'orderHourTask','run',NULL,0,NULL,6,'2019-02-13 07:00:00'),(489,6,'orderHourTask','run',NULL,0,NULL,5,'2019-02-13 08:00:00'),(490,6,'orderHourTask','run',NULL,0,NULL,4,'2019-02-13 09:00:00'),(491,6,'orderHourTask','run',NULL,0,NULL,5,'2019-02-13 10:00:00'),(492,6,'orderHourTask','run',NULL,0,NULL,6,'2019-02-13 11:00:00'),(493,6,'orderHourTask','run',NULL,0,NULL,4,'2019-02-13 12:00:00'),(494,6,'orderHourTask','run',NULL,0,NULL,5,'2019-02-13 13:00:00'),(495,6,'orderHourTask','run',NULL,0,NULL,3,'2019-02-13 14:00:00'),(496,6,'orderHourTask','run',NULL,0,NULL,5,'2019-02-13 15:00:00'),(497,6,'orderHourTask','run',NULL,0,NULL,7,'2019-02-13 16:00:00'),(498,6,'orderHourTask','run',NULL,0,NULL,5,'2019-02-13 17:00:00'),(499,6,'orderHourTask','run',NULL,0,NULL,5,'2019-02-13 18:00:00'),(500,6,'orderHourTask','run',NULL,0,NULL,6,'2019-02-13 19:00:00'),(501,6,'orderHourTask','run',NULL,0,NULL,5,'2019-02-13 20:00:00'),(502,6,'orderHourTask','run',NULL,0,NULL,3,'2019-02-13 21:00:00'),(503,6,'orderHourTask','run',NULL,0,NULL,5,'2019-02-13 22:00:00'),(504,6,'orderHourTask','run',NULL,0,NULL,12,'2019-02-13 23:00:00'),(505,6,'orderHourTask','run',NULL,0,NULL,9,'2019-02-14 00:00:00'),(506,7,'globalTask','run',NULL,0,NULL,14,'2019-02-14 00:00:00'),(507,8,'teamLeaderTask','run',NULL,0,NULL,9,'2019-02-14 00:00:00'),(508,9,'specialTask','run',NULL,0,NULL,11,'2019-02-14 00:00:00'),(509,3,'orderDailyTask','run',NULL,0,NULL,513,'2019-02-14 00:00:00'),(510,6,'orderHourTask','run',NULL,0,NULL,3,'2019-02-14 01:00:00'),(511,6,'orderHourTask','run',NULL,0,NULL,5,'2019-02-14 02:00:00'),(512,6,'orderHourTask','run',NULL,0,NULL,6,'2019-02-14 03:00:00'),(513,6,'orderHourTask','run',NULL,0,NULL,4,'2019-02-14 04:00:00'),(514,6,'orderHourTask','run',NULL,0,NULL,8,'2019-02-14 05:00:00'),(515,6,'orderHourTask','run',NULL,0,NULL,7,'2019-02-14 06:00:00'),(516,6,'orderHourTask','run',NULL,0,NULL,4,'2019-02-14 07:00:00'),(517,6,'orderHourTask','run',NULL,0,NULL,4,'2019-02-14 08:00:00'),(518,6,'orderHourTask','run',NULL,0,NULL,14,'2019-02-14 09:00:00'),(519,6,'orderHourTask','run',NULL,0,NULL,6,'2019-02-14 10:00:00'),(520,6,'orderHourTask','run',NULL,0,NULL,6,'2019-02-14 11:00:00'),(521,6,'orderHourTask','run',NULL,0,NULL,4,'2019-02-14 12:00:00'),(522,6,'orderHourTask','run',NULL,0,NULL,6,'2019-02-14 13:00:00'),(523,6,'orderHourTask','run',NULL,0,NULL,6,'2019-02-14 14:00:00'),(524,6,'orderHourTask','run',NULL,0,NULL,6,'2019-02-14 15:00:00'),(525,6,'orderHourTask','run',NULL,0,NULL,3,'2019-02-14 16:00:00'),(526,6,'orderHourTask','run',NULL,0,NULL,4,'2019-02-14 17:00:00'),(527,6,'orderHourTask','run',NULL,0,NULL,5,'2019-02-14 18:00:00'),(528,6,'orderHourTask','run',NULL,0,NULL,10,'2019-02-14 19:00:00'),(529,6,'orderHourTask','run',NULL,0,NULL,4,'2019-02-14 20:00:00'),(530,6,'orderHourTask','run',NULL,0,NULL,13,'2019-02-14 21:00:00'),(531,6,'orderHourTask','run',NULL,0,NULL,5,'2019-02-14 22:00:00'),(532,6,'orderHourTask','run',NULL,0,NULL,6,'2019-02-14 23:00:00'),(533,6,'orderHourTask','run',NULL,0,NULL,10,'2019-02-15 00:00:00'),(534,7,'globalTask','run',NULL,0,NULL,10,'2019-02-15 00:00:00'),(535,8,'teamLeaderTask','run',NULL,0,NULL,5,'2019-02-15 00:00:00'),(536,9,'specialTask','run',NULL,0,NULL,12,'2019-02-15 00:00:00'),(537,3,'orderDailyTask','run',NULL,0,NULL,142,'2019-02-15 00:00:00'),(538,6,'orderHourTask','run',NULL,0,NULL,11,'2019-02-15 01:00:00'),(539,6,'orderHourTask','run',NULL,0,NULL,5,'2019-02-15 02:00:00'),(540,6,'orderHourTask','run',NULL,0,NULL,4,'2019-02-15 03:00:00'),(541,6,'orderHourTask','run',NULL,0,NULL,5,'2019-02-15 04:00:00'),(542,6,'orderHourTask','run',NULL,0,NULL,10,'2019-02-15 05:00:00'),(543,6,'orderHourTask','run',NULL,0,NULL,4,'2019-02-15 06:00:00'),(544,6,'orderHourTask','run',NULL,0,NULL,5,'2019-02-15 07:00:00'),(545,6,'orderHourTask','run',NULL,0,NULL,4,'2019-02-15 08:00:00'),(546,6,'orderHourTask','run',NULL,0,NULL,5,'2019-02-15 09:00:00'),(547,6,'orderHourTask','run',NULL,0,NULL,3,'2019-02-15 10:00:00'),(548,6,'orderHourTask','run',NULL,0,NULL,5,'2019-02-15 11:00:00'),(549,6,'orderHourTask','run',NULL,0,NULL,15,'2019-02-15 12:00:00'),(550,6,'orderHourTask','run',NULL,0,NULL,4,'2019-02-15 13:00:00'),(551,6,'orderHourTask','run',NULL,0,NULL,4,'2019-02-15 14:00:00'),(552,6,'orderHourTask','run',NULL,0,NULL,6,'2019-02-15 15:00:00'),(553,6,'orderHourTask','run',NULL,0,NULL,3,'2019-02-15 16:00:00'),(554,6,'orderHourTask','run',NULL,0,NULL,5,'2019-02-15 17:00:00'),(555,6,'orderHourTask','run',NULL,0,NULL,5,'2019-02-15 18:00:00'),(556,6,'orderHourTask','run',NULL,0,NULL,7,'2019-02-15 19:00:00'),(557,6,'orderHourTask','run',NULL,0,NULL,4,'2019-02-15 20:00:00'),(558,6,'orderHourTask','run',NULL,0,NULL,3,'2019-02-15 21:00:00'),(559,6,'orderHourTask','run',NULL,0,NULL,5,'2019-02-15 22:00:00'),(560,6,'orderHourTask','run',NULL,0,NULL,4,'2019-02-15 23:00:00'),(561,6,'orderHourTask','run',NULL,0,NULL,15,'2019-02-16 00:00:00'),(562,7,'globalTask','run',NULL,0,NULL,15,'2019-02-16 00:00:00'),(563,8,'teamLeaderTask','run',NULL,0,NULL,67,'2019-02-16 00:00:00'),(564,9,'specialTask','run',NULL,0,NULL,32,'2019-02-16 00:00:00'),(565,3,'orderDailyTask','run',NULL,0,NULL,203,'2019-02-16 00:00:00'),(566,6,'orderHourTask','run',NULL,0,NULL,6,'2019-02-16 01:00:00'),(567,6,'orderHourTask','run',NULL,0,NULL,6,'2019-02-16 02:00:00'),(568,6,'orderHourTask','run',NULL,0,NULL,5,'2019-02-16 03:00:00'),(569,6,'orderHourTask','run',NULL,0,NULL,5,'2019-02-16 04:00:00'),(570,6,'orderHourTask','run',NULL,0,NULL,4,'2019-02-16 05:00:00'),(571,6,'orderHourTask','run',NULL,0,NULL,5,'2019-02-16 06:00:00'),(572,6,'orderHourTask','run',NULL,0,NULL,5,'2019-02-16 07:00:00'),(573,6,'orderHourTask','run',NULL,0,NULL,8,'2019-02-16 08:00:00'),(574,6,'orderHourTask','run',NULL,0,NULL,4,'2019-02-16 09:00:00'),(575,6,'orderHourTask','run',NULL,0,NULL,111,'2019-02-16 10:00:00'),(576,6,'orderHourTask','run',NULL,0,NULL,4,'2019-02-16 11:00:00'),(577,6,'orderHourTask','run',NULL,0,NULL,3,'2019-02-16 12:00:00'),(578,6,'orderHourTask','run',NULL,0,NULL,5,'2019-02-16 13:00:00'),(579,6,'orderHourTask','run',NULL,0,NULL,4,'2019-02-16 14:00:00'),(580,6,'orderHourTask','run',NULL,0,NULL,3,'2019-02-16 15:00:00'),(581,6,'orderHourTask','run',NULL,0,NULL,7,'2019-02-16 16:00:00'),(582,6,'orderHourTask','run',NULL,0,NULL,4,'2019-02-16 17:00:00'),(583,6,'orderHourTask','run',NULL,0,NULL,4,'2019-02-16 18:00:00'),(584,6,'orderHourTask','run',NULL,0,NULL,4,'2019-02-16 19:00:00'),(585,6,'orderHourTask','run',NULL,0,NULL,3,'2019-02-16 20:00:00'),(586,6,'orderHourTask','run',NULL,0,NULL,5,'2019-02-16 21:00:00'),(587,6,'orderHourTask','run',NULL,0,NULL,5,'2019-02-16 22:00:00'),(588,6,'orderHourTask','run',NULL,0,NULL,5,'2019-02-16 23:00:00'),(589,3,'orderDailyTask','run',NULL,0,NULL,10,'2019-02-17 00:00:00'),(590,6,'orderHourTask','run',NULL,0,NULL,6,'2019-02-17 00:00:00'),(591,7,'globalTask','run',NULL,0,NULL,10,'2019-02-17 00:00:00'),(592,8,'teamLeaderTask','run',NULL,0,NULL,12,'2019-02-17 00:00:00'),(593,9,'specialTask','run',NULL,0,NULL,11,'2019-02-17 00:00:00'),(594,6,'orderHourTask','run',NULL,0,NULL,5,'2019-02-17 01:00:00'),(595,6,'orderHourTask','run',NULL,0,NULL,9,'2019-02-17 02:00:00'),(596,6,'orderHourTask','run',NULL,0,NULL,4,'2019-02-17 03:00:00'),(597,6,'orderHourTask','run',NULL,0,NULL,5,'2019-02-17 04:00:00'),(598,6,'orderHourTask','run',NULL,0,NULL,3,'2019-02-17 05:00:00'),(599,6,'orderHourTask','run',NULL,0,NULL,3,'2019-02-17 06:00:00'),(600,6,'orderHourTask','run',NULL,0,NULL,4,'2019-02-17 07:00:00'),(601,6,'orderHourTask','run',NULL,0,NULL,3,'2019-02-17 08:00:00'),(602,6,'orderHourTask','run',NULL,0,NULL,5,'2019-02-17 09:00:00'),(603,6,'orderHourTask','run',NULL,0,NULL,5,'2019-02-17 10:00:00'),(604,6,'orderHourTask','run',NULL,0,NULL,9,'2019-02-17 11:00:00'),(605,6,'orderHourTask','run',NULL,0,NULL,9,'2019-02-17 12:00:00'),(606,6,'orderHourTask','run',NULL,0,NULL,4,'2019-02-17 13:00:00'),(607,6,'orderHourTask','run',NULL,0,NULL,8,'2019-02-17 14:00:00'),(608,6,'orderHourTask','run',NULL,0,NULL,5,'2019-02-17 15:00:00'),(609,6,'orderHourTask','run',NULL,0,NULL,7,'2019-02-17 16:00:00'),(610,6,'orderHourTask','run',NULL,0,NULL,6,'2019-02-17 17:00:00'),(611,6,'orderHourTask','run',NULL,0,NULL,4,'2019-02-17 18:00:00'),(612,6,'orderHourTask','run',NULL,0,NULL,5,'2019-02-17 19:00:00'),(613,6,'orderHourTask','run',NULL,0,NULL,16,'2019-02-17 20:00:00'),(614,6,'orderHourTask','run',NULL,0,NULL,5,'2019-02-17 21:00:00'),(615,6,'orderHourTask','run',NULL,0,NULL,4,'2019-02-17 22:00:00'),(616,6,'orderHourTask','run',NULL,0,NULL,4,'2019-02-17 23:00:00'),(617,3,'orderDailyTask','run',NULL,0,NULL,4,'2019-02-18 00:00:00'),(618,6,'orderHourTask','run',NULL,0,NULL,3,'2019-02-18 00:00:00'),(619,7,'globalTask','run',NULL,0,NULL,19,'2019-02-18 00:00:00'),(620,8,'teamLeaderTask','run',NULL,0,NULL,4,'2019-02-18 00:00:00'),(621,9,'specialTask','run',NULL,0,NULL,6,'2019-02-18 00:00:00'),(622,6,'orderHourTask','run',NULL,0,NULL,4,'2019-02-18 01:00:00'),(623,6,'orderHourTask','run',NULL,0,NULL,4,'2019-02-18 02:00:00'),(624,6,'orderHourTask','run',NULL,0,NULL,4,'2019-02-18 03:00:00'),(625,6,'orderHourTask','run',NULL,0,NULL,5,'2019-02-18 04:00:00'),(626,6,'orderHourTask','run',NULL,0,NULL,4,'2019-02-18 05:00:00'),(627,6,'orderHourTask','run',NULL,0,NULL,5,'2019-02-18 06:00:00'),(628,6,'orderHourTask','run',NULL,0,NULL,5,'2019-02-18 07:00:00'),(629,6,'orderHourTask','run',NULL,0,NULL,3,'2019-02-18 08:00:00'),(630,6,'orderHourTask','run',NULL,0,NULL,9,'2019-02-18 09:00:00'),(631,6,'orderHourTask','run',NULL,0,NULL,5,'2019-02-18 10:00:00'),(632,6,'orderHourTask','run',NULL,0,NULL,4,'2019-02-18 11:00:00'),(633,6,'orderHourTask','run',NULL,0,NULL,7,'2019-02-18 12:00:00'),(634,6,'orderHourTask','run',NULL,0,NULL,5,'2019-02-18 13:00:00'),(635,6,'orderHourTask','run',NULL,0,NULL,3,'2019-02-18 14:00:00'),(636,6,'orderHourTask','run',NULL,0,NULL,3,'2019-02-18 15:00:00'),(637,6,'orderHourTask','run',NULL,0,NULL,6,'2019-02-18 16:00:00'),(638,6,'orderHourTask','run',NULL,0,NULL,4,'2019-02-18 17:00:00'),(639,6,'orderHourTask','run',NULL,0,NULL,3,'2019-02-18 18:00:00'),(640,6,'orderHourTask','run',NULL,0,NULL,5,'2019-02-18 19:00:00'),(641,6,'orderHourTask','run',NULL,0,NULL,4,'2019-02-18 20:00:00'),(642,6,'orderHourTask','run',NULL,0,NULL,5,'2019-02-18 21:00:00'),(643,6,'orderHourTask','run',NULL,0,NULL,4,'2019-02-18 22:00:00'),(644,6,'orderHourTask','run',NULL,0,NULL,7,'2019-02-18 23:00:00'),(645,3,'orderDailyTask','run',NULL,0,NULL,4,'2019-02-19 00:00:00'),(646,6,'orderHourTask','run',NULL,0,NULL,10,'2019-02-19 00:00:00'),(647,7,'globalTask','run',NULL,0,NULL,2,'2019-02-19 00:00:00'),(648,8,'teamLeaderTask','run',NULL,0,NULL,4,'2019-02-19 00:00:00'),(649,9,'specialTask','run',NULL,0,NULL,7,'2019-02-19 00:00:00'),(650,6,'orderHourTask','run',NULL,0,NULL,7,'2019-02-19 01:00:00'),(651,6,'orderHourTask','run',NULL,0,NULL,3,'2019-02-19 02:00:00'),(652,6,'orderHourTask','run',NULL,0,NULL,4,'2019-02-19 03:00:00'),(653,6,'orderHourTask','run',NULL,0,NULL,12,'2019-02-19 04:00:00'),(654,6,'orderHourTask','run',NULL,0,NULL,5,'2019-02-19 05:00:00'),(655,6,'orderHourTask','run',NULL,0,NULL,5,'2019-02-19 06:00:00'),(656,6,'orderHourTask','run',NULL,0,NULL,7,'2019-02-19 07:00:00'),(657,6,'orderHourTask','run',NULL,0,NULL,3,'2019-02-19 08:00:00'),(658,6,'orderHourTask','run',NULL,0,NULL,7,'2019-02-19 09:00:00'),(659,6,'orderHourTask','run',NULL,0,NULL,5,'2019-02-19 10:00:00'),(660,6,'orderHourTask','run',NULL,0,NULL,5,'2019-02-19 11:00:00'),(661,6,'orderHourTask','run',NULL,0,NULL,4,'2019-02-19 12:00:00'),(662,6,'orderHourTask','run',NULL,0,NULL,6,'2019-02-19 13:00:00'),(663,6,'orderHourTask','run',NULL,0,NULL,4,'2019-02-19 14:00:00'),(664,6,'orderHourTask','run',NULL,0,NULL,10,'2019-02-19 15:00:00'),(665,6,'orderHourTask','run',NULL,0,NULL,10,'2019-02-19 16:00:00'),(666,6,'orderHourTask','run',NULL,0,NULL,4,'2019-02-19 17:00:00'),(667,6,'orderHourTask','run',NULL,0,NULL,8,'2019-02-19 18:00:00'),(668,6,'orderHourTask','run',NULL,0,NULL,4,'2019-02-19 19:00:00'),(669,6,'orderHourTask','run',NULL,0,NULL,3,'2019-02-19 20:00:00'),(670,6,'orderHourTask','run',NULL,0,NULL,3,'2019-02-19 21:00:00'),(671,6,'orderHourTask','run',NULL,0,NULL,3,'2019-02-19 22:00:00'),(672,6,'orderHourTask','run',NULL,0,NULL,5,'2019-02-19 23:00:00'),(673,3,'orderDailyTask','run',NULL,0,NULL,5,'2019-02-20 00:00:00'),(674,6,'orderHourTask','run',NULL,0,NULL,2,'2019-02-20 00:00:00'),(675,7,'globalTask','run',NULL,0,NULL,12,'2019-02-20 00:00:00'),(676,8,'teamLeaderTask','run',NULL,0,NULL,3,'2019-02-20 00:00:00'),(677,9,'specialTask','run',NULL,0,NULL,13,'2019-02-20 00:00:00'),(678,6,'orderHourTask','run',NULL,0,NULL,5,'2019-02-20 01:00:00'),(679,6,'orderHourTask','run',NULL,0,NULL,3,'2019-02-20 02:00:00'),(680,6,'orderHourTask','run',NULL,0,NULL,3,'2019-02-20 03:00:00'),(681,6,'orderHourTask','run',NULL,0,NULL,5,'2019-02-20 04:00:00'),(682,6,'orderHourTask','run',NULL,0,NULL,5,'2019-02-20 05:00:00'),(683,6,'orderHourTask','run',NULL,0,NULL,4,'2019-02-20 06:00:00'),(684,6,'orderHourTask','run',NULL,0,NULL,4,'2019-02-20 07:00:00'),(685,6,'orderHourTask','run',NULL,0,NULL,4,'2019-02-20 08:00:00'),(686,6,'orderHourTask','run',NULL,0,NULL,7,'2019-02-20 09:00:00'),(687,6,'orderHourTask','run',NULL,0,NULL,7,'2019-02-20 10:00:00'),(688,6,'orderHourTask','run',NULL,0,NULL,5,'2019-02-20 11:00:00'),(689,6,'orderHourTask','run',NULL,0,NULL,7,'2019-02-20 12:00:00'),(690,6,'orderHourTask','run',NULL,0,NULL,8,'2019-02-20 13:00:00'),(691,6,'orderHourTask','run',NULL,0,NULL,4,'2019-02-20 14:00:00'),(692,6,'orderHourTask','run',NULL,0,NULL,4,'2019-02-20 15:00:00'),(693,6,'orderHourTask','run',NULL,0,NULL,4,'2019-02-20 16:00:00'),(694,6,'orderHourTask','run',NULL,0,NULL,5,'2019-02-20 17:00:00'),(695,6,'orderHourTask','run',NULL,0,NULL,8,'2019-02-20 18:00:00'),(696,6,'orderHourTask','run',NULL,0,NULL,12,'2019-02-20 19:00:00'),(697,6,'orderHourTask','run',NULL,0,NULL,5,'2019-02-20 20:00:00'),(698,6,'orderHourTask','run',NULL,0,NULL,10,'2019-02-20 21:00:00'),(699,6,'orderHourTask','run',NULL,0,NULL,16,'2019-02-20 22:00:00'),(700,6,'orderHourTask','run',NULL,0,NULL,12,'2019-02-20 23:00:00'),(701,3,'orderDailyTask','run',NULL,0,NULL,21,'2019-02-21 00:00:00'),(702,6,'orderHourTask','run',NULL,0,NULL,6,'2019-02-21 00:00:00'),(703,7,'globalTask','run',NULL,0,NULL,17,'2019-02-21 00:00:00'),(704,8,'teamLeaderTask','run',NULL,0,NULL,17,'2019-02-21 00:00:00'),(705,9,'specialTask','run',NULL,0,NULL,34,'2019-02-21 00:00:00'),(706,6,'orderHourTask','run',NULL,0,NULL,14,'2019-02-21 01:00:00'),(707,6,'orderHourTask','run',NULL,0,NULL,14,'2019-02-21 02:00:00'),(708,6,'orderHourTask','run',NULL,0,NULL,18,'2019-02-21 03:00:00'),(709,6,'orderHourTask','run',NULL,0,NULL,14,'2019-02-21 04:00:00'),(710,6,'orderHourTask','run',NULL,0,NULL,16,'2019-02-21 05:00:00'),(711,6,'orderHourTask','run',NULL,0,NULL,20,'2019-02-21 06:00:00'),(712,6,'orderHourTask','run',NULL,0,NULL,9,'2019-02-21 07:00:00'),(713,6,'orderHourTask','run',NULL,0,NULL,17,'2019-02-21 08:00:00'),(714,6,'orderHourTask','run',NULL,0,NULL,28,'2019-02-21 09:00:00'),(715,6,'orderHourTask','run',NULL,0,NULL,17,'2019-02-21 10:00:00'),(716,6,'orderHourTask','run',NULL,0,NULL,23,'2019-02-21 11:00:00');

/*Table structure for table `s_sys_dept` */

DROP TABLE IF EXISTS `s_sys_dept`;

CREATE TABLE `s_sys_dept` (
  `deptId` bigint(20) NOT NULL AUTO_INCREMENT,
  `parentId` bigint(20) DEFAULT NULL COMMENT 'ä¸Šçº§éƒ¨é—¨IDï¼Œä¸€çº§éƒ¨é—¨ä¸º0',
  `name` varchar(50) DEFAULT NULL COMMENT 'éƒ¨é—¨åç§°',
  `orderNum` int(11) DEFAULT NULL COMMENT 'æ’åº',
  `deleteFlag` int(1) DEFAULT '0' COMMENT 'æ˜¯å¦åˆ é™¤  -1ï¼šå·²åˆ é™¤  0ï¼šæ­£å¸¸',
  PRIMARY KEY (`deptId`)
) ENGINE=InnoDB AUTO_INCREMENT=13 DEFAULT CHARSET=utf8 COMMENT='éƒ¨é—¨ç®¡ç†';

/*Data for the table `s_sys_dept` */

insert  into `s_sys_dept`(`deptId`,`parentId`,`name`,`orderNum`,`deleteFlag`) values (12,0,'ç³»ç»Ÿéƒ¨é—¨',0,0);

/*Table structure for table `s_sys_menu` */

DROP TABLE IF EXISTS `s_sys_menu`;

CREATE TABLE `s_sys_menu` (
  `menuId` bigint(20) NOT NULL AUTO_INCREMENT,
  `parentId` bigint(20) DEFAULT NULL COMMENT 'çˆ¶èœå•IDï¼Œä¸€çº§èœå•ä¸º0',
  `name` varchar(50) DEFAULT NULL COMMENT 'èœå•åç§°',
  `url` varchar(200) DEFAULT NULL COMMENT 'èœå•URL',
  `perms` varchar(1000) DEFAULT NULL COMMENT 'æˆæƒ(å¤šä¸ªç”¨é€—å·åˆ†éš”ï¼Œå¦‚ï¼šuser:list,user:create)',
  `type` int(11) DEFAULT NULL COMMENT 'ç±»å‹   0ï¼šç›®å½•   1ï¼šèœå•   2ï¼šæŒ‰é’®',
  `icon` varchar(50) DEFAULT NULL COMMENT 'èœå•å›¾æ ‡',
  `spread` int(1) DEFAULT '0' COMMENT 'æ˜¯å¦å±•å¼€  0ï¼šä¸å±•å¼€  1ï¼šå±•å¼€',
  `orderNum` int(11) DEFAULT NULL COMMENT 'æ’åº',
  PRIMARY KEY (`menuId`)
) ENGINE=InnoDB AUTO_INCREMENT=96 DEFAULT CHARSET=utf8 COMMENT='èœå•ç®¡ç†';

/*Data for the table `s_sys_menu` */

insert  into `s_sys_menu`(`menuId`,`parentId`,`name`,`url`,`perms`,`type`,`icon`,`spread`,`orderNum`) values (1,0,'ç³»ç»Ÿç®¡ç†',NULL,NULL,0,'larry-xitong',1,0),(2,46,'ç”¨æˆ·ç®¡ç†','modules/sys/user.html',NULL,1,'larry-yonghuliebiao',0,1),(3,46,'è§’è‰²ç®¡ç†','modules/sys/role.html',NULL,1,'larry-jiaoseguanli',0,2),(4,49,'èœå•ç®¡ç†','modules/sys/menu.html',NULL,1,'larry-lanmuguanli-copy',0,1),(5,47,'SQLç›‘æ§','druid/sql.html',NULL,1,'larry-uicon_sql',0,1),(15,2,'æŸ¥çœ‹',NULL,'sys:user:list,sys:user:info',2,NULL,0,0),(16,2,'æ–°å¢',NULL,'sys:user:save,sys:role:select',2,NULL,0,0),(17,2,'ä¿®æ”¹',NULL,'sys:user:update,sys:role:select',2,NULL,0,0),(18,2,'åˆ é™¤',NULL,'sys:user:delete',2,NULL,0,0),(19,3,'æŸ¥çœ‹',NULL,'sys:role:list,sys:role:info',2,NULL,0,0),(20,3,'æ–°å¢',NULL,'sys:role:save,sys:menu:perms',2,NULL,0,0),(21,3,'ä¿®æ”¹',NULL,'sys:role:update,sys:menu:perms',2,NULL,0,0),(22,3,'åˆ é™¤',NULL,'sys:role:delete',2,NULL,0,0),(23,4,'æŸ¥çœ‹',NULL,'sys:menu:list,sys:menu:info',2,NULL,0,0),(24,4,'æ–°å¢',NULL,'sys:menu:save,sys:menu:select',2,NULL,0,0),(25,4,'ä¿®æ”¹',NULL,'sys:menu:update,sys:menu:select',2,NULL,0,0),(26,4,'åˆ é™¤',NULL,'sys:menu:delete',2,NULL,0,0),(27,42,'å‚æ•°ç®¡ç†','modules/sys/config.html','sys:config:list,sys:config:info,sys:config:save,sys:config:update,sys:config:delete',1,'larry-xitong-pressed',0,2),(29,47,'ç³»ç»Ÿæ—¥å¿—','modules/sys/log.html','sys:log:list',1,'larry-10109',0,2),(30,42,'æ–‡ä»¶ä¸Šä¼ ','modules/sys/oss.html','sys:oss:all',1,'larry-friendLink',0,4),(31,46,'éƒ¨é—¨ç®¡ç†','modules/sys/dept.html',NULL,1,'larry-Shape',0,3),(32,31,'æŸ¥çœ‹',NULL,'sys:dept:list,sys:dept:info',2,NULL,0,0),(33,31,'æ–°å¢',NULL,'sys:dept:save,sys:dept:select',2,NULL,0,0),(34,31,'ä¿®æ”¹',NULL,'sys:dept:update,sys:dept:select',2,NULL,0,0),(35,31,'åˆ é™¤',NULL,'sys:dept:delete',2,NULL,0,0),(41,48,'æ–‡ç« ç®¡ç†','modules/demo/news.html','demo:news:list,demo:news:info,demo:news:save,demo:news:update,demo:news:delete',1,'larry-neirongfabu',0,1),(42,1,'ç³»ç»Ÿè®¾ç½®',NULL,NULL,0,'larry-wsmp-setting',0,2),(46,1,'ç³»ç»Ÿç”¨æˆ·ç®¡ç†',NULL,NULL,0,'larry-paikexitong_yonghuguanli',0,0),(47,1,'ç³»ç»Ÿç›‘æ§',NULL,NULL,0,'larry-shouye-anquanguanli',0,3),(48,0,'åŠŸèƒ½ç¤ºä¾‹',NULL,NULL,0,'larry-diannao3',0,2),(49,1,'ç³»ç»Ÿèœå•',NULL,NULL,0,'larry-caidanguanli3',0,1),(50,49,'å›¾æ ‡ç®¡ç†','modules/demo/font.html',NULL,1,'larry-qizhi',0,2),(51,2,'å¯¼å‡º',NULL,'sys:user:export',2,NULL,0,0),(53,0,'Goç³»ç»Ÿç®¡ç†',NULL,NULL,0,'larry-xiaolian',0,1),(54,53,'å•†å“ç®¡ç†','modules/happytrip/product.html','ht:product:list,ht:product:info,ht:product:update,ht:product:save,ht:product:delete,ht:product:select,ht:productType:list,',0,'larry-lanmuguanli-copy',0,0),(58,53,'æ—¥å¿—ç®¡ç†','modules/happytrip/log.html','sys:log:list',1,'larry-10109',0,9),(59,53,'ç”¨æˆ·ç®¡ç†','modules/happytrip/user.html','ht:USER:LIST,ht:USER:info,ht:USER:UPDATE,ht:USER:save,ht:USER:DELETE,ht:USER:SELECT,ht:walletChange:LIST,ht:wallet:LIST,ht:wallet:info,ht:USER:resetpass,ht:wallet:recharge,ht:wallet:subtract',0,'larry-yonghuliebiao',0,2),(60,53,'å¸å˜ç®¡ç†','modules/happytrip/walletChange.html','ht:walletChange:list',1,'larry-log',0,8),(61,53,'å‚æ•°ç®¡ç†','modules/sys/config.html','sys:config:list,sys:config:info,sys:config:save,sys:config:update,sys:config:delete',0,'larry-xitong-pressed',0,6),(62,53,'æ–‡ä»¶ä¸Šä¼ ','modules/sys/oss.html','sys:oss:all',1,'larry-friendLink',0,10),(63,53,'å®šæ—¶ä»»åŠ¡','modules/job/schedule.html',NULL,0,'larry-xitong10',0,9),(71,61,'å……å€¼å‚æ•°','modules/happytrip/config.html?configType=recharge','sys:config:list,sys:config:info,sys:config:save,sys:config:update,sys:config:delete',1,'larry-tubiaozhizuomoban-copy',0,0),(72,53,'è®¢å•ç®¡ç†','modules/order/order.html','ht:order:list,ht:order:info,ht:order:save,ht:order:update,ht:order:delete',0,'larry-fold4',0,1),(73,54,'å•†å“åˆ—è¡¨','modules/happytrip/product.html','ht:product:list,ht:product:info,ht:product:update,ht:product:save,ht:product:delete,ht:product:select,ht:productType:list,',1,'larry-listpress',0,1),(74,54,'å•†å“ç±»å‹','modules/happytrip/productType.html','ht:productType:list,ht:productType:info,ht:productType:update,ht:productType:save,ht:productType:delete,ht:productType:select,ht:productTypeType:list,',1,'larry-mianban',0,0),(75,72,'è®¢å•åˆ—è¡¨','modules/happytrip/order.html','ht:order:list,ht:order:info,ht:order:save,ht:order:update,ht:order:delete,ht:order:select',1,'larry-caidan',0,0),(76,59,'ç”¨æˆ·åˆ—è¡¨','modules/happytrip/user.html','ht:USER:LIST,ht:USER:info,ht:USER:UPDATE,ht:USER:save,ht:USER:DELETE,ht:USER:SELECT,ht:walletChange:LIST,ht:wallet:LIST,ht:wallet:info,ht:USER:resetpass,ht:wallet:recharge,ht:wallet:subtract',1,'larry-Userlist',0,0),(77,53,'å……å€¼ç®¡ç†',NULL,NULL,0,'larry-chongzhi',0,3),(78,53,'æç°ç®¡ç†',NULL,NULL,0,'larry-chongzhi2',0,4),(79,77,'å……å€¼åˆ—è¡¨','modules/happytrip/recharge.html','ht:recharge:list,ht:recharge:info,ht:recharge:update,ht:recharge:delete,ht:recharge:save,ht:recharge:select',1,'larry-chongzh',0,0),(81,78,'æç°åˆ—è¡¨','modules/happytrip/withdraw.html','ht:withdraw:list,ht:withdraw:save,ht:withdraw:update,ht:withdraw:info,ht:withdraw:select,ht:withdraw:delete',1,'larry-icon3',0,0),(82,53,'ç¦åˆ©ç®¡ç†',NULL,NULL,0,'larry-a536',0,5),(83,82,'ç¦åˆ©åˆ—è¡¨','modules/happytrip/welfare.html','ht:welfare:list,ht:welfare:info,ht:welfare:update,ht:welfare:save,ht:welfare:delete',1,'larry-xitong4',0,0),(84,61,'æç°å‚æ•°','modules/happytrip/config.html?configType=withdraw','sys:config:list,sys:config:info,sys:config:save,sys:config:update,sys:config:delete',1,'larry-faxianhover',0,1),(85,61,'ç³»ç»Ÿå‚æ•°','modules/happytrip/config.html?configType=system','sys:config:list,sys:config:info,sys:config:save,sys:config:update,sys:config:delete',1,'larry-system-extension',0,2),(86,61,'ç¦åˆ©å¼€å…³','modules/happytrip/config.html?configType=welfare','sys:config:list,sys:config:info,sys:config:save,sys:config:update,sys:config:delete',1,'larry-anquanguanli',0,3),(87,53,'æŠ¥è¡¨ç»Ÿè®¡','modules/happytrip/report.html','ht:report:list,ht:report:info,ht:report:update,ht:report:delete,ht:report:save',1,'larry-shujutongji2',0,7),(88,53,'æ”¯ä»˜æ¥å£','modules/happytrip/payment.html','ht:payment:list,ht:payment:save,ht:payment:update,ht:payment:info,ht:payment:delete',1,'larry-fold2',0,8),(89,63,'ä»»åŠ¡åˆ—è¡¨','modules/job/schedule.html','sys:schedule:list,sys:schedule:info,sys:schedule:save,sys:schedule:update,sys:schedule:delete,sys:schedule:pause,sys:schedule:resume,sys:schedule:run',1,'larry-renwu',0,0),(90,63,'ä»»åŠ¡æ—¥å¿—','modules/job/scheduleLog.html','sys:schedulelog:list,sys:schedulelog:info,sys:schedulelog:save,sys:schedulelog:update,sys:schedulelog:delete,sys:schedulelog:pause,sys:schedulelog:resume,sys:schedulelog:run',1,'larry-caozuorizhi',0,1),(91,59,'æ¨èè®°å½•','modules/happytrip/recommend.html','ht:recommend:list,ht:recommend:info,ht:recommend:save,ht:recommend:update,ht:recommend:delete',1,'larry-gerenxinxi',0,11),(92,53,'æ´¾å‘è®°å½•',NULL,NULL,0,'larry-zhuti',0,13),(93,92,'å…¨çƒåˆ†çº¢æ´¾å‘','modules/happytrip/globalRecord.html','ht:globalrecord:list,ht:globalrecord:update,ht:globalrecord:save,ht:globalrecord:info,ht:globalrecord:delete,ht:globalrecord:grant',1,'larry-html2',0,0),(94,92,'å›¢é˜Ÿé¢†å¯¼å¥–æ´¾å‘','modules/happytrip/teamLeaderRecord.html','ht:teamleaderrecord:list,ht:teamleaderrecord:save,ht:teamleaderrecord:update,ht:teamleaderrecord:delete,ht:teamleaderrecord:info,ht:teamleaderrecord:grant',1,'larry-xitong',0,1),(95,92,'ç‰¹åˆ«è´¡çŒ®å¥–æ´¾å‘','modules/happytrip/specialRecord.html','ht:specialRecord:list,ht:specialRecord:update,ht:specialRecord:save,ht:specialRecord:info,ht:specialRecord:delete,ht:specialRecord:grant',1,'larry-youqinglianjie',0,2);

/*Table structure for table `s_sys_oss` */

DROP TABLE IF EXISTS `s_sys_oss`;

CREATE TABLE `s_sys_oss` (
  `id` bigint(20) NOT NULL AUTO_INCREMENT,
  `url` varchar(200) DEFAULT NULL COMMENT 'URLåœ°å€',
  `createTime` datetime DEFAULT NULL COMMENT 'åˆ›å»ºæ—¶é—´',
  PRIMARY KEY (`id`)
) ENGINE=InnoDB AUTO_INCREMENT=62 DEFAULT CHARSET=utf8 COMMENT='æ–‡ä»¶ä¸Šä¼ ';

/*Data for the table `s_sys_oss` */

insert  into `s_sys_oss`(`id`,`url`,`createTime`) values (4,'/home/images/20190119193515.JPG','2019-01-19 19:35:15'),(5,'/home/images/20190119193604.JPG','2019-01-19 19:36:05'),(6,'/home/images/20190119193713.JPG','2019-01-19 19:37:14'),(7,'/home/images/20190119202508.JPG','2019-01-19 20:25:08'),(8,'/home/images/20190119230717.JPG','2019-01-19 23:07:18'),(9,'/home/images/20190119231501.JPG','2019-01-19 23:15:02'),(10,'/home/images/20190120001106.JPG','2019-01-20 00:11:07'),(11,'/home/images/20190120001142.JPG','2019-01-20 00:11:42'),(12,'/home/images/20190120001859.JPG','2019-01-20 00:19:00'),(13,'/home/images/20190120002813.JPG','2019-01-20 00:28:13'),(14,'/home/images/20190120002828.JPG','2019-01-20 00:28:29'),(15,'/home/images/20190120002836.JPG','2019-01-20 00:28:37'),(16,'/home/images/20190120003132.JPG','2019-01-20 00:31:32'),(17,'/home/images/20190120003418.JPG','2019-01-20 00:34:18'),(18,'/home/images/20190120003441.JPG','2019-01-20 00:34:42'),(19,'/home/images/20190120004458.JPG','2019-01-20 00:44:58'),(20,'/home/images/20190120004602.JPG','2019-01-20 00:46:02'),(21,'/home/images/20190120004637.JPG','2019-01-20 00:46:37'),(22,'/home/images/20190120004706.JPG','2019-01-20 00:47:06'),(23,'/home/images/20190120005403.JPG','2019-01-20 00:54:04'),(24,'/home/images/20190120005502.JPG','2019-01-20 00:55:02'),(25,'/home/images/20190122113249.jpg','2019-01-22 11:32:50'),(26,'/home/images/20190122113408.jpg','2019-01-22 11:34:09'),(27,'/home/images/20190122113633.jpg','2019-01-22 11:36:34'),(28,'/home/images/20190122124653.jpg','2019-01-22 12:46:53'),(29,'/home/images/20190122124830.jpg','2019-01-22 12:48:30'),(30,'/home/images/20190122130146.jpg','2019-01-22 13:01:47'),(31,'/home/images/20190122130243.jpg','2019-01-22 13:02:43'),(32,'/home/images/20190122130259.jpg','2019-01-22 13:02:59'),(33,'/home/images/20190122130657.jpg','2019-01-22 13:06:58'),(34,'/home/images/20190122131033.jpg','2019-01-22 13:10:34'),(35,'/home/images/20190122131044.jpg','2019-01-22 13:10:45'),(36,'/home/images/20190122131253.jpg','2019-01-22 13:12:53'),(37,'/home/images/20190122133110.jpg','2019-01-22 13:31:10'),(38,'/home/images/20190122133117.jpg','2019-01-22 13:31:18'),(39,'/home/images/20190122134303.jpg','2019-01-22 13:43:04'),(40,'/home/images/20190122141717.jpg','2019-01-22 14:17:18'),(41,'/home/images/20190122141725.jpg','2019-01-22 14:17:26'),(42,'/home/images/20190122141920.jpg','2019-01-22 14:19:20'),(43,'/home/images/20190122145921.jpg','2019-01-22 14:59:22'),(44,'/home/images/20190122151113.jpg','2019-01-22 15:11:13'),(45,'/home/images/20190122151158.jpg','2019-01-22 15:11:59'),(46,'/home/images/20190122151312.jpg','2019-01-22 15:13:13'),(47,'/home/images/20190122152220.jpg','2019-01-22 15:22:21'),(48,'/home/images/20190123223703.JPG','2019-01-23 22:37:04'),(49,'/home/images/20190126215050.JPG','2019-01-26 21:50:50'),(50,'/home/images/20190126215838.JPG','2019-01-26 21:58:39'),(51,'/home/images/20190126220002.JPG','2019-01-26 22:00:03'),(52,'/home/images/20190126220113.JPG','2019-01-26 22:01:13'),(53,'/home/images/20190126220221.JPG','2019-01-26 22:02:21'),(54,'/home/images/20190126220321.JPG','2019-01-26 22:03:21'),(55,'/home/images/20190126220355.JPG','2019-01-26 22:03:55'),(56,'/home/images/20190126220507.JPG','2019-01-26 22:05:08'),(57,'/home/images/20190126220529.JPG','2019-01-26 22:05:29'),(58,'/home/images/20190126222726.JPG','2019-01-26 22:27:27'),(59,'/home/images/20190126222743.JPG','2019-01-26 22:27:44'),(60,'/home/images/20190126222836.JPG','2019-01-26 22:28:37'),(61,'/home/images/20190129221505.JPG','2019-01-29 22:15:05');

/*Table structure for table `s_sys_role` */

DROP TABLE IF EXISTS `s_sys_role`;

CREATE TABLE `s_sys_role` (
  `roleId` bigint(20) NOT NULL AUTO_INCREMENT,
  `roleName` varchar(100) DEFAULT NULL COMMENT 'è§’è‰²åç§°',
  `remark` varchar(100) DEFAULT NULL COMMENT 'å¤‡æ³¨',
  `deptId` bigint(20) DEFAULT NULL COMMENT 'éƒ¨é—¨ID',
  `createTime` datetime DEFAULT NULL COMMENT 'åˆ›å»ºæ—¶é—´',
  PRIMARY KEY (`roleId`)
) ENGINE=InnoDB AUTO_INCREMENT=22 DEFAULT CHARSET=utf8 COMMENT='è§’è‰²';

/*Data for the table `s_sys_role` */

insert  into `s_sys_role`(`roleId`,`roleName`,`remark`,`deptId`,`createTime`) values (20,'ç®¡ç†å‘˜','ç®¡ç†å‘˜',12,'2018-05-17 13:56:21'),(21,'è¶…çº§ç®¡ç†å‘˜','ç³»ç»Ÿç®¡ç†å‘˜',12,'2018-05-18 16:12:47');

/*Table structure for table `s_sys_role_dept` */

DROP TABLE IF EXISTS `s_sys_role_dept`;

CREATE TABLE `s_sys_role_dept` (
  `id` bigint(20) NOT NULL AUTO_INCREMENT,
  `roleId` bigint(20) DEFAULT NULL COMMENT 'è§’è‰²ID',
  `deptId` bigint(20) DEFAULT NULL COMMENT 'éƒ¨é—¨ID',
  PRIMARY KEY (`id`)
) ENGINE=InnoDB AUTO_INCREMENT=33 DEFAULT CHARSET=utf8 COMMENT='è§’è‰²ä¸éƒ¨é—¨å¯¹åº”å…³ç³»';

/*Data for the table `s_sys_role_dept` */

/*Table structure for table `s_sys_role_menu` */

DROP TABLE IF EXISTS `s_sys_role_menu`;

CREATE TABLE `s_sys_role_menu` (
  `id` bigint(20) NOT NULL AUTO_INCREMENT,
  `roleId` bigint(20) DEFAULT NULL COMMENT 'è§’è‰²ID',
  `menuId` bigint(20) DEFAULT NULL COMMENT 'èœå•ID',
  PRIMARY KEY (`id`)
) ENGINE=InnoDB AUTO_INCREMENT=334 DEFAULT CHARSET=utf8 COMMENT='è§’è‰²ä¸èœå•å¯¹åº”å…³ç³»';

/*Data for the table `s_sys_role_menu` */

insert  into `s_sys_role_menu`(`id`,`roleId`,`menuId`) values (239,21,1),(240,21,46),(241,21,2),(242,21,15),(243,21,16),(244,21,17),(245,21,18),(246,21,51),(247,21,3),(248,21,19),(249,21,20),(250,21,21),(251,21,22),(252,21,31),(253,21,32),(254,21,33),(255,21,34),(256,21,35),(257,21,49),(258,21,4),(259,21,23),(260,21,24),(261,21,25),(262,21,26),(263,21,50),(264,21,42),(265,21,27),(266,21,30),(267,21,47),(268,21,5),(269,21,29),(270,21,53),(271,21,54),(272,21,59),(273,21,63),(274,21,64),(275,21,65),(276,21,66),(277,21,67),(278,21,68),(279,21,69),(280,21,70),(281,21,60),(282,21,58),(283,21,61),(284,21,62),(285,21,48),(286,21,41),(302,20,53),(303,20,54),(304,20,74),(305,20,73),(306,20,72),(307,20,75),(308,20,59),(309,20,76),(310,20,91),(311,20,77),(312,20,79),(313,20,78),(314,20,81),(315,20,82),(316,20,83),(317,20,61),(318,20,71),(319,20,84),(320,20,85),(321,20,86),(322,20,87),(323,20,60),(324,20,88),(325,20,58),(326,20,63),(327,20,89),(328,20,90),(329,20,62),(330,20,92),(331,20,93),(332,20,94),(333,20,95);

/*Table structure for table `s_sys_user` */

DROP TABLE IF EXISTS `s_sys_user`;

CREATE TABLE `s_sys_user` (
  `userId` bigint(20) NOT NULL AUTO_INCREMENT COMMENT 'åå°ç”¨æˆ·Id',
  `userName` varchar(50) NOT NULL COMMENT 'ç”¨æˆ·å',
  `userPass` varchar(100) DEFAULT NULL COMMENT 'å¯†ç ',
  `salt` varchar(20) DEFAULT NULL COMMENT 'ç›',
  `email` varchar(100) DEFAULT NULL COMMENT 'é‚®ç®±',
  `mobile` varchar(100) DEFAULT NULL COMMENT 'æ‰‹æœºå·',
  `status` int(1) DEFAULT NULL COMMENT 'çŠ¶æ€  0ï¼šç¦ç”¨   1ï¼šæ­£å¸¸',
  `deptId` bigint(20) DEFAULT NULL COMMENT 'éƒ¨é—¨ID',
  `superFlag` int(1) DEFAULT '0' COMMENT 'æ˜¯å¦æ˜¯è¶…çº§ç®¡ç†å‘˜0:ä¸æ˜¯,1:æ˜¯',
  `createUser` varchar(50) DEFAULT NULL COMMENT 'åˆ›å»ºè€…',
  `createTime` datetime DEFAULT NULL COMMENT 'åˆ›å»ºæ—¶é—´',
  PRIMARY KEY (`userId`),
  UNIQUE KEY `username` (`userName`)
) ENGINE=InnoDB AUTO_INCREMENT=7 DEFAULT CHARSET=utf8 COMMENT='ç³»ç»Ÿç”¨æˆ·';

/*Data for the table `s_sys_user` */

insert  into `s_sys_user`(`userId`,`userName`,`userPass`,`salt`,`email`,`mobile`,`status`,`deptId`,`superFlag`,`createUser`,`createTime`) values (1,'admin','5f9c50b9d370e553b076ecf20870baab6dff1d061fb15868b62ca17f04b70a16','YzcmCZNvbXocrsz9dm8e','root@frame.io0','13888888888',1,12,1,'admin','2016-11-11 11:11:11'),(5,'fury','e5fe7755ddf29d9cbfe54854791f9278a013d1958a704b0c3fa7dfca6d5e1038','qtQy7QLTC5ytolveDnjc','fury@qq.com','18888888888',1,12,0,NULL,'2019-01-14 17:22:25'),(6,'16666666666','7a4ac2980d31a5b29ae28c84181d0251d0e594db408ae66c33c2b853b2191bd5','DMdThxqu05j7vlBgoU4x','xxx@qq.com','16666666666',1,12,0,NULL,'2019-01-26 18:10:49');

/*Table structure for table `s_sys_user_role` */

DROP TABLE IF EXISTS `s_sys_user_role`;

CREATE TABLE `s_sys_user_role` (
  `id` bigint(20) NOT NULL AUTO_INCREMENT,
  `userId` bigint(20) DEFAULT NULL COMMENT 'ç”¨æˆ·ID',
  `roleId` bigint(20) DEFAULT NULL COMMENT 'è§’è‰²ID',
  PRIMARY KEY (`id`)
) ENGINE=InnoDB AUTO_INCREMENT=14 DEFAULT CHARSET=utf8 COMMENT='ç”¨æˆ·ä¸è§’è‰²å¯¹åº”å…³ç³»';

/*Data for the table `s_sys_user_role` */

insert  into `s_sys_user_role`(`id`,`userId`,`roleId`) values (10,4,20),(11,5,20),(12,1,21),(13,6,20);

/*Table structure for table `u_recharge` */

DROP TABLE IF EXISTS `u_recharge`;

CREATE TABLE `u_recharge` (
  `rechargeId` bigint(20) NOT NULL AUTO_INCREMENT COMMENT 'å……å€¼è®°å½•è¡¨',
  `userId` bigint(20) DEFAULT NULL COMMENT 'ç”¨æˆ·ID',
  `userMobile` varchar(50) DEFAULT NULL COMMENT 'ç”¨æˆ·ç™»å½•è´¦å·',
  `userName` varchar(50) DEFAULT NULL COMMENT 'ç”¨æˆ·è´¦å·',
  `parentId` bigint(20) DEFAULT NULL COMMENT 'çˆ¶çº§ID',
  `groupUserIds` varchar(3000) DEFAULT NULL COMMENT 'ç”¨æˆ·ç»„ID',
  `rechargeMoney` decimal(15,4) DEFAULT '0.0000' COMMENT 'å……å€¼é‡‘é¢',
  `rechargeFee` decimal(15,4) DEFAULT '0.0000' COMMENT 'å……å€¼æ‰‹ç»­è´¹',
  `alipayName` varchar(50) DEFAULT NULL COMMENT 'æ”¯ä»˜å®åç§°',
  `alipayMobile` varchar(50) DEFAULT NULL COMMENT 'æ”¯ä»˜å®è´¦å·',
  `rechargeCode` varchar(10) DEFAULT NULL COMMENT 'ç”¨æˆ·è½¬è´¦å……å€¼å‡­è¯ç ',
  `status` int(1) DEFAULT '0' COMMENT 'å……å€¼è®¢å•çŠ¶æ€[0:å¾…æ”¯ä»˜,1:å·²æ”¯ä»˜,2:æ”¯ä»˜å¼‚å¸¸]',
  `submitCredentialImg` varchar(300) DEFAULT NULL COMMENT 'ä¸Šä¼ è½¬è´¦å‡­è¯å›¾ç‰‡URL',
  `submitStatus` int(1) DEFAULT '0' COMMENT 'ä¸Šä¼ è½¬è´¦å‡­è¯çŠ¶æ€[0:æœªä¸Šä¼ ,1:å·²ä¸Šä¼ ]',
  `frontRemark` varchar(200) DEFAULT NULL COMMENT 'ç”¨äºæ˜¾ç¤ºç»™å‰ç«¯çš„å¤‡æ³¨ä¿¡æ¯',
  `backRemark` varchar(200) DEFAULT NULL COMMENT 'ç”¨äºæ˜¾ç¤ºç»™åç«¯çš„å¤‡æ³¨ä¿¡æ¯(å¦‚æœæœ‰è°ƒç”¨ç¬¬ä¸‰æ–¹æ¥å£çš„è¯)',
  `createTime` datetime DEFAULT NULL COMMENT 'åˆ›å»ºæ—¶é—´',
  `createUser` varchar(50) DEFAULT NULL COMMENT 'åˆ›å»ºè€…',
  `updateTime` datetime DEFAULT NULL COMMENT 'ä¿®æ”¹æ—¶é—´',
  `updateUser` varchar(50) DEFAULT NULL COMMENT 'ä¿®æ”¹è€…',
  `submitTime` datetime DEFAULT NULL COMMENT 'ä¸Šä¼ è½¬è´¦å‡­è¯æ—¶é—´',
  PRIMARY KEY (`rechargeId`)
) ENGINE=InnoDB AUTO_INCREMENT=17 DEFAULT CHARSET=utf8 COMMENT='å……å€¼è®°å½•è¡¨';

/*Data for the table `u_recharge` */

insert  into `u_recharge`(`rechargeId`,`userId`,`userMobile`,`userName`,`parentId`,`groupUserIds`,`rechargeMoney`,`rechargeFee`,`alipayName`,`alipayMobile`,`rechargeCode`,`status`,`submitCredentialImg`,`submitStatus`,`frontRemark`,`backRemark`,`createTime`,`createUser`,`updateTime`,`updateUser`,`submitTime`) values (1,2,'111','a1',1,'1,2,','10000.0000','0.0000','111','111','57707A',0,NULL,0,NULL,NULL,'2019-01-26 23:50:18','a1',NULL,NULL,NULL),(2,2,'111','a1',1,'1,2,','10000.0000','0.0000','111','111','215F1C',0,'/home/credential/recharge/images/2/20190129095528.jpg',1,NULL,NULL,'2019-01-26 23:55:44','a1',NULL,NULL,'2019-01-29 09:55:28'),(3,2,'111','a1',1,'1,2,','10000.0000','0.0000','111','111','F0C9E6',1,'/home/credential/recharge/images/3/20190127165425.JPG',1,NULL,NULL,'2019-01-27 00:19:47','a1','2019-01-27 16:55:26','admin','2019-01-27 16:54:25'),(4,1,'18888888888','admin',1,'1,','12.0000','0.0000','admin','18888888888','CD2A2A',0,'/home/credential/recharge/images/4/20190129235811.png',1,NULL,NULL,'2019-01-28 21:57:39','admin',NULL,NULL,'2019-01-29 23:58:12'),(5,1,'18888888888','admin',1,'1,','1.0000','0.0000','admin','18888888888','4D430A',0,NULL,0,NULL,NULL,'2019-01-28 21:58:09','admin',NULL,NULL,NULL),(6,1,'18888888888','admin',1,'1,','1.0000','0.0000','admin','18888888888','BDE0C9',0,'/home/credential/recharge/images/6/20190129235751.png',1,NULL,NULL,'2019-01-28 22:19:01','admin',NULL,NULL,'2019-01-29 23:57:52'),(7,1,'18888888888','admin',1,'1,','1.0000','0.0000','admin','18888888888','9C7441',0,'/home/credential/recharge/images/7/20190129235434.png',1,NULL,NULL,'2019-01-28 22:20:01','admin',NULL,NULL,'2019-01-29 23:54:35'),(8,2,'111','a1',1,'1,2,','1.0000','0.0000','111','111','E80D1D',0,'/home/credential/recharge/images/8/20190130210017.png',1,NULL,NULL,'2019-01-30 20:58:58','a1',NULL,NULL,'2019-01-30 21:00:17'),(9,2,'111','a1',1,'1,2,','1.0000','0.0000','111','111','70DE93',0,NULL,0,NULL,NULL,'2019-01-30 21:19:53','a1',NULL,NULL,NULL),(10,2,'111','a1',1,'1,2,','2.0000','0.0000','111','111','27D67C',0,NULL,0,NULL,NULL,'2019-01-30 21:19:58','a1',NULL,NULL,NULL),(11,2,'111','a1',1,'1,2,','1.0000','0.0000','111','111','208F29',0,NULL,0,NULL,NULL,'2019-01-30 21:26:44','a1',NULL,NULL,NULL),(12,2,'111','a1',1,'1,2,','1.0000','0.0000','111','111','04A652',0,NULL,0,NULL,NULL,'2019-01-31 20:58:37','a1',NULL,NULL,NULL),(13,2,'111','a1',1,'1,2,','1.0000','0.0000','111','111','BCA9FF',0,NULL,0,NULL,NULL,'2019-01-31 21:09:00','a1',NULL,NULL,NULL),(14,2,'111','a1',1,'1,2,','1.0000','0.0000','111','111','6B2536',0,NULL,0,NULL,NULL,'2019-01-31 21:10:57','a1',NULL,NULL,NULL),(15,2,'111','a1',1,'1,2,','2.0000','0.0000','111','111','7F6520',0,NULL,0,NULL,NULL,'2019-01-31 21:11:23','a1',NULL,NULL,NULL),(16,2,'111','a1',1,'1,2,','21.0000','0.0000','111','111','6FAE13',0,NULL,0,NULL,NULL,'2019-01-31 21:11:45','a1',NULL,NULL,NULL);

/*Table structure for table `u_recommend` */

DROP TABLE IF EXISTS `u_recommend`;

CREATE TABLE `u_recommend` (
  `recommendId` bigint(20) NOT NULL AUTO_INCREMENT COMMENT 'å‰ç«¯å›¢é˜Ÿæ˜¾ç¤ºä¸»é”®Id',
  `userId` bigint(20) DEFAULT NULL COMMENT 'ç”¨æˆ·Id',
  `userName` varchar(50) DEFAULT NULL COMMENT 'ç”¨æˆ·åç§°',
  `parentId` bigint(20) DEFAULT NULL COMMENT 'ç”¨æˆ·ä¸Šçº§Id',
  `groupUserIds` varchar(3000) DEFAULT NULL COMMENT 'ç”¨æˆ·ç»„Idï¼Œé€—å·åˆ†éš”',
  `recommendNumber` int(11) DEFAULT '0' COMMENT 'ä»Šæ—¥æ¨èäººæ•°',
  `teamAchievement` decimal(15,4) DEFAULT '0.0000' COMMENT 'ä»Šæ—¥å›¢é˜Ÿä¸šç»©',
  `createTime` date DEFAULT NULL COMMENT 'åˆ›å»ºæ—¶é—´',
  `createUser` varchar(50) DEFAULT NULL COMMENT 'åˆ›å»ºäºº',
  `updateTime` datetime DEFAULT NULL COMMENT 'ä¿®æ”¹æ—¶é—´',
  `updateUser` varchar(50) DEFAULT NULL COMMENT 'ä¿®æ”¹äºº',
  PRIMARY KEY (`recommendId`),
  UNIQUE KEY `userId_createTime_index` (`userId`,`createTime`)
) ENGINE=InnoDB AUTO_INCREMENT=6 DEFAULT CHARSET=utf8 COMMENT='ä¼šå‘˜æ¯æ—¥æ¨èè¡¨';

/*Data for the table `u_recommend` */

insert  into `u_recommend`(`recommendId`,`userId`,`userName`,`parentId`,`groupUserIds`,`recommendNumber`,`teamAchievement`,`createTime`,`createUser`,`updateTime`,`updateUser`) values (2,1,'admin',1,'1,',1,'23708.5800','2019-01-26','fury',NULL,NULL),(3,1,'admin',1,'1,',1,'508.9800','2019-01-30','admin',NULL,NULL),(4,1,'admin',1,'1,',0,'19.9600','2019-01-31','admin',NULL,NULL),(5,3,'fury',1,'1,3,',1,'0.0000','2019-02-01','fury',NULL,NULL);

/*Table structure for table `u_token` */

DROP TABLE IF EXISTS `u_token`;

CREATE TABLE `u_token` (
  `userId` bigint(20) NOT NULL,
  `token` varchar(200) NOT NULL COMMENT 'token',
  `expireTime` datetime DEFAULT NULL COMMENT 'è¿‡æœŸæ—¶é—´',
  `updateTime` datetime DEFAULT NULL COMMENT 'æ›´æ–°æ—¶é—´',
  PRIMARY KEY (`userId`),
  UNIQUE KEY `token` (`token`)
) ENGINE=InnoDB DEFAULT CHARSET=utf8 COMMENT='ç”¨æˆ·Token';

/*Data for the table `u_token` */

insert  into `u_token`(`userId`,`token`,`expireTime`,`updateTime`) values (1,'123bd4258cb649c4b98afd52bbdb72f5','2019-01-31 22:25:06','2019-01-31 10:25:06'),(2,'2eacd3ee81524109b396c40273e1df21','2019-02-01 09:18:11','2019-01-31 21:18:11'),(3,'06889d5fc718432d9db1f2347ffed319','2019-02-01 23:03:42','2019-02-01 11:03:42');

/*Table structure for table `u_user` */

DROP TABLE IF EXISTS `u_user`;

CREATE TABLE `u_user` (
  `userId` bigint(20) NOT NULL AUTO_INCREMENT COMMENT 'ç”¨æˆ·Id',
  `userName` varchar(50) NOT NULL COMMENT 'ç”¨æˆ·å',
  `userMobile` varchar(20) NOT NULL COMMENT 'æ‰‹æœºå·ç™»å½•å·',
  `userPass` varchar(64) NOT NULL COMMENT 'ç™»å½•å¯†ç ',
  `alipayName` varchar(50) NOT NULL COMMENT 'æ”¯ä»˜å®åç§°',
  `alipayMobile` varchar(50) NOT NULL COMMENT 'æ”¯ä»˜å®è´¦å·',
  `userLevel` int(11) NOT NULL COMMENT 'ä¼šå‘˜çº§åˆ«',
  `parentId` bigint(20) DEFAULT NULL COMMENT 'çˆ¶çº§ID',
  `groupUserIds` varchar(3000) DEFAULT NULL COMMENT 'ç”¨æˆ·ç»„ID,é€—å·éš”å¼€',
  `status` int(2) NOT NULL DEFAULT '1' COMMENT 'çŠ¶æ€[0:ç¦ç”¨,1:æ­£å¸¸]',
  `recommendMobile` varchar(20) DEFAULT NULL COMMENT 'æ¨èäººæ‰‹æœºå·',
  `createTime` datetime DEFAULT NULL COMMENT 'åˆ›å»ºæ—¶é—´',
  `createUser` varchar(50) DEFAULT NULL COMMENT 'åˆ›å»ºäºº',
  `updateTime` datetime DEFAULT NULL COMMENT 'ä¿®æ”¹æ—¶é—´',
  `updateUser` varchar(50) DEFAULT NULL COMMENT 'ä¿®æ”¹äºº',
  `registerType` int(1) DEFAULT NULL COMMENT 'æ³¨å†Œç±»å‹[0:å‰ç«¯æ³¨å†Œ,1:åå°æ·»åŠ ]',
  `payPassWord` varchar(64) DEFAULT NULL COMMENT 'æ”¯ä»˜å¯†ç ',
  `lastLoginTime` datetime DEFAULT NULL COMMENT 'ä¸Šæ¬¡ç™»å½•æ—¶é—´',
  `lastLoginIp` varchar(50) DEFAULT NULL COMMENT 'ä¸Šæ¬¡ç™»å½•IP',
  PRIMARY KEY (`userId`),
  UNIQUE KEY `mobile_unique` (`userMobile`)
) ENGINE=InnoDB AUTO_INCREMENT=5 DEFAULT CHARSET=utf8 COMMENT='ç”¨æˆ·è¡¨';

/*Data for the table `u_user` */

insert  into `u_user`(`userId`,`userName`,`userMobile`,`userPass`,`alipayName`,`alipayMobile`,`userLevel`,`parentId`,`groupUserIds`,`status`,`recommendMobile`,`createTime`,`createUser`,`updateTime`,`updateUser`,`registerType`,`payPassWord`,`lastLoginTime`,`lastLoginIp`) values (1,'admin','18888888888','8c6976e5b5410415bde908bd4dee15dfb167a9c873fc4bb8a81f6f2ab448a918','admin','18888888888',1,1,'1,',1,'18888888888','2017-03-23 22:37:41',NULL,'2019-01-15 21:46:39','admin',1,NULL,'2019-01-31 10:25:01','219.133.170.78'),(2,'a1','111','8d969eef6ecad3c29a3a629280e686cf0c3f5d5a86aff3ca12020c923adc6c92','111','111',2,1,'1,2,',1,'18888888888','2019-01-26 23:37:21','fury',NULL,NULL,1,NULL,'2019-01-31 21:00:20','113.116.49.16'),(3,'fury','13333333333','8d969eef6ecad3c29a3a629280e686cf0c3f5d5a86aff3ca12020c923adc6c92','fury','13333333333',2,1,'1,3,',1,'18888888888','2019-01-30 21:05:15','admin',NULL,NULL,1,NULL,'2019-02-01 11:02:51','36.157.8.61'),(4,'fury02','13355555555','8d969eef6ecad3c29a3a629280e686cf0c3f5d5a86aff3ca12020c923adc6c92','fury','13355555555',3,3,'1,3,4,',1,'13333333333','2019-02-01 10:00:25','fury02',NULL,NULL,0,NULL,NULL,NULL);

/*Table structure for table `u_wallet` */

DROP TABLE IF EXISTS `u_wallet`;

CREATE TABLE `u_wallet` (
  `walletId` bigint(20) NOT NULL AUTO_INCREMENT COMMENT 'é’±åŒ…ä¸»é”®',
  `userId` bigint(20) DEFAULT NULL COMMENT 'ç”¨æˆ·Id',
  `balance` decimal(15,4) DEFAULT '0.0000' COMMENT 'é’±åŒ…ä½™é¢',
  `profitMoney` decimal(15,4) DEFAULT '0.0000' COMMENT 'æ€»æ”¶ç›Š',
  `createTime` datetime DEFAULT NULL COMMENT 'åˆ›å»ºæ—¶é—´',
  `createUser` varchar(50) DEFAULT NULL COMMENT 'åˆ›å»ºäºº',
  `updateTime` datetime DEFAULT NULL COMMENT 'ä¿®æ”¹æ—¶é—´',
  `updateUser` varchar(50) DEFAULT NULL COMMENT 'ä¿®æ”¹äºº',
  PRIMARY KEY (`walletId`)
) ENGINE=InnoDB AUTO_INCREMENT=6 DEFAULT CHARSET=utf8 COMMENT='ç”¨æˆ·é’±åŒ…è¡¨';

/*Data for the table `u_wallet` */

insert  into `u_wallet`(`walletId`,`userId`,`balance`,`profitMoney`,`createTime`,`createUser`,`updateTime`,`updateUser`) values (1,1,'0.0000','0.0000','2019-01-16 00:01:45','admin',NULL,NULL),(3,2,'64603.8600','48137.0000','2019-01-26 23:37:21','fury','2019-02-16 00:00:00','ç³»ç»Ÿ'),(4,3,'10110.6200','420.0000','2019-01-30 21:05:15','admin','2019-02-14 00:00:00','ç³»ç»Ÿ'),(5,4,'0.0000','0.0000','2019-02-01 10:00:25','fury02',NULL,NULL);

/*Table structure for table `u_wallet_change` */

DROP TABLE IF EXISTS `u_wallet_change`;

CREATE TABLE `u_wallet_change` (
  `historyId` bigint(20) NOT NULL AUTO_INCREMENT COMMENT 'å†å²è®°å½•ä¸»é”®ID',
  `userId` bigint(20) DEFAULT NULL COMMENT 'ç”¨æˆ·ID',
  `userName` varchar(50) DEFAULT NULL COMMENT 'ç”¨æˆ·åç§°',
  `operatorType` varchar(100) DEFAULT NULL COMMENT 'æ“ä½œç±»å‹,æç°,å……å€¼,åˆ†çº¢....',
  `operatorName` varchar(100) DEFAULT NULL COMMENT 'æ“ä½œåç§°,æç°,å……å€¼,åˆ†çº¢....',
  `operatorMoney` decimal(15,4) DEFAULT '0.0000' COMMENT 'æ“ä½œé‡‘é¢',
  `balance` decimal(15,4) DEFAULT '0.0000' COMMENT 'é’±åŒ…ä½™é¢',
  `relationId` bigint(20) DEFAULT NULL COMMENT 'å…³è”ç›¸å…³çš„è®¢å•å·',
  `remark` varchar(200) DEFAULT NULL COMMENT 'å¤‡æ³¨ä¿¡æ¯',
  `createTime` datetime DEFAULT NULL COMMENT 'åˆ›å»ºæ—¶é—´',
  `createUser` varchar(50) DEFAULT NULL COMMENT 'åˆ›å»ºè€…',
  PRIMARY KEY (`historyId`)
) ENGINE=InnoDB AUTO_INCREMENT=577 DEFAULT CHARSET=utf8 COMMENT='é’±åŒ…æ“ä½œè®°å½•è¡¨';

/*Data for the table `u_wallet_change` */

insert  into `u_wallet_change`(`historyId`,`userId`,`userName`,`operatorType`,`operatorName`,`operatorMoney`,`balance`,`relationId`,`remark`,`createTime`,`createUser`) values (1,2,'a1','ARTIFICIAL_RECHARGE_KEY','äººå·¥å……å€¼','10000.0000','10000.0000',NULL,'111','2019-01-26 23:38:58','fury'),(2,2,'a1','PURCHASE_CAR_SPACE_KEY','è´­ä¹°è½¦ä½','9.9800','9990.0200',1,NULL,'2019-01-26 23:39:31','a1'),(3,2,'a1','PURCHASE_CAR_SPACE_KEY','è´­ä¹°è½¦ä½','99.8000','9890.2200',2,NULL,'2019-01-26 23:40:55','a1'),(4,2,'a1','PURCHASE_CAR_SPACE_KEY','è´­ä¹°è½¦ä½','599.8000','9290.4200',3,NULL,'2019-01-26 23:41:58','a1'),(5,2,'a1','PURCHASE_CAR_SPACE_KEY','è´­ä¹°è½¦ä½','1599.8000','7690.6200',4,NULL,'2019-01-26 23:42:14','a1'),(6,2,'a1','PURCHASE_CAR_SPACE_KEY','è´­ä¹°è½¦ä½','2999.8000','4690.8200',5,NULL,'2019-01-26 23:42:27','a1'),(7,2,'a1','PURCHASE_CAR_SPACE_KEY','è´­ä¹°è½¦ä½','4599.8000','91.0200',6,NULL,'2019-01-26 23:42:39','a1'),(8,2,'a1','ARTIFICIAL_RECHARGE_KEY','äººå·¥å……å€¼','20000.0000','20091.0200',NULL,'11','2019-01-26 23:43:40','fury'),(9,2,'a1','PURCHASE_CAR_SPACE_KEY','è´­ä¹°è½¦ä½','5999.8000','14091.2200',7,NULL,'2019-01-26 23:44:04','a1'),(10,2,'a1','PURCHASE_CAR_SPACE_KEY','è´­ä¹°è½¦ä½','7799.8000','6291.4200',8,NULL,'2019-01-26 23:44:20','a1'),(11,2,'a1','WITHDRAW_OUT_FEE_KEY','æç°æ‰‹ç»­è´¹','-500.0000','6291.4200',1,NULL,'2019-01-26 23:56:47','a1'),(12,2,'a1','WITHDRAW_OUT_KEY','æç°å‡ºæ¬¾','-95.0000','6291.4200',1,NULL,'2019-01-26 23:56:47','a1'),(13,2,'a1','WITHDRAW_OUT_BACK_KEY','æç°å›é€€','95.0000','6386.4200',1,NULL,'2019-01-27 00:32:55','admin'),(14,2,'a1','WITHDRAW_OUT_BACK_FEE_KEY','æç°å›é€€æ‰‹ç»­è´¹','500.0000','6886.4200',1,NULL,'2019-01-27 00:32:55','admin'),(15,2,'a1','RECHARGE_IN_KEY','å……å€¼å…¥è´¦','10000.0000','16886.4200',3,NULL,'2019-01-27 16:55:26','admin'),(16,2,'a1','CAR_PROFIT_KEY','æ±½è½¦æ”¶ç›Š','1.0000','16887.4200',1,'æ±½è½¦æ”¶ç›Š','2019-01-28 00:00:00','ç³»ç»Ÿ'),(17,2,'a1','CAR_PROFIT_KEY','æ±½è½¦æ”¶ç›Š','9.0000','16896.4200',2,'æ±½è½¦æ”¶ç›Š','2019-01-28 00:00:00','ç³»ç»Ÿ'),(18,2,'a1','CAR_PROFIT_KEY','æ±½è½¦æ”¶ç›Š','57.0000','16953.4200',3,'æ±½è½¦æ”¶ç›Š','2019-01-28 00:00:00','ç³»ç»Ÿ'),(19,2,'a1','CAR_PROFIT_KEY','æ±½è½¦æ”¶ç›Š','160.0000','17113.4200',4,'æ±½è½¦æ”¶ç›Š','2019-01-28 00:00:00','ç³»ç»Ÿ'),(20,2,'a1','CAR_PROFIT_KEY','æ±½è½¦æ”¶ç›Š','300.0000','17413.4200',5,'æ±½è½¦æ”¶ç›Š','2019-01-28 00:00:00','ç³»ç»Ÿ'),(21,2,'a1','CAR_PROFIT_KEY','æ±½è½¦æ”¶ç›Š','475.0000','17888.4200',6,'æ±½è½¦æ”¶ç›Š','2019-01-28 00:00:00','ç³»ç»Ÿ'),(22,2,'a1','CAR_PROFIT_KEY','æ±½è½¦æ”¶ç›Š','630.0000','18518.4200',7,'æ±½è½¦æ”¶ç›Š','2019-01-28 00:00:00','ç³»ç»Ÿ'),(23,2,'a1','CAR_PROFIT_KEY','æ±½è½¦æ”¶ç›Š','850.0000','19368.4200',8,'æ±½è½¦æ”¶ç›Š','2019-01-28 00:00:00','ç³»ç»Ÿ'),(24,2,'a1','CAR_PROFIT_KEY','æ±½è½¦æ”¶ç›Š','1.0000','19369.4200',1,'æ±½è½¦æ”¶ç›Š','2019-01-29 00:00:00','ç³»ç»Ÿ'),(25,2,'a1','CAR_PROFIT_KEY','æ±½è½¦æ”¶ç›Š','9.0000','19378.4200',2,'æ±½è½¦æ”¶ç›Š','2019-01-29 00:00:00','ç³»ç»Ÿ'),(26,2,'a1','CAR_PROFIT_KEY','æ±½è½¦æ”¶ç›Š','57.0000','19435.4200',3,'æ±½è½¦æ”¶ç›Š','2019-01-29 00:00:00','ç³»ç»Ÿ'),(27,2,'a1','CAR_PROFIT_KEY','æ±½è½¦æ”¶ç›Š','160.0000','19595.4200',4,'æ±½è½¦æ”¶ç›Š','2019-01-29 00:00:00','ç³»ç»Ÿ'),(28,2,'a1','CAR_PROFIT_KEY','æ±½è½¦æ”¶ç›Š','300.0000','19895.4200',5,'æ±½è½¦æ”¶ç›Š','2019-01-29 00:00:00','ç³»ç»Ÿ'),(29,2,'a1','CAR_PROFIT_KEY','æ±½è½¦æ”¶ç›Š','475.0000','20370.4200',6,'æ±½è½¦æ”¶ç›Š','2019-01-29 00:00:00','ç³»ç»Ÿ'),(30,2,'a1','CAR_PROFIT_KEY','æ±½è½¦æ”¶ç›Š','630.0000','21000.4200',7,'æ±½è½¦æ”¶ç›Š','2019-01-29 00:00:01','ç³»ç»Ÿ'),(31,2,'a1','CAR_PROFIT_KEY','æ±½è½¦æ”¶ç›Š','850.0000','21850.4200',8,'æ±½è½¦æ”¶ç›Š','2019-01-29 00:00:01','ç³»ç»Ÿ'),(32,2,'a1','CAR_PROFIT_KEY','æ±½è½¦æ”¶ç›Š','1.0000','21851.4200',1,'æ±½è½¦æ”¶ç›Š','2019-01-30 00:00:00','ç³»ç»Ÿ'),(33,2,'a1','CAR_PROFIT_KEY','æ±½è½¦æ”¶ç›Š','9.0000','21860.4200',2,'æ±½è½¦æ”¶ç›Š','2019-01-30 00:00:00','ç³»ç»Ÿ'),(34,2,'a1','CAR_PROFIT_KEY','æ±½è½¦æ”¶ç›Š','57.0000','21917.4200',3,'æ±½è½¦æ”¶ç›Š','2019-01-30 00:00:00','ç³»ç»Ÿ'),(35,2,'a1','CAR_PROFIT_KEY','æ±½è½¦æ”¶ç›Š','160.0000','22077.4200',4,'æ±½è½¦æ”¶ç›Š','2019-01-30 00:00:00','ç³»ç»Ÿ'),(36,2,'a1','CAR_PROFIT_KEY','æ±½è½¦æ”¶ç›Š','300.0000','22377.4200',5,'æ±½è½¦æ”¶ç›Š','2019-01-30 00:00:00','ç³»ç»Ÿ'),(37,2,'a1','CAR_PROFIT_KEY','æ±½è½¦æ”¶ç›Š','475.0000','22852.4200',6,'æ±½è½¦æ”¶ç›Š','2019-01-30 00:00:00','ç³»ç»Ÿ'),(38,2,'a1','CAR_PROFIT_KEY','æ±½è½¦æ”¶ç›Š','630.0000','23482.4200',7,'æ±½è½¦æ”¶ç›Š','2019-01-30 00:00:00','ç³»ç»Ÿ'),(39,2,'a1','CAR_PROFIT_KEY','æ±½è½¦æ”¶ç›Š','850.0000','24332.4200',8,'æ±½è½¦æ”¶ç›Š','2019-01-30 00:00:01','ç³»ç»Ÿ'),(40,3,'fury','ARTIFICIAL_RECHARGE_KEY','äººå·¥å……å€¼','10000.0000','10000.0000',NULL,'1','2019-01-30 21:05:29','admin'),(41,2,'a1','PURCHASE_CAR_SPACE_KEY','è´­ä¹°è½¦ä½','9.9800','24322.4400',13,NULL,'2019-01-30 21:05:30','a1'),(42,2,'a1','PURCHASE_CAR_SPACE_KEY','è´­ä¹°è½¦ä½','9.9800','24312.4600',17,NULL,'2019-01-30 21:07:31','a1'),(43,2,'a1','PURCHASE_CAR_SPACE_KEY','è´­ä¹°è½¦ä½','9.9800','24302.4800',18,NULL,'2019-01-30 21:07:33','a1'),(44,2,'a1','PURCHASE_CAR_SPACE_KEY','è´­ä¹°è½¦ä½','9.9800','24292.5000',19,NULL,'2019-01-30 21:07:50','a1'),(45,3,'fury','PURCHASE_CAR_SPACE_KEY','è´­ä¹°è½¦ä½','9.9800','9990.0200',20,NULL,'2019-01-30 21:07:50','fury'),(46,2,'a1','PURCHASE_CAR_SPACE_KEY','è´­ä¹°è½¦ä½','9.9800','24282.5200',21,NULL,'2019-01-30 21:07:55','a1'),(47,2,'a1','PURCHASE_CAR_SPACE_KEY','è´­ä¹°è½¦ä½','9.9800','24272.5400',22,NULL,'2019-01-30 21:07:55','a1'),(48,2,'a1','PURCHASE_CAR_SPACE_KEY','è´­ä¹°è½¦ä½','9.9800','24262.5600',23,NULL,'2019-01-30 21:07:56','a1'),(49,2,'a1','PURCHASE_CAR_SPACE_KEY','è´­ä¹°è½¦ä½','9.9800','24252.5800',24,NULL,'2019-01-30 21:07:56','a1'),(50,2,'a1','PURCHASE_CAR_SPACE_KEY','è´­ä¹°è½¦ä½','9.9800','24242.6000',25,NULL,'2019-01-30 21:07:58','a1'),(51,2,'a1','PURCHASE_CAR_SPACE_KEY','è´­ä¹°è½¦ä½','9.9800','24232.6200',26,NULL,'2019-01-30 21:07:58','a1'),(52,2,'a1','PURCHASE_CAR_SPACE_KEY','è´­ä¹°è½¦ä½','9.9800','24222.6400',28,NULL,'2019-01-30 21:08:32','a1'),(53,2,'a1','PURCHASE_CAR_SPACE_KEY','è´­ä¹°è½¦ä½','9.9800','24212.6600',31,NULL,'2019-01-30 21:13:20','a1'),(54,2,'a1','PURCHASE_CAR_SPACE_KEY','è´­ä¹°è½¦ä½','9.9800','24202.6800',40,NULL,'2019-01-30 21:19:00','a1'),(55,2,'a1','PURCHASE_CAR_SPACE_KEY','è´­ä¹°è½¦ä½','9.9800','24192.7000',49,NULL,'2019-01-30 21:22:56','a1'),(56,2,'a1','PURCHASE_CAR_SPACE_KEY','è´­ä¹°è½¦ä½','9.9800','24182.7200',52,NULL,'2019-01-30 21:23:10','a1'),(57,2,'a1','PURCHASE_CAR_SPACE_KEY','è´­ä¹°è½¦ä½','9.9800','24172.7400',55,NULL,'2019-01-30 21:23:22','a1'),(58,2,'a1','PURCHASE_CAR_SPACE_KEY','è´­ä¹°è½¦ä½','9.9800','24162.7600',57,NULL,'2019-01-30 21:24:38','a1'),(59,2,'a1','PURCHASE_CAR_SPACE_KEY','è´­ä¹°è½¦ä½','9.9800','24152.7800',62,NULL,'2019-01-30 21:25:16','a1'),(60,2,'a1','PURCHASE_CAR_SPACE_KEY','è´­ä¹°è½¦ä½','9.9800','24142.8000',63,NULL,'2019-01-30 21:25:22','a1'),(61,2,'a1','PURCHASE_CAR_SPACE_KEY','è´­ä¹°è½¦ä½','9.9800','24132.8200',65,NULL,'2019-01-30 21:25:29','a1'),(62,3,'fury','PURCHASE_CAR_SPACE_KEY','è´­ä¹°è½¦ä½','99.8000','9890.2200',73,NULL,'2019-01-30 21:45:08','fury'),(63,3,'fury','PURCHASE_CAR_SPACE_KEY','è´­ä¹°è½¦ä½','99.8000','9790.4200',74,NULL,'2019-01-30 21:45:17','fury'),(64,3,'fury','PURCHASE_CAR_SPACE_KEY','è´­ä¹°è½¦ä½','99.8000','9690.6200',75,NULL,'2019-01-30 22:35:41','fury'),(65,3,'fury','WITHDRAW_OUT_FEE_KEY','æç°æ‰‹ç»­è´¹','-5.0000','9690.6200',2,NULL,'2019-01-30 22:43:59','fury'),(66,3,'fury','WITHDRAW_OUT_KEY','æç°å‡ºæ¬¾','-99.9500','9690.6200',2,NULL,'2019-01-30 22:43:59','fury'),(67,2,'a1','CAR_PROFIT_KEY','æ±½è½¦æ”¶ç›Š','1.0000','24033.8200',1,'æ±½è½¦æ”¶ç›Š','2019-01-31 00:00:00','ç³»ç»Ÿ'),(68,2,'a1','CAR_PROFIT_KEY','æ±½è½¦æ”¶ç›Š','9.0000','24042.8200',2,'æ±½è½¦æ”¶ç›Š','2019-01-31 00:00:00','ç³»ç»Ÿ'),(69,2,'a1','CAR_PROFIT_KEY','æ±½è½¦æ”¶ç›Š','57.0000','24099.8200',3,'æ±½è½¦æ”¶ç›Š','2019-01-31 00:00:00','ç³»ç»Ÿ'),(70,2,'a1','CAR_PROFIT_KEY','æ±½è½¦æ”¶ç›Š','160.0000','24259.8200',4,'æ±½è½¦æ”¶ç›Š','2019-01-31 00:00:00','ç³»ç»Ÿ'),(71,2,'a1','CAR_PROFIT_KEY','æ±½è½¦æ”¶ç›Š','300.0000','24559.8200',5,'æ±½è½¦æ”¶ç›Š','2019-01-31 00:00:00','ç³»ç»Ÿ'),(72,2,'a1','CAR_PROFIT_KEY','æ±½è½¦æ”¶ç›Š','475.0000','25034.8200',6,'æ±½è½¦æ”¶ç›Š','2019-01-31 00:00:00','ç³»ç»Ÿ'),(73,2,'a1','CAR_PROFIT_KEY','æ±½è½¦æ”¶ç›Š','630.0000','25664.8200',7,'æ±½è½¦æ”¶ç›Š','2019-01-31 00:00:00','ç³»ç»Ÿ'),(74,2,'a1','CAR_PROFIT_KEY','æ±½è½¦æ”¶ç›Š','850.0000','26514.8200',8,'æ±½è½¦æ”¶ç›Š','2019-01-31 00:00:00','ç³»ç»Ÿ'),(75,2,'a1','CAR_PROFIT_KEY','æ±½è½¦æ”¶ç›Š','1.0000','26515.8200',13,'æ±½è½¦æ”¶ç›Š','2019-01-31 00:00:00','ç³»ç»Ÿ'),(76,2,'a1','CAR_PROFIT_KEY','æ±½è½¦æ”¶ç›Š','1.0000','26516.8200',17,'æ±½è½¦æ”¶ç›Š','2019-01-31 00:00:00','ç³»ç»Ÿ'),(77,2,'a1','CAR_PROFIT_KEY','æ±½è½¦æ”¶ç›Š','1.0000','26517.8200',18,'æ±½è½¦æ”¶ç›Š','2019-01-31 00:00:00','ç³»ç»Ÿ'),(78,2,'a1','CAR_PROFIT_KEY','æ±½è½¦æ”¶ç›Š','1.0000','26518.8200',19,'æ±½è½¦æ”¶ç›Š','2019-01-31 00:00:00','ç³»ç»Ÿ'),(79,3,'fury','CAR_PROFIT_KEY','æ±½è½¦æ”¶ç›Š','1.0000','9691.6200',20,'æ±½è½¦æ”¶ç›Š','2019-01-31 00:00:00','ç³»ç»Ÿ'),(80,2,'a1','CAR_PROFIT_KEY','æ±½è½¦æ”¶ç›Š','1.0000','26519.8200',21,'æ±½è½¦æ”¶ç›Š','2019-01-31 00:00:00','ç³»ç»Ÿ'),(81,2,'a1','CAR_PROFIT_KEY','æ±½è½¦æ”¶ç›Š','1.0000','26520.8200',22,'æ±½è½¦æ”¶ç›Š','2019-01-31 00:00:00','ç³»ç»Ÿ'),(82,2,'a1','CAR_PROFIT_KEY','æ±½è½¦æ”¶ç›Š','1.0000','26521.8200',23,'æ±½è½¦æ”¶ç›Š','2019-01-31 00:00:00','ç³»ç»Ÿ'),(83,2,'a1','CAR_PROFIT_KEY','æ±½è½¦æ”¶ç›Š','1.0000','26522.8200',24,'æ±½è½¦æ”¶ç›Š','2019-01-31 00:00:00','ç³»ç»Ÿ'),(84,2,'a1','CAR_PROFIT_KEY','æ±½è½¦æ”¶ç›Š','1.0000','26523.8200',25,'æ±½è½¦æ”¶ç›Š','2019-01-31 00:00:00','ç³»ç»Ÿ'),(85,2,'a1','CAR_PROFIT_KEY','æ±½è½¦æ”¶ç›Š','1.0000','26524.8200',26,'æ±½è½¦æ”¶ç›Š','2019-01-31 00:00:00','ç³»ç»Ÿ'),(86,2,'a1','CAR_PROFIT_KEY','æ±½è½¦æ”¶ç›Š','1.0000','26525.8200',28,'æ±½è½¦æ”¶ç›Š','2019-01-31 00:00:00','ç³»ç»Ÿ'),(87,2,'a1','CAR_PROFIT_KEY','æ±½è½¦æ”¶ç›Š','1.0000','26526.8200',31,'æ±½è½¦æ”¶ç›Š','2019-01-31 00:00:00','ç³»ç»Ÿ'),(88,2,'a1','CAR_PROFIT_KEY','æ±½è½¦æ”¶ç›Š','1.0000','26527.8200',40,'æ±½è½¦æ”¶ç›Š','2019-01-31 00:00:00','ç³»ç»Ÿ'),(89,2,'a1','CAR_PROFIT_KEY','æ±½è½¦æ”¶ç›Š','1.0000','26528.8200',49,'æ±½è½¦æ”¶ç›Š','2019-01-31 00:00:01','ç³»ç»Ÿ'),(90,2,'a1','CAR_PROFIT_KEY','æ±½è½¦æ”¶ç›Š','1.0000','26529.8200',52,'æ±½è½¦æ”¶ç›Š','2019-01-31 00:00:01','ç³»ç»Ÿ'),(91,2,'a1','CAR_PROFIT_KEY','æ±½è½¦æ”¶ç›Š','1.0000','26530.8200',55,'æ±½è½¦æ”¶ç›Š','2019-01-31 00:00:01','ç³»ç»Ÿ'),(92,2,'a1','CAR_PROFIT_KEY','æ±½è½¦æ”¶ç›Š','1.0000','26531.8200',57,'æ±½è½¦æ”¶ç›Š','2019-01-31 00:00:01','ç³»ç»Ÿ'),(93,2,'a1','CAR_PROFIT_KEY','æ±½è½¦æ”¶ç›Š','1.0000','26532.8200',62,'æ±½è½¦æ”¶ç›Š','2019-01-31 00:00:01','ç³»ç»Ÿ'),(94,2,'a1','CAR_PROFIT_KEY','æ±½è½¦æ”¶ç›Š','1.0000','26533.8200',63,'æ±½è½¦æ”¶ç›Š','2019-01-31 00:00:01','ç³»ç»Ÿ'),(95,2,'a1','CAR_PROFIT_KEY','æ±½è½¦æ”¶ç›Š','1.0000','26534.8200',65,'æ±½è½¦æ”¶ç›Š','2019-01-31 00:00:01','ç³»ç»Ÿ'),(96,3,'fury','CAR_PROFIT_KEY','æ±½è½¦æ”¶ç›Š','9.0000','9700.6200',73,'æ±½è½¦æ”¶ç›Š','2019-01-31 00:00:01','ç³»ç»Ÿ'),(97,3,'fury','CAR_PROFIT_KEY','æ±½è½¦æ”¶ç›Š','9.0000','9709.6200',74,'æ±½è½¦æ”¶ç›Š','2019-01-31 00:00:01','ç³»ç»Ÿ'),(98,3,'fury','CAR_PROFIT_KEY','æ±½è½¦æ”¶ç›Š','9.0000','9718.6200',75,'æ±½è½¦æ”¶ç›Š','2019-01-31 00:00:01','ç³»ç»Ÿ'),(99,2,'a1','PURCHASE_CAR_SPACE_KEY','è´­ä¹°è½¦ä½','9.9800','26524.8400',76,NULL,'2019-01-31 20:58:21','a1'),(100,2,'a1','PURCHASE_CAR_SPACE_KEY','è´­ä¹°è½¦ä½','9.9800','26514.8600',79,NULL,'2019-01-31 21:17:35','a1'),(101,2,'a1','CAR_PROFIT_KEY','æ±½è½¦æ”¶ç›Š','1.0000','26515.8600',1,'æ±½è½¦æ”¶ç›Š','2019-02-01 00:00:00','ç³»ç»Ÿ'),(102,2,'a1','CAR_PROFIT_KEY','æ±½è½¦æ”¶ç›Š','9.0000','26524.8600',2,'æ±½è½¦æ”¶ç›Š','2019-02-01 00:00:00','ç³»ç»Ÿ'),(103,2,'a1','CAR_PROFIT_KEY','æ±½è½¦æ”¶ç›Š','57.0000','26581.8600',3,'æ±½è½¦æ”¶ç›Š','2019-02-01 00:00:00','ç³»ç»Ÿ'),(104,2,'a1','CAR_PROFIT_KEY','æ±½è½¦æ”¶ç›Š','160.0000','26741.8600',4,'æ±½è½¦æ”¶ç›Š','2019-02-01 00:00:00','ç³»ç»Ÿ'),(105,2,'a1','CAR_PROFIT_KEY','æ±½è½¦æ”¶ç›Š','300.0000','27041.8600',5,'æ±½è½¦æ”¶ç›Š','2019-02-01 00:00:00','ç³»ç»Ÿ'),(106,2,'a1','CAR_PROFIT_KEY','æ±½è½¦æ”¶ç›Š','475.0000','27516.8600',6,'æ±½è½¦æ”¶ç›Š','2019-02-01 00:00:00','ç³»ç»Ÿ'),(107,2,'a1','CAR_PROFIT_KEY','æ±½è½¦æ”¶ç›Š','630.0000','28146.8600',7,'æ±½è½¦æ”¶ç›Š','2019-02-01 00:00:00','ç³»ç»Ÿ'),(108,2,'a1','CAR_PROFIT_KEY','æ±½è½¦æ”¶ç›Š','850.0000','28996.8600',8,'æ±½è½¦æ”¶ç›Š','2019-02-01 00:00:01','ç³»ç»Ÿ'),(109,2,'a1','CAR_PROFIT_KEY','æ±½è½¦æ”¶ç›Š','1.0000','28997.8600',13,'æ±½è½¦æ”¶ç›Š','2019-02-01 00:00:01','ç³»ç»Ÿ'),(110,2,'a1','CAR_PROFIT_KEY','æ±½è½¦æ”¶ç›Š','1.0000','28998.8600',17,'æ±½è½¦æ”¶ç›Š','2019-02-01 00:00:01','ç³»ç»Ÿ'),(111,2,'a1','CAR_PROFIT_KEY','æ±½è½¦æ”¶ç›Š','1.0000','28999.8600',18,'æ±½è½¦æ”¶ç›Š','2019-02-01 00:00:01','ç³»ç»Ÿ'),(112,2,'a1','CAR_PROFIT_KEY','æ±½è½¦æ”¶ç›Š','1.0000','29000.8600',19,'æ±½è½¦æ”¶ç›Š','2019-02-01 00:00:01','ç³»ç»Ÿ'),(113,3,'fury','CAR_PROFIT_KEY','æ±½è½¦æ”¶ç›Š','1.0000','9719.6200',20,'æ±½è½¦æ”¶ç›Š','2019-02-01 00:00:01','ç³»ç»Ÿ'),(114,2,'a1','CAR_PROFIT_KEY','æ±½è½¦æ”¶ç›Š','1.0000','29001.8600',21,'æ±½è½¦æ”¶ç›Š','2019-02-01 00:00:01','ç³»ç»Ÿ'),(115,2,'a1','CAR_PROFIT_KEY','æ±½è½¦æ”¶ç›Š','1.0000','29002.8600',22,'æ±½è½¦æ”¶ç›Š','2019-02-01 00:00:01','ç³»ç»Ÿ'),(116,2,'a1','CAR_PROFIT_KEY','æ±½è½¦æ”¶ç›Š','1.0000','29003.8600',23,'æ±½è½¦æ”¶ç›Š','2019-02-01 00:00:01','ç³»ç»Ÿ'),(117,2,'a1','CAR_PROFIT_KEY','æ±½è½¦æ”¶ç›Š','1.0000','29004.8600',24,'æ±½è½¦æ”¶ç›Š','2019-02-01 00:00:01','ç³»ç»Ÿ'),(118,2,'a1','CAR_PROFIT_KEY','æ±½è½¦æ”¶ç›Š','1.0000','29005.8600',25,'æ±½è½¦æ”¶ç›Š','2019-02-01 00:00:01','ç³»ç»Ÿ'),(119,2,'a1','CAR_PROFIT_KEY','æ±½è½¦æ”¶ç›Š','1.0000','29006.8600',26,'æ±½è½¦æ”¶ç›Š','2019-02-01 00:00:01','ç³»ç»Ÿ'),(120,2,'a1','CAR_PROFIT_KEY','æ±½è½¦æ”¶ç›Š','1.0000','29007.8600',28,'æ±½è½¦æ”¶ç›Š','2019-02-01 00:00:01','ç³»ç»Ÿ'),(121,2,'a1','CAR_PROFIT_KEY','æ±½è½¦æ”¶ç›Š','1.0000','29008.8600',31,'æ±½è½¦æ”¶ç›Š','2019-02-01 00:00:01','ç³»ç»Ÿ'),(122,2,'a1','CAR_PROFIT_KEY','æ±½è½¦æ”¶ç›Š','1.0000','29009.8600',40,'æ±½è½¦æ”¶ç›Š','2019-02-01 00:00:01','ç³»ç»Ÿ'),(123,2,'a1','CAR_PROFIT_KEY','æ±½è½¦æ”¶ç›Š','1.0000','29010.8600',49,'æ±½è½¦æ”¶ç›Š','2019-02-01 00:00:01','ç³»ç»Ÿ'),(124,2,'a1','CAR_PROFIT_KEY','æ±½è½¦æ”¶ç›Š','1.0000','29011.8600',52,'æ±½è½¦æ”¶ç›Š','2019-02-01 00:00:01','ç³»ç»Ÿ'),(125,2,'a1','CAR_PROFIT_KEY','æ±½è½¦æ”¶ç›Š','1.0000','29012.8600',55,'æ±½è½¦æ”¶ç›Š','2019-02-01 00:00:01','ç³»ç»Ÿ'),(126,2,'a1','CAR_PROFIT_KEY','æ±½è½¦æ”¶ç›Š','1.0000','29013.8600',57,'æ±½è½¦æ”¶ç›Š','2019-02-01 00:00:01','ç³»ç»Ÿ'),(127,2,'a1','CAR_PROFIT_KEY','æ±½è½¦æ”¶ç›Š','1.0000','29014.8600',62,'æ±½è½¦æ”¶ç›Š','2019-02-01 00:00:01','ç³»ç»Ÿ'),(128,2,'a1','CAR_PROFIT_KEY','æ±½è½¦æ”¶ç›Š','1.0000','29015.8600',63,'æ±½è½¦æ”¶ç›Š','2019-02-01 00:00:02','ç³»ç»Ÿ'),(129,2,'a1','CAR_PROFIT_KEY','æ±½è½¦æ”¶ç›Š','1.0000','29016.8600',65,'æ±½è½¦æ”¶ç›Š','2019-02-01 00:00:02','ç³»ç»Ÿ'),(130,3,'fury','CAR_PROFIT_KEY','æ±½è½¦æ”¶ç›Š','9.0000','9728.6200',73,'æ±½è½¦æ”¶ç›Š','2019-02-01 00:00:02','ç³»ç»Ÿ'),(131,3,'fury','CAR_PROFIT_KEY','æ±½è½¦æ”¶ç›Š','9.0000','9737.6200',74,'æ±½è½¦æ”¶ç›Š','2019-02-01 00:00:02','ç³»ç»Ÿ'),(132,3,'fury','CAR_PROFIT_KEY','æ±½è½¦æ”¶ç›Š','9.0000','9746.6200',75,'æ±½è½¦æ”¶ç›Š','2019-02-01 00:00:02','ç³»ç»Ÿ'),(133,2,'a1','CAR_PROFIT_KEY','æ±½è½¦æ”¶ç›Š','1.0000','29017.8600',76,'æ±½è½¦æ”¶ç›Š','2019-02-01 00:00:02','ç³»ç»Ÿ'),(134,2,'a1','CAR_PROFIT_KEY','æ±½è½¦æ”¶ç›Š','1.0000','29018.8600',79,'æ±½è½¦æ”¶ç›Š','2019-02-01 00:00:02','ç³»ç»Ÿ'),(135,3,'fury','WITHDRAW_OUT_FEE_KEY','æç°æ‰‹ç»­è´¹','-5.0000','9746.6200',3,NULL,'2019-02-01 11:03:42','fury'),(136,3,'fury','WITHDRAW_OUT_KEY','æç°å‡ºæ¬¾','-99.9500','9746.6200',3,NULL,'2019-02-01 11:03:42','fury'),(137,2,'a1','CAR_PROFIT_KEY','æ±½è½¦æ”¶ç›Š','1.0000','28919.8600',1,'æ±½è½¦æ”¶ç›Š','2019-02-02 00:00:00','ç³»ç»Ÿ'),(138,2,'a1','CAR_PROFIT_KEY','æ±½è½¦æ”¶ç›Š','9.0000','28928.8600',2,'æ±½è½¦æ”¶ç›Š','2019-02-02 00:00:00','ç³»ç»Ÿ'),(139,2,'a1','CAR_PROFIT_KEY','æ±½è½¦æ”¶ç›Š','57.0000','28985.8600',3,'æ±½è½¦æ”¶ç›Š','2019-02-02 00:00:00','ç³»ç»Ÿ'),(140,2,'a1','CAR_PROFIT_KEY','æ±½è½¦æ”¶ç›Š','160.0000','29145.8600',4,'æ±½è½¦æ”¶ç›Š','2019-02-02 00:00:00','ç³»ç»Ÿ'),(141,2,'a1','CAR_PROFIT_KEY','æ±½è½¦æ”¶ç›Š','300.0000','29445.8600',5,'æ±½è½¦æ”¶ç›Š','2019-02-02 00:00:00','ç³»ç»Ÿ'),(142,2,'a1','CAR_PROFIT_KEY','æ±½è½¦æ”¶ç›Š','475.0000','29920.8600',6,'æ±½è½¦æ”¶ç›Š','2019-02-02 00:00:00','ç³»ç»Ÿ'),(143,2,'a1','CAR_PROFIT_KEY','æ±½è½¦æ”¶ç›Š','630.0000','30550.8600',7,'æ±½è½¦æ”¶ç›Š','2019-02-02 00:00:00','ç³»ç»Ÿ'),(144,2,'a1','CAR_PROFIT_KEY','æ±½è½¦æ”¶ç›Š','850.0000','31400.8600',8,'æ±½è½¦æ”¶ç›Š','2019-02-02 00:00:00','ç³»ç»Ÿ'),(145,2,'a1','CAR_PROFIT_KEY','æ±½è½¦æ”¶ç›Š','1.0000','31401.8600',13,'æ±½è½¦æ”¶ç›Š','2019-02-02 00:00:00','ç³»ç»Ÿ'),(146,2,'a1','CAR_PROFIT_KEY','æ±½è½¦æ”¶ç›Š','1.0000','31402.8600',17,'æ±½è½¦æ”¶ç›Š','2019-02-02 00:00:00','ç³»ç»Ÿ'),(147,2,'a1','CAR_PROFIT_KEY','æ±½è½¦æ”¶ç›Š','1.0000','31403.8600',18,'æ±½è½¦æ”¶ç›Š','2019-02-02 00:00:00','ç³»ç»Ÿ'),(148,2,'a1','CAR_PROFIT_KEY','æ±½è½¦æ”¶ç›Š','1.0000','31404.8600',19,'æ±½è½¦æ”¶ç›Š','2019-02-02 00:00:00','ç³»ç»Ÿ'),(149,3,'fury','CAR_PROFIT_KEY','æ±½è½¦æ”¶ç›Š','1.0000','9747.6200',20,'æ±½è½¦æ”¶ç›Š','2019-02-02 00:00:00','ç³»ç»Ÿ'),(150,2,'a1','CAR_PROFIT_KEY','æ±½è½¦æ”¶ç›Š','1.0000','31405.8600',21,'æ±½è½¦æ”¶ç›Š','2019-02-02 00:00:00','ç³»ç»Ÿ'),(151,2,'a1','CAR_PROFIT_KEY','æ±½è½¦æ”¶ç›Š','1.0000','31406.8600',22,'æ±½è½¦æ”¶ç›Š','2019-02-02 00:00:01','ç³»ç»Ÿ'),(152,2,'a1','CAR_PROFIT_KEY','æ±½è½¦æ”¶ç›Š','1.0000','31407.8600',23,'æ±½è½¦æ”¶ç›Š','2019-02-02 00:00:01','ç³»ç»Ÿ'),(153,2,'a1','CAR_PROFIT_KEY','æ±½è½¦æ”¶ç›Š','1.0000','31408.8600',24,'æ±½è½¦æ”¶ç›Š','2019-02-02 00:00:01','ç³»ç»Ÿ'),(154,2,'a1','CAR_PROFIT_KEY','æ±½è½¦æ”¶ç›Š','1.0000','31409.8600',25,'æ±½è½¦æ”¶ç›Š','2019-02-02 00:00:01','ç³»ç»Ÿ'),(155,2,'a1','CAR_PROFIT_KEY','æ±½è½¦æ”¶ç›Š','1.0000','31410.8600',26,'æ±½è½¦æ”¶ç›Š','2019-02-02 00:00:01','ç³»ç»Ÿ'),(156,2,'a1','CAR_PROFIT_KEY','æ±½è½¦æ”¶ç›Š','1.0000','31411.8600',28,'æ±½è½¦æ”¶ç›Š','2019-02-02 00:00:01','ç³»ç»Ÿ'),(157,2,'a1','CAR_PROFIT_KEY','æ±½è½¦æ”¶ç›Š','1.0000','31412.8600',31,'æ±½è½¦æ”¶ç›Š','2019-02-02 00:00:01','ç³»ç»Ÿ'),(158,2,'a1','CAR_PROFIT_KEY','æ±½è½¦æ”¶ç›Š','1.0000','31413.8600',40,'æ±½è½¦æ”¶ç›Š','2019-02-02 00:00:01','ç³»ç»Ÿ'),(159,2,'a1','CAR_PROFIT_KEY','æ±½è½¦æ”¶ç›Š','1.0000','31414.8600',49,'æ±½è½¦æ”¶ç›Š','2019-02-02 00:00:01','ç³»ç»Ÿ'),(160,2,'a1','CAR_PROFIT_KEY','æ±½è½¦æ”¶ç›Š','1.0000','31415.8600',52,'æ±½è½¦æ”¶ç›Š','2019-02-02 00:00:01','ç³»ç»Ÿ'),(161,2,'a1','CAR_PROFIT_KEY','æ±½è½¦æ”¶ç›Š','1.0000','31416.8600',55,'æ±½è½¦æ”¶ç›Š','2019-02-02 00:00:01','ç³»ç»Ÿ'),(162,2,'a1','CAR_PROFIT_KEY','æ±½è½¦æ”¶ç›Š','1.0000','31417.8600',57,'æ±½è½¦æ”¶ç›Š','2019-02-02 00:00:01','ç³»ç»Ÿ'),(163,2,'a1','CAR_PROFIT_KEY','æ±½è½¦æ”¶ç›Š','1.0000','31418.8600',62,'æ±½è½¦æ”¶ç›Š','2019-02-02 00:00:01','ç³»ç»Ÿ'),(164,2,'a1','CAR_PROFIT_KEY','æ±½è½¦æ”¶ç›Š','1.0000','31419.8600',63,'æ±½è½¦æ”¶ç›Š','2019-02-02 00:00:01','ç³»ç»Ÿ'),(165,2,'a1','CAR_PROFIT_KEY','æ±½è½¦æ”¶ç›Š','1.0000','31420.8600',65,'æ±½è½¦æ”¶ç›Š','2019-02-02 00:00:01','ç³»ç»Ÿ'),(166,3,'fury','CAR_PROFIT_KEY','æ±½è½¦æ”¶ç›Š','9.0000','9756.6200',73,'æ±½è½¦æ”¶ç›Š','2019-02-02 00:00:01','ç³»ç»Ÿ'),(167,3,'fury','CAR_PROFIT_KEY','æ±½è½¦æ”¶ç›Š','9.0000','9765.6200',74,'æ±½è½¦æ”¶ç›Š','2019-02-02 00:00:01','ç³»ç»Ÿ'),(168,3,'fury','CAR_PROFIT_KEY','æ±½è½¦æ”¶ç›Š','9.0000','9774.6200',75,'æ±½è½¦æ”¶ç›Š','2019-02-02 00:00:01','ç³»ç»Ÿ'),(169,2,'a1','CAR_PROFIT_KEY','æ±½è½¦æ”¶ç›Š','1.0000','31421.8600',76,'æ±½è½¦æ”¶ç›Š','2019-02-02 00:00:01','ç³»ç»Ÿ'),(170,2,'a1','CAR_PROFIT_KEY','æ±½è½¦æ”¶ç›Š','1.0000','31422.8600',79,'æ±½è½¦æ”¶ç›Š','2019-02-02 00:00:01','ç³»ç»Ÿ'),(171,2,'a1','CAR_PROFIT_KEY','æ±½è½¦æ”¶ç›Š','1.0000','31423.8600',1,'æ±½è½¦æ”¶ç›Š','2019-02-03 00:00:00','ç³»ç»Ÿ'),(172,2,'a1','CAR_PROFIT_KEY','æ±½è½¦æ”¶ç›Š','9.0000','31432.8600',2,'æ±½è½¦æ”¶ç›Š','2019-02-03 00:00:00','ç³»ç»Ÿ'),(173,2,'a1','CAR_PROFIT_KEY','æ±½è½¦æ”¶ç›Š','57.0000','31489.8600',3,'æ±½è½¦æ”¶ç›Š','2019-02-03 00:00:00','ç³»ç»Ÿ'),(174,2,'a1','CAR_PROFIT_KEY','æ±½è½¦æ”¶ç›Š','160.0000','31649.8600',4,'æ±½è½¦æ”¶ç›Š','2019-02-03 00:00:00','ç³»ç»Ÿ'),(175,2,'a1','CAR_PROFIT_KEY','æ±½è½¦æ”¶ç›Š','300.0000','31949.8600',5,'æ±½è½¦æ”¶ç›Š','2019-02-03 00:00:00','ç³»ç»Ÿ'),(176,2,'a1','CAR_PROFIT_KEY','æ±½è½¦æ”¶ç›Š','475.0000','32424.8600',6,'æ±½è½¦æ”¶ç›Š','2019-02-03 00:00:00','ç³»ç»Ÿ'),(177,2,'a1','CAR_PROFIT_KEY','æ±½è½¦æ”¶ç›Š','630.0000','33054.8600',7,'æ±½è½¦æ”¶ç›Š','2019-02-03 00:00:00','ç³»ç»Ÿ'),(178,2,'a1','CAR_PROFIT_KEY','æ±½è½¦æ”¶ç›Š','850.0000','33904.8600',8,'æ±½è½¦æ”¶ç›Š','2019-02-03 00:00:00','ç³»ç»Ÿ'),(179,2,'a1','CAR_PROFIT_KEY','æ±½è½¦æ”¶ç›Š','1.0000','33905.8600',13,'æ±½è½¦æ”¶ç›Š','2019-02-03 00:00:00','ç³»ç»Ÿ'),(180,2,'a1','CAR_PROFIT_KEY','æ±½è½¦æ”¶ç›Š','1.0000','33906.8600',17,'æ±½è½¦æ”¶ç›Š','2019-02-03 00:00:00','ç³»ç»Ÿ'),(181,2,'a1','CAR_PROFIT_KEY','æ±½è½¦æ”¶ç›Š','1.0000','33907.8600',18,'æ±½è½¦æ”¶ç›Š','2019-02-03 00:00:00','ç³»ç»Ÿ'),(182,2,'a1','CAR_PROFIT_KEY','æ±½è½¦æ”¶ç›Š','1.0000','33908.8600',19,'æ±½è½¦æ”¶ç›Š','2019-02-03 00:00:00','ç³»ç»Ÿ'),(183,3,'fury','CAR_PROFIT_KEY','æ±½è½¦æ”¶ç›Š','1.0000','9775.6200',20,'æ±½è½¦æ”¶ç›Š','2019-02-03 00:00:00','ç³»ç»Ÿ'),(184,2,'a1','CAR_PROFIT_KEY','æ±½è½¦æ”¶ç›Š','1.0000','33909.8600',21,'æ±½è½¦æ”¶ç›Š','2019-02-03 00:00:00','ç³»ç»Ÿ'),(185,2,'a1','CAR_PROFIT_KEY','æ±½è½¦æ”¶ç›Š','1.0000','33910.8600',22,'æ±½è½¦æ”¶ç›Š','2019-02-03 00:00:00','ç³»ç»Ÿ'),(186,2,'a1','CAR_PROFIT_KEY','æ±½è½¦æ”¶ç›Š','1.0000','33911.8600',23,'æ±½è½¦æ”¶ç›Š','2019-02-03 00:00:01','ç³»ç»Ÿ'),(187,2,'a1','CAR_PROFIT_KEY','æ±½è½¦æ”¶ç›Š','1.0000','33912.8600',24,'æ±½è½¦æ”¶ç›Š','2019-02-03 00:00:01','ç³»ç»Ÿ'),(188,2,'a1','CAR_PROFIT_KEY','æ±½è½¦æ”¶ç›Š','1.0000','33913.8600',25,'æ±½è½¦æ”¶ç›Š','2019-02-03 00:00:01','ç³»ç»Ÿ'),(189,2,'a1','CAR_PROFIT_KEY','æ±½è½¦æ”¶ç›Š','1.0000','33914.8600',26,'æ±½è½¦æ”¶ç›Š','2019-02-03 00:00:01','ç³»ç»Ÿ'),(190,2,'a1','CAR_PROFIT_KEY','æ±½è½¦æ”¶ç›Š','1.0000','33915.8600',28,'æ±½è½¦æ”¶ç›Š','2019-02-03 00:00:01','ç³»ç»Ÿ'),(191,2,'a1','CAR_PROFIT_KEY','æ±½è½¦æ”¶ç›Š','1.0000','33916.8600',31,'æ±½è½¦æ”¶ç›Š','2019-02-03 00:00:01','ç³»ç»Ÿ'),(192,2,'a1','CAR_PROFIT_KEY','æ±½è½¦æ”¶ç›Š','1.0000','33917.8600',40,'æ±½è½¦æ”¶ç›Š','2019-02-03 00:00:01','ç³»ç»Ÿ'),(193,2,'a1','CAR_PROFIT_KEY','æ±½è½¦æ”¶ç›Š','1.0000','33918.8600',49,'æ±½è½¦æ”¶ç›Š','2019-02-03 00:00:01','ç³»ç»Ÿ'),(194,2,'a1','CAR_PROFIT_KEY','æ±½è½¦æ”¶ç›Š','1.0000','33919.8600',52,'æ±½è½¦æ”¶ç›Š','2019-02-03 00:00:01','ç³»ç»Ÿ'),(195,2,'a1','CAR_PROFIT_KEY','æ±½è½¦æ”¶ç›Š','1.0000','33920.8600',55,'æ±½è½¦æ”¶ç›Š','2019-02-03 00:00:01','ç³»ç»Ÿ'),(196,2,'a1','CAR_PROFIT_KEY','æ±½è½¦æ”¶ç›Š','1.0000','33921.8600',57,'æ±½è½¦æ”¶ç›Š','2019-02-03 00:00:01','ç³»ç»Ÿ'),(197,2,'a1','CAR_PROFIT_KEY','æ±½è½¦æ”¶ç›Š','1.0000','33922.8600',62,'æ±½è½¦æ”¶ç›Š','2019-02-03 00:00:01','ç³»ç»Ÿ'),(198,2,'a1','CAR_PROFIT_KEY','æ±½è½¦æ”¶ç›Š','1.0000','33923.8600',63,'æ±½è½¦æ”¶ç›Š','2019-02-03 00:00:01','ç³»ç»Ÿ'),(199,2,'a1','CAR_PROFIT_KEY','æ±½è½¦æ”¶ç›Š','1.0000','33924.8600',65,'æ±½è½¦æ”¶ç›Š','2019-02-03 00:00:01','ç³»ç»Ÿ'),(200,3,'fury','CAR_PROFIT_KEY','æ±½è½¦æ”¶ç›Š','9.0000','9784.6200',73,'æ±½è½¦æ”¶ç›Š','2019-02-03 00:00:01','ç³»ç»Ÿ'),(201,3,'fury','CAR_PROFIT_KEY','æ±½è½¦æ”¶ç›Š','9.0000','9793.6200',74,'æ±½è½¦æ”¶ç›Š','2019-02-03 00:00:01','ç³»ç»Ÿ'),(202,3,'fury','CAR_PROFIT_KEY','æ±½è½¦æ”¶ç›Š','9.0000','9802.6200',75,'æ±½è½¦æ”¶ç›Š','2019-02-03 00:00:01','ç³»ç»Ÿ'),(203,2,'a1','CAR_PROFIT_KEY','æ±½è½¦æ”¶ç›Š','1.0000','33925.8600',76,'æ±½è½¦æ”¶ç›Š','2019-02-03 00:00:01','ç³»ç»Ÿ'),(204,2,'a1','CAR_PROFIT_KEY','æ±½è½¦æ”¶ç›Š','1.0000','33926.8600',79,'æ±½è½¦æ”¶ç›Š','2019-02-03 00:00:01','ç³»ç»Ÿ'),(205,2,'a1','CAR_PROFIT_KEY','æ±½è½¦æ”¶ç›Š','1.0000','33927.8600',1,'æ±½è½¦æ”¶ç›Š','2019-02-04 00:00:00','ç³»ç»Ÿ'),(206,2,'a1','CAR_PROFIT_KEY','æ±½è½¦æ”¶ç›Š','9.0000','33936.8600',2,'æ±½è½¦æ”¶ç›Š','2019-02-04 00:00:00','ç³»ç»Ÿ'),(207,2,'a1','CAR_PROFIT_KEY','æ±½è½¦æ”¶ç›Š','57.0000','33993.8600',3,'æ±½è½¦æ”¶ç›Š','2019-02-04 00:00:00','ç³»ç»Ÿ'),(208,2,'a1','CAR_PROFIT_KEY','æ±½è½¦æ”¶ç›Š','160.0000','34153.8600',4,'æ±½è½¦æ”¶ç›Š','2019-02-04 00:00:00','ç³»ç»Ÿ'),(209,2,'a1','CAR_PROFIT_KEY','æ±½è½¦æ”¶ç›Š','300.0000','34453.8600',5,'æ±½è½¦æ”¶ç›Š','2019-02-04 00:00:00','ç³»ç»Ÿ'),(210,2,'a1','CAR_PROFIT_KEY','æ±½è½¦æ”¶ç›Š','475.0000','34928.8600',6,'æ±½è½¦æ”¶ç›Š','2019-02-04 00:00:00','ç³»ç»Ÿ'),(211,2,'a1','CAR_PROFIT_KEY','æ±½è½¦æ”¶ç›Š','630.0000','35558.8600',7,'æ±½è½¦æ”¶ç›Š','2019-02-04 00:00:00','ç³»ç»Ÿ'),(212,2,'a1','CAR_PROFIT_KEY','æ±½è½¦æ”¶ç›Š','850.0000','36408.8600',8,'æ±½è½¦æ”¶ç›Š','2019-02-04 00:00:00','ç³»ç»Ÿ'),(213,2,'a1','CAR_PROFIT_KEY','æ±½è½¦æ”¶ç›Š','1.0000','36409.8600',13,'æ±½è½¦æ”¶ç›Š','2019-02-04 00:00:00','ç³»ç»Ÿ'),(214,2,'a1','CAR_PROFIT_KEY','æ±½è½¦æ”¶ç›Š','1.0000','36410.8600',17,'æ±½è½¦æ”¶ç›Š','2019-02-04 00:00:00','ç³»ç»Ÿ'),(215,2,'a1','CAR_PROFIT_KEY','æ±½è½¦æ”¶ç›Š','1.0000','36411.8600',18,'æ±½è½¦æ”¶ç›Š','2019-02-04 00:00:00','ç³»ç»Ÿ'),(216,2,'a1','CAR_PROFIT_KEY','æ±½è½¦æ”¶ç›Š','1.0000','36412.8600',19,'æ±½è½¦æ”¶ç›Š','2019-02-04 00:00:00','ç³»ç»Ÿ'),(217,3,'fury','CAR_PROFIT_KEY','æ±½è½¦æ”¶ç›Š','1.0000','9803.6200',20,'æ±½è½¦æ”¶ç›Š','2019-02-04 00:00:00','ç³»ç»Ÿ'),(218,2,'a1','CAR_PROFIT_KEY','æ±½è½¦æ”¶ç›Š','1.0000','36413.8600',21,'æ±½è½¦æ”¶ç›Š','2019-02-04 00:00:00','ç³»ç»Ÿ'),(219,2,'a1','CAR_PROFIT_KEY','æ±½è½¦æ”¶ç›Š','1.0000','36414.8600',22,'æ±½è½¦æ”¶ç›Š','2019-02-04 00:00:00','ç³»ç»Ÿ'),(220,2,'a1','CAR_PROFIT_KEY','æ±½è½¦æ”¶ç›Š','1.0000','36415.8600',23,'æ±½è½¦æ”¶ç›Š','2019-02-04 00:00:01','ç³»ç»Ÿ'),(221,2,'a1','CAR_PROFIT_KEY','æ±½è½¦æ”¶ç›Š','1.0000','36416.8600',24,'æ±½è½¦æ”¶ç›Š','2019-02-04 00:00:01','ç³»ç»Ÿ'),(222,2,'a1','CAR_PROFIT_KEY','æ±½è½¦æ”¶ç›Š','1.0000','36417.8600',25,'æ±½è½¦æ”¶ç›Š','2019-02-04 00:00:01','ç³»ç»Ÿ'),(223,2,'a1','CAR_PROFIT_KEY','æ±½è½¦æ”¶ç›Š','1.0000','36418.8600',26,'æ±½è½¦æ”¶ç›Š','2019-02-04 00:00:01','ç³»ç»Ÿ'),(224,2,'a1','CAR_PROFIT_KEY','æ±½è½¦æ”¶ç›Š','1.0000','36419.8600',28,'æ±½è½¦æ”¶ç›Š','2019-02-04 00:00:01','ç³»ç»Ÿ'),(225,2,'a1','CAR_PROFIT_KEY','æ±½è½¦æ”¶ç›Š','1.0000','36420.8600',31,'æ±½è½¦æ”¶ç›Š','2019-02-04 00:00:01','ç³»ç»Ÿ'),(226,2,'a1','CAR_PROFIT_KEY','æ±½è½¦æ”¶ç›Š','1.0000','36421.8600',40,'æ±½è½¦æ”¶ç›Š','2019-02-04 00:00:01','ç³»ç»Ÿ'),(227,2,'a1','CAR_PROFIT_KEY','æ±½è½¦æ”¶ç›Š','1.0000','36422.8600',49,'æ±½è½¦æ”¶ç›Š','2019-02-04 00:00:01','ç³»ç»Ÿ'),(228,2,'a1','CAR_PROFIT_KEY','æ±½è½¦æ”¶ç›Š','1.0000','36423.8600',52,'æ±½è½¦æ”¶ç›Š','2019-02-04 00:00:01','ç³»ç»Ÿ'),(229,2,'a1','CAR_PROFIT_KEY','æ±½è½¦æ”¶ç›Š','1.0000','36424.8600',55,'æ±½è½¦æ”¶ç›Š','2019-02-04 00:00:01','ç³»ç»Ÿ'),(230,2,'a1','CAR_PROFIT_KEY','æ±½è½¦æ”¶ç›Š','1.0000','36425.8600',57,'æ±½è½¦æ”¶ç›Š','2019-02-04 00:00:01','ç³»ç»Ÿ'),(231,2,'a1','CAR_PROFIT_KEY','æ±½è½¦æ”¶ç›Š','1.0000','36426.8600',62,'æ±½è½¦æ”¶ç›Š','2019-02-04 00:00:01','ç³»ç»Ÿ'),(232,2,'a1','CAR_PROFIT_KEY','æ±½è½¦æ”¶ç›Š','1.0000','36427.8600',63,'æ±½è½¦æ”¶ç›Š','2019-02-04 00:00:01','ç³»ç»Ÿ'),(233,2,'a1','CAR_PROFIT_KEY','æ±½è½¦æ”¶ç›Š','1.0000','36428.8600',65,'æ±½è½¦æ”¶ç›Š','2019-02-04 00:00:01','ç³»ç»Ÿ'),(234,3,'fury','CAR_PROFIT_KEY','æ±½è½¦æ”¶ç›Š','9.0000','9812.6200',73,'æ±½è½¦æ”¶ç›Š','2019-02-04 00:00:01','ç³»ç»Ÿ'),(235,3,'fury','CAR_PROFIT_KEY','æ±½è½¦æ”¶ç›Š','9.0000','9821.6200',74,'æ±½è½¦æ”¶ç›Š','2019-02-04 00:00:01','ç³»ç»Ÿ'),(236,3,'fury','CAR_PROFIT_KEY','æ±½è½¦æ”¶ç›Š','9.0000','9830.6200',75,'æ±½è½¦æ”¶ç›Š','2019-02-04 00:00:01','ç³»ç»Ÿ'),(237,2,'a1','CAR_PROFIT_KEY','æ±½è½¦æ”¶ç›Š','1.0000','36429.8600',76,'æ±½è½¦æ”¶ç›Š','2019-02-04 00:00:01','ç³»ç»Ÿ'),(238,2,'a1','CAR_PROFIT_KEY','æ±½è½¦æ”¶ç›Š','1.0000','36430.8600',79,'æ±½è½¦æ”¶ç›Š','2019-02-04 00:00:01','ç³»ç»Ÿ'),(239,2,'a1','CAR_PROFIT_KEY','æ±½è½¦æ”¶ç›Š','1.0000','36431.8600',1,'æ±½è½¦æ”¶ç›Š','2019-02-05 00:00:00','ç³»ç»Ÿ'),(240,2,'a1','CAR_PROFIT_KEY','æ±½è½¦æ”¶ç›Š','9.0000','36440.8600',2,'æ±½è½¦æ”¶ç›Š','2019-02-05 00:00:00','ç³»ç»Ÿ'),(241,2,'a1','CAR_PROFIT_KEY','æ±½è½¦æ”¶ç›Š','57.0000','36497.8600',3,'æ±½è½¦æ”¶ç›Š','2019-02-05 00:00:00','ç³»ç»Ÿ'),(242,2,'a1','CAR_PROFIT_KEY','æ±½è½¦æ”¶ç›Š','160.0000','36657.8600',4,'æ±½è½¦æ”¶ç›Š','2019-02-05 00:00:00','ç³»ç»Ÿ'),(243,2,'a1','CAR_PROFIT_KEY','æ±½è½¦æ”¶ç›Š','300.0000','36957.8600',5,'æ±½è½¦æ”¶ç›Š','2019-02-05 00:00:00','ç³»ç»Ÿ'),(244,2,'a1','CAR_PROFIT_KEY','æ±½è½¦æ”¶ç›Š','475.0000','37432.8600',6,'æ±½è½¦æ”¶ç›Š','2019-02-05 00:00:00','ç³»ç»Ÿ'),(245,2,'a1','CAR_PROFIT_KEY','æ±½è½¦æ”¶ç›Š','630.0000','38062.8600',7,'æ±½è½¦æ”¶ç›Š','2019-02-05 00:00:00','ç³»ç»Ÿ'),(246,2,'a1','CAR_PROFIT_KEY','æ±½è½¦æ”¶ç›Š','850.0000','38912.8600',8,'æ±½è½¦æ”¶ç›Š','2019-02-05 00:00:00','ç³»ç»Ÿ'),(247,2,'a1','CAR_PROFIT_KEY','æ±½è½¦æ”¶ç›Š','1.0000','38913.8600',13,'æ±½è½¦æ”¶ç›Š','2019-02-05 00:00:00','ç³»ç»Ÿ'),(248,2,'a1','CAR_PROFIT_KEY','æ±½è½¦æ”¶ç›Š','1.0000','38914.8600',17,'æ±½è½¦æ”¶ç›Š','2019-02-05 00:00:00','ç³»ç»Ÿ'),(249,2,'a1','CAR_PROFIT_KEY','æ±½è½¦æ”¶ç›Š','1.0000','38915.8600',18,'æ±½è½¦æ”¶ç›Š','2019-02-05 00:00:00','ç³»ç»Ÿ'),(250,2,'a1','CAR_PROFIT_KEY','æ±½è½¦æ”¶ç›Š','1.0000','38916.8600',19,'æ±½è½¦æ”¶ç›Š','2019-02-05 00:00:00','ç³»ç»Ÿ'),(251,3,'fury','CAR_PROFIT_KEY','æ±½è½¦æ”¶ç›Š','1.0000','9831.6200',20,'æ±½è½¦æ”¶ç›Š','2019-02-05 00:00:00','ç³»ç»Ÿ'),(252,2,'a1','CAR_PROFIT_KEY','æ±½è½¦æ”¶ç›Š','1.0000','38917.8600',21,'æ±½è½¦æ”¶ç›Š','2019-02-05 00:00:00','ç³»ç»Ÿ'),(253,2,'a1','CAR_PROFIT_KEY','æ±½è½¦æ”¶ç›Š','1.0000','38918.8600',22,'æ±½è½¦æ”¶ç›Š','2019-02-05 00:00:00','ç³»ç»Ÿ'),(254,2,'a1','CAR_PROFIT_KEY','æ±½è½¦æ”¶ç›Š','1.0000','38919.8600',23,'æ±½è½¦æ”¶ç›Š','2019-02-05 00:00:01','ç³»ç»Ÿ'),(255,2,'a1','CAR_PROFIT_KEY','æ±½è½¦æ”¶ç›Š','1.0000','38920.8600',24,'æ±½è½¦æ”¶ç›Š','2019-02-05 00:00:01','ç³»ç»Ÿ'),(256,2,'a1','CAR_PROFIT_KEY','æ±½è½¦æ”¶ç›Š','1.0000','38921.8600',25,'æ±½è½¦æ”¶ç›Š','2019-02-05 00:00:01','ç³»ç»Ÿ'),(257,2,'a1','CAR_PROFIT_KEY','æ±½è½¦æ”¶ç›Š','1.0000','38922.8600',26,'æ±½è½¦æ”¶ç›Š','2019-02-05 00:00:01','ç³»ç»Ÿ'),(258,2,'a1','CAR_PROFIT_KEY','æ±½è½¦æ”¶ç›Š','1.0000','38923.8600',28,'æ±½è½¦æ”¶ç›Š','2019-02-05 00:00:01','ç³»ç»Ÿ'),(259,2,'a1','CAR_PROFIT_KEY','æ±½è½¦æ”¶ç›Š','1.0000','38924.8600',31,'æ±½è½¦æ”¶ç›Š','2019-02-05 00:00:01','ç³»ç»Ÿ'),(260,2,'a1','CAR_PROFIT_KEY','æ±½è½¦æ”¶ç›Š','1.0000','38925.8600',40,'æ±½è½¦æ”¶ç›Š','2019-02-05 00:00:01','ç³»ç»Ÿ'),(261,2,'a1','CAR_PROFIT_KEY','æ±½è½¦æ”¶ç›Š','1.0000','38926.8600',49,'æ±½è½¦æ”¶ç›Š','2019-02-05 00:00:01','ç³»ç»Ÿ'),(262,2,'a1','CAR_PROFIT_KEY','æ±½è½¦æ”¶ç›Š','1.0000','38927.8600',52,'æ±½è½¦æ”¶ç›Š','2019-02-05 00:00:01','ç³»ç»Ÿ'),(263,2,'a1','CAR_PROFIT_KEY','æ±½è½¦æ”¶ç›Š','1.0000','38928.8600',55,'æ±½è½¦æ”¶ç›Š','2019-02-05 00:00:01','ç³»ç»Ÿ'),(264,2,'a1','CAR_PROFIT_KEY','æ±½è½¦æ”¶ç›Š','1.0000','38929.8600',57,'æ±½è½¦æ”¶ç›Š','2019-02-05 00:00:01','ç³»ç»Ÿ'),(265,2,'a1','CAR_PROFIT_KEY','æ±½è½¦æ”¶ç›Š','1.0000','38930.8600',62,'æ±½è½¦æ”¶ç›Š','2019-02-05 00:00:01','ç³»ç»Ÿ'),(266,2,'a1','CAR_PROFIT_KEY','æ±½è½¦æ”¶ç›Š','1.0000','38931.8600',63,'æ±½è½¦æ”¶ç›Š','2019-02-05 00:00:01','ç³»ç»Ÿ'),(267,2,'a1','CAR_PROFIT_KEY','æ±½è½¦æ”¶ç›Š','1.0000','38932.8600',65,'æ±½è½¦æ”¶ç›Š','2019-02-05 00:00:01','ç³»ç»Ÿ'),(268,3,'fury','CAR_PROFIT_KEY','æ±½è½¦æ”¶ç›Š','9.0000','9840.6200',73,'æ±½è½¦æ”¶ç›Š','2019-02-05 00:00:01','ç³»ç»Ÿ'),(269,3,'fury','CAR_PROFIT_KEY','æ±½è½¦æ”¶ç›Š','9.0000','9849.6200',74,'æ±½è½¦æ”¶ç›Š','2019-02-05 00:00:01','ç³»ç»Ÿ'),(270,3,'fury','CAR_PROFIT_KEY','æ±½è½¦æ”¶ç›Š','9.0000','9858.6200',75,'æ±½è½¦æ”¶ç›Š','2019-02-05 00:00:01','ç³»ç»Ÿ'),(271,2,'a1','CAR_PROFIT_KEY','æ±½è½¦æ”¶ç›Š','1.0000','38933.8600',76,'æ±½è½¦æ”¶ç›Š','2019-02-05 00:00:01','ç³»ç»Ÿ'),(272,2,'a1','CAR_PROFIT_KEY','æ±½è½¦æ”¶ç›Š','1.0000','38934.8600',79,'æ±½è½¦æ”¶ç›Š','2019-02-05 00:00:01','ç³»ç»Ÿ'),(273,2,'a1','CAR_PROFIT_KEY','æ±½è½¦æ”¶ç›Š','1.0000','38935.8600',1,'æ±½è½¦æ”¶ç›Š','2019-02-06 00:00:00','ç³»ç»Ÿ'),(274,2,'a1','CAR_PROFIT_KEY','æ±½è½¦æ”¶ç›Š','9.0000','38944.8600',2,'æ±½è½¦æ”¶ç›Š','2019-02-06 00:00:00','ç³»ç»Ÿ'),(275,2,'a1','CAR_PROFIT_KEY','æ±½è½¦æ”¶ç›Š','57.0000','39001.8600',3,'æ±½è½¦æ”¶ç›Š','2019-02-06 00:00:00','ç³»ç»Ÿ'),(276,2,'a1','CAR_PROFIT_KEY','æ±½è½¦æ”¶ç›Š','160.0000','39161.8600',4,'æ±½è½¦æ”¶ç›Š','2019-02-06 00:00:00','ç³»ç»Ÿ'),(277,2,'a1','CAR_PROFIT_KEY','æ±½è½¦æ”¶ç›Š','300.0000','39461.8600',5,'æ±½è½¦æ”¶ç›Š','2019-02-06 00:00:00','ç³»ç»Ÿ'),(278,2,'a1','CAR_PROFIT_KEY','æ±½è½¦æ”¶ç›Š','475.0000','39936.8600',6,'æ±½è½¦æ”¶ç›Š','2019-02-06 00:00:00','ç³»ç»Ÿ'),(279,2,'a1','CAR_PROFIT_KEY','æ±½è½¦æ”¶ç›Š','630.0000','40566.8600',7,'æ±½è½¦æ”¶ç›Š','2019-02-06 00:00:00','ç³»ç»Ÿ'),(280,2,'a1','CAR_PROFIT_KEY','æ±½è½¦æ”¶ç›Š','850.0000','41416.8600',8,'æ±½è½¦æ”¶ç›Š','2019-02-06 00:00:01','ç³»ç»Ÿ'),(281,2,'a1','CAR_PROFIT_KEY','æ±½è½¦æ”¶ç›Š','1.0000','41417.8600',13,'æ±½è½¦æ”¶ç›Š','2019-02-06 00:00:01','ç³»ç»Ÿ'),(282,2,'a1','CAR_PROFIT_KEY','æ±½è½¦æ”¶ç›Š','1.0000','41418.8600',17,'æ±½è½¦æ”¶ç›Š','2019-02-06 00:00:01','ç³»ç»Ÿ'),(283,2,'a1','CAR_PROFIT_KEY','æ±½è½¦æ”¶ç›Š','1.0000','41419.8600',18,'æ±½è½¦æ”¶ç›Š','2019-02-06 00:00:01','ç³»ç»Ÿ'),(284,2,'a1','CAR_PROFIT_KEY','æ±½è½¦æ”¶ç›Š','1.0000','41420.8600',19,'æ±½è½¦æ”¶ç›Š','2019-02-06 00:00:01','ç³»ç»Ÿ'),(285,3,'fury','CAR_PROFIT_KEY','æ±½è½¦æ”¶ç›Š','1.0000','9859.6200',20,'æ±½è½¦æ”¶ç›Š','2019-02-06 00:00:01','ç³»ç»Ÿ'),(286,2,'a1','CAR_PROFIT_KEY','æ±½è½¦æ”¶ç›Š','1.0000','41421.8600',21,'æ±½è½¦æ”¶ç›Š','2019-02-06 00:00:01','ç³»ç»Ÿ'),(287,2,'a1','CAR_PROFIT_KEY','æ±½è½¦æ”¶ç›Š','1.0000','41422.8600',22,'æ±½è½¦æ”¶ç›Š','2019-02-06 00:00:01','ç³»ç»Ÿ'),(288,2,'a1','CAR_PROFIT_KEY','æ±½è½¦æ”¶ç›Š','1.0000','41423.8600',23,'æ±½è½¦æ”¶ç›Š','2019-02-06 00:00:01','ç³»ç»Ÿ'),(289,2,'a1','CAR_PROFIT_KEY','æ±½è½¦æ”¶ç›Š','1.0000','41424.8600',24,'æ±½è½¦æ”¶ç›Š','2019-02-06 00:00:01','ç³»ç»Ÿ'),(290,2,'a1','CAR_PROFIT_KEY','æ±½è½¦æ”¶ç›Š','1.0000','41425.8600',25,'æ±½è½¦æ”¶ç›Š','2019-02-06 00:00:01','ç³»ç»Ÿ'),(291,2,'a1','CAR_PROFIT_KEY','æ±½è½¦æ”¶ç›Š','1.0000','41426.8600',26,'æ±½è½¦æ”¶ç›Š','2019-02-06 00:00:01','ç³»ç»Ÿ'),(292,2,'a1','CAR_PROFIT_KEY','æ±½è½¦æ”¶ç›Š','1.0000','41427.8600',28,'æ±½è½¦æ”¶ç›Š','2019-02-06 00:00:01','ç³»ç»Ÿ'),(293,2,'a1','CAR_PROFIT_KEY','æ±½è½¦æ”¶ç›Š','1.0000','41428.8600',31,'æ±½è½¦æ”¶ç›Š','2019-02-06 00:00:01','ç³»ç»Ÿ'),(294,2,'a1','CAR_PROFIT_KEY','æ±½è½¦æ”¶ç›Š','1.0000','41429.8600',40,'æ±½è½¦æ”¶ç›Š','2019-02-06 00:00:01','ç³»ç»Ÿ'),(295,2,'a1','CAR_PROFIT_KEY','æ±½è½¦æ”¶ç›Š','1.0000','41430.8600',49,'æ±½è½¦æ”¶ç›Š','2019-02-06 00:00:01','ç³»ç»Ÿ'),(296,2,'a1','CAR_PROFIT_KEY','æ±½è½¦æ”¶ç›Š','1.0000','41431.8600',52,'æ±½è½¦æ”¶ç›Š','2019-02-06 00:00:01','ç³»ç»Ÿ'),(297,2,'a1','CAR_PROFIT_KEY','æ±½è½¦æ”¶ç›Š','1.0000','41432.8600',55,'æ±½è½¦æ”¶ç›Š','2019-02-06 00:00:01','ç³»ç»Ÿ'),(298,2,'a1','CAR_PROFIT_KEY','æ±½è½¦æ”¶ç›Š','1.0000','41433.8600',57,'æ±½è½¦æ”¶ç›Š','2019-02-06 00:00:01','ç³»ç»Ÿ'),(299,2,'a1','CAR_PROFIT_KEY','æ±½è½¦æ”¶ç›Š','1.0000','41434.8600',62,'æ±½è½¦æ”¶ç›Š','2019-02-06 00:00:01','ç³»ç»Ÿ'),(300,2,'a1','CAR_PROFIT_KEY','æ±½è½¦æ”¶ç›Š','1.0000','41435.8600',63,'æ±½è½¦æ”¶ç›Š','2019-02-06 00:00:01','ç³»ç»Ÿ'),(301,2,'a1','CAR_PROFIT_KEY','æ±½è½¦æ”¶ç›Š','1.0000','41436.8600',65,'æ±½è½¦æ”¶ç›Š','2019-02-06 00:00:01','ç³»ç»Ÿ'),(302,3,'fury','CAR_PROFIT_KEY','æ±½è½¦æ”¶ç›Š','9.0000','9868.6200',73,'æ±½è½¦æ”¶ç›Š','2019-02-06 00:00:01','ç³»ç»Ÿ'),(303,3,'fury','CAR_PROFIT_KEY','æ±½è½¦æ”¶ç›Š','9.0000','9877.6200',74,'æ±½è½¦æ”¶ç›Š','2019-02-06 00:00:01','ç³»ç»Ÿ'),(304,3,'fury','CAR_PROFIT_KEY','æ±½è½¦æ”¶ç›Š','9.0000','9886.6200',75,'æ±½è½¦æ”¶ç›Š','2019-02-06 00:00:01','ç³»ç»Ÿ'),(305,2,'a1','CAR_PROFIT_KEY','æ±½è½¦æ”¶ç›Š','1.0000','41437.8600',76,'æ±½è½¦æ”¶ç›Š','2019-02-06 00:00:01','ç³»ç»Ÿ'),(306,2,'a1','CAR_PROFIT_KEY','æ±½è½¦æ”¶ç›Š','1.0000','41438.8600',79,'æ±½è½¦æ”¶ç›Š','2019-02-06 00:00:01','ç³»ç»Ÿ'),(307,2,'a1','CAR_PROFIT_KEY','æ±½è½¦æ”¶ç›Š','1.0000','41439.8600',1,'æ±½è½¦æ”¶ç›Š','2019-02-07 00:00:00','ç³»ç»Ÿ'),(308,2,'a1','CAR_PROFIT_KEY','æ±½è½¦æ”¶ç›Š','9.0000','41448.8600',2,'æ±½è½¦æ”¶ç›Š','2019-02-07 00:00:00','ç³»ç»Ÿ'),(309,2,'a1','CAR_PROFIT_KEY','æ±½è½¦æ”¶ç›Š','57.0000','41505.8600',3,'æ±½è½¦æ”¶ç›Š','2019-02-07 00:00:00','ç³»ç»Ÿ'),(310,2,'a1','CAR_PROFIT_KEY','æ±½è½¦æ”¶ç›Š','160.0000','41665.8600',4,'æ±½è½¦æ”¶ç›Š','2019-02-07 00:00:00','ç³»ç»Ÿ'),(311,2,'a1','CAR_PROFIT_KEY','æ±½è½¦æ”¶ç›Š','300.0000','41965.8600',5,'æ±½è½¦æ”¶ç›Š','2019-02-07 00:00:00','ç³»ç»Ÿ'),(312,2,'a1','CAR_PROFIT_KEY','æ±½è½¦æ”¶ç›Š','475.0000','42440.8600',6,'æ±½è½¦æ”¶ç›Š','2019-02-07 00:00:00','ç³»ç»Ÿ'),(313,2,'a1','CAR_PROFIT_KEY','æ±½è½¦æ”¶ç›Š','630.0000','43070.8600',7,'æ±½è½¦æ”¶ç›Š','2019-02-07 00:00:00','ç³»ç»Ÿ'),(314,2,'a1','CAR_PROFIT_KEY','æ±½è½¦æ”¶ç›Š','850.0000','43920.8600',8,'æ±½è½¦æ”¶ç›Š','2019-02-07 00:00:00','ç³»ç»Ÿ'),(315,2,'a1','CAR_PROFIT_KEY','æ±½è½¦æ”¶ç›Š','1.0000','43921.8600',13,'æ±½è½¦æ”¶ç›Š','2019-02-07 00:00:00','ç³»ç»Ÿ'),(316,2,'a1','CAR_PROFIT_KEY','æ±½è½¦æ”¶ç›Š','1.0000','43922.8600',17,'æ±½è½¦æ”¶ç›Š','2019-02-07 00:00:00','ç³»ç»Ÿ'),(317,2,'a1','CAR_PROFIT_KEY','æ±½è½¦æ”¶ç›Š','1.0000','43923.8600',18,'æ±½è½¦æ”¶ç›Š','2019-02-07 00:00:00','ç³»ç»Ÿ'),(318,2,'a1','CAR_PROFIT_KEY','æ±½è½¦æ”¶ç›Š','1.0000','43924.8600',19,'æ±½è½¦æ”¶ç›Š','2019-02-07 00:00:00','ç³»ç»Ÿ'),(319,3,'fury','CAR_PROFIT_KEY','æ±½è½¦æ”¶ç›Š','1.0000','9887.6200',20,'æ±½è½¦æ”¶ç›Š','2019-02-07 00:00:00','ç³»ç»Ÿ'),(320,2,'a1','CAR_PROFIT_KEY','æ±½è½¦æ”¶ç›Š','1.0000','43925.8600',21,'æ±½è½¦æ”¶ç›Š','2019-02-07 00:00:00','ç³»ç»Ÿ'),(321,2,'a1','CAR_PROFIT_KEY','æ±½è½¦æ”¶ç›Š','1.0000','43926.8600',22,'æ±½è½¦æ”¶ç›Š','2019-02-07 00:00:00','ç³»ç»Ÿ'),(322,2,'a1','CAR_PROFIT_KEY','æ±½è½¦æ”¶ç›Š','1.0000','43927.8600',23,'æ±½è½¦æ”¶ç›Š','2019-02-07 00:00:00','ç³»ç»Ÿ'),(323,2,'a1','CAR_PROFIT_KEY','æ±½è½¦æ”¶ç›Š','1.0000','43928.8600',24,'æ±½è½¦æ”¶ç›Š','2019-02-07 00:00:00','ç³»ç»Ÿ'),(324,2,'a1','CAR_PROFIT_KEY','æ±½è½¦æ”¶ç›Š','1.0000','43929.8600',25,'æ±½è½¦æ”¶ç›Š','2019-02-07 00:00:00','ç³»ç»Ÿ'),(325,2,'a1','CAR_PROFIT_KEY','æ±½è½¦æ”¶ç›Š','1.0000','43930.8600',26,'æ±½è½¦æ”¶ç›Š','2019-02-07 00:00:01','ç³»ç»Ÿ'),(326,2,'a1','CAR_PROFIT_KEY','æ±½è½¦æ”¶ç›Š','1.0000','43931.8600',28,'æ±½è½¦æ”¶ç›Š','2019-02-07 00:00:01','ç³»ç»Ÿ'),(327,2,'a1','CAR_PROFIT_KEY','æ±½è½¦æ”¶ç›Š','1.0000','43932.8600',31,'æ±½è½¦æ”¶ç›Š','2019-02-07 00:00:01','ç³»ç»Ÿ'),(328,2,'a1','CAR_PROFIT_KEY','æ±½è½¦æ”¶ç›Š','1.0000','43933.8600',40,'æ±½è½¦æ”¶ç›Š','2019-02-07 00:00:01','ç³»ç»Ÿ'),(329,2,'a1','CAR_PROFIT_KEY','æ±½è½¦æ”¶ç›Š','1.0000','43934.8600',49,'æ±½è½¦æ”¶ç›Š','2019-02-07 00:00:01','ç³»ç»Ÿ'),(330,2,'a1','CAR_PROFIT_KEY','æ±½è½¦æ”¶ç›Š','1.0000','43935.8600',52,'æ±½è½¦æ”¶ç›Š','2019-02-07 00:00:01','ç³»ç»Ÿ'),(331,2,'a1','CAR_PROFIT_KEY','æ±½è½¦æ”¶ç›Š','1.0000','43936.8600',55,'æ±½è½¦æ”¶ç›Š','2019-02-07 00:00:01','ç³»ç»Ÿ'),(332,2,'a1','CAR_PROFIT_KEY','æ±½è½¦æ”¶ç›Š','1.0000','43937.8600',57,'æ±½è½¦æ”¶ç›Š','2019-02-07 00:00:01','ç³»ç»Ÿ'),(333,2,'a1','CAR_PROFIT_KEY','æ±½è½¦æ”¶ç›Š','1.0000','43938.8600',62,'æ±½è½¦æ”¶ç›Š','2019-02-07 00:00:01','ç³»ç»Ÿ'),(334,2,'a1','CAR_PROFIT_KEY','æ±½è½¦æ”¶ç›Š','1.0000','43939.8600',63,'æ±½è½¦æ”¶ç›Š','2019-02-07 00:00:01','ç³»ç»Ÿ'),(335,2,'a1','CAR_PROFIT_KEY','æ±½è½¦æ”¶ç›Š','1.0000','43940.8600',65,'æ±½è½¦æ”¶ç›Š','2019-02-07 00:00:01','ç³»ç»Ÿ'),(336,3,'fury','CAR_PROFIT_KEY','æ±½è½¦æ”¶ç›Š','9.0000','9896.6200',73,'æ±½è½¦æ”¶ç›Š','2019-02-07 00:00:01','ç³»ç»Ÿ'),(337,3,'fury','CAR_PROFIT_KEY','æ±½è½¦æ”¶ç›Š','9.0000','9905.6200',74,'æ±½è½¦æ”¶ç›Š','2019-02-07 00:00:01','ç³»ç»Ÿ'),(338,3,'fury','CAR_PROFIT_KEY','æ±½è½¦æ”¶ç›Š','9.0000','9914.6200',75,'æ±½è½¦æ”¶ç›Š','2019-02-07 00:00:01','ç³»ç»Ÿ'),(339,2,'a1','CAR_PROFIT_KEY','æ±½è½¦æ”¶ç›Š','1.0000','43941.8600',76,'æ±½è½¦æ”¶ç›Š','2019-02-07 00:00:01','ç³»ç»Ÿ'),(340,2,'a1','CAR_PROFIT_KEY','æ±½è½¦æ”¶ç›Š','1.0000','43942.8600',79,'æ±½è½¦æ”¶ç›Š','2019-02-07 00:00:01','ç³»ç»Ÿ'),(341,2,'a1','CAR_PROFIT_KEY','æ±½è½¦æ”¶ç›Š','1.0000','43943.8600',1,'æ±½è½¦æ”¶ç›Š','2019-02-08 00:00:00','ç³»ç»Ÿ'),(342,2,'a1','CAR_PROFIT_KEY','æ±½è½¦æ”¶ç›Š','9.0000','43952.8600',2,'æ±½è½¦æ”¶ç›Š','2019-02-08 00:00:00','ç³»ç»Ÿ'),(343,2,'a1','CAR_PROFIT_KEY','æ±½è½¦æ”¶ç›Š','57.0000','44009.8600',3,'æ±½è½¦æ”¶ç›Š','2019-02-08 00:00:00','ç³»ç»Ÿ'),(344,2,'a1','CAR_PROFIT_KEY','æ±½è½¦æ”¶ç›Š','160.0000','44169.8600',4,'æ±½è½¦æ”¶ç›Š','2019-02-08 00:00:00','ç³»ç»Ÿ'),(345,2,'a1','CAR_PROFIT_KEY','æ±½è½¦æ”¶ç›Š','300.0000','44469.8600',5,'æ±½è½¦æ”¶ç›Š','2019-02-08 00:00:00','ç³»ç»Ÿ'),(346,2,'a1','CAR_PROFIT_KEY','æ±½è½¦æ”¶ç›Š','475.0000','44944.8600',6,'æ±½è½¦æ”¶ç›Š','2019-02-08 00:00:00','ç³»ç»Ÿ'),(347,2,'a1','CAR_PROFIT_KEY','æ±½è½¦æ”¶ç›Š','630.0000','45574.8600',7,'æ±½è½¦æ”¶ç›Š','2019-02-08 00:00:00','ç³»ç»Ÿ'),(348,2,'a1','CAR_PROFIT_KEY','æ±½è½¦æ”¶ç›Š','850.0000','46424.8600',8,'æ±½è½¦æ”¶ç›Š','2019-02-08 00:00:00','ç³»ç»Ÿ'),(349,2,'a1','CAR_PROFIT_KEY','æ±½è½¦æ”¶ç›Š','1.0000','46425.8600',13,'æ±½è½¦æ”¶ç›Š','2019-02-08 00:00:00','ç³»ç»Ÿ'),(350,2,'a1','CAR_PROFIT_KEY','æ±½è½¦æ”¶ç›Š','1.0000','46426.8600',17,'æ±½è½¦æ”¶ç›Š','2019-02-08 00:00:00','ç³»ç»Ÿ'),(351,2,'a1','CAR_PROFIT_KEY','æ±½è½¦æ”¶ç›Š','1.0000','46427.8600',18,'æ±½è½¦æ”¶ç›Š','2019-02-08 00:00:00','ç³»ç»Ÿ'),(352,2,'a1','CAR_PROFIT_KEY','æ±½è½¦æ”¶ç›Š','1.0000','46428.8600',19,'æ±½è½¦æ”¶ç›Š','2019-02-08 00:00:00','ç³»ç»Ÿ'),(353,3,'fury','CAR_PROFIT_KEY','æ±½è½¦æ”¶ç›Š','1.0000','9915.6200',20,'æ±½è½¦æ”¶ç›Š','2019-02-08 00:00:00','ç³»ç»Ÿ'),(354,2,'a1','CAR_PROFIT_KEY','æ±½è½¦æ”¶ç›Š','1.0000','46429.8600',21,'æ±½è½¦æ”¶ç›Š','2019-02-08 00:00:00','ç³»ç»Ÿ'),(355,2,'a1','CAR_PROFIT_KEY','æ±½è½¦æ”¶ç›Š','1.0000','46430.8600',22,'æ±½è½¦æ”¶ç›Š','2019-02-08 00:00:00','ç³»ç»Ÿ'),(356,2,'a1','CAR_PROFIT_KEY','æ±½è½¦æ”¶ç›Š','1.0000','46431.8600',23,'æ±½è½¦æ”¶ç›Š','2019-02-08 00:00:00','ç³»ç»Ÿ'),(357,2,'a1','CAR_PROFIT_KEY','æ±½è½¦æ”¶ç›Š','1.0000','46432.8600',24,'æ±½è½¦æ”¶ç›Š','2019-02-08 00:00:00','ç³»ç»Ÿ'),(358,2,'a1','CAR_PROFIT_KEY','æ±½è½¦æ”¶ç›Š','1.0000','46433.8600',25,'æ±½è½¦æ”¶ç›Š','2019-02-08 00:00:00','ç³»ç»Ÿ'),(359,2,'a1','CAR_PROFIT_KEY','æ±½è½¦æ”¶ç›Š','1.0000','46434.8600',26,'æ±½è½¦æ”¶ç›Š','2019-02-08 00:00:00','ç³»ç»Ÿ'),(360,2,'a1','CAR_PROFIT_KEY','æ±½è½¦æ”¶ç›Š','1.0000','46435.8600',28,'æ±½è½¦æ”¶ç›Š','2019-02-08 00:00:00','ç³»ç»Ÿ'),(361,2,'a1','CAR_PROFIT_KEY','æ±½è½¦æ”¶ç›Š','1.0000','46436.8600',31,'æ±½è½¦æ”¶ç›Š','2019-02-08 00:00:00','ç³»ç»Ÿ'),(362,2,'a1','CAR_PROFIT_KEY','æ±½è½¦æ”¶ç›Š','1.0000','46437.8600',40,'æ±½è½¦æ”¶ç›Š','2019-02-08 00:00:00','ç³»ç»Ÿ'),(363,2,'a1','CAR_PROFIT_KEY','æ±½è½¦æ”¶ç›Š','1.0000','46438.8600',49,'æ±½è½¦æ”¶ç›Š','2019-02-08 00:00:01','ç³»ç»Ÿ'),(364,2,'a1','CAR_PROFIT_KEY','æ±½è½¦æ”¶ç›Š','1.0000','46439.8600',52,'æ±½è½¦æ”¶ç›Š','2019-02-08 00:00:01','ç³»ç»Ÿ'),(365,2,'a1','CAR_PROFIT_KEY','æ±½è½¦æ”¶ç›Š','1.0000','46440.8600',55,'æ±½è½¦æ”¶ç›Š','2019-02-08 00:00:01','ç³»ç»Ÿ'),(366,2,'a1','CAR_PROFIT_KEY','æ±½è½¦æ”¶ç›Š','1.0000','46441.8600',57,'æ±½è½¦æ”¶ç›Š','2019-02-08 00:00:01','ç³»ç»Ÿ'),(367,2,'a1','CAR_PROFIT_KEY','æ±½è½¦æ”¶ç›Š','1.0000','46442.8600',62,'æ±½è½¦æ”¶ç›Š','2019-02-08 00:00:01','ç³»ç»Ÿ'),(368,2,'a1','CAR_PROFIT_KEY','æ±½è½¦æ”¶ç›Š','1.0000','46443.8600',63,'æ±½è½¦æ”¶ç›Š','2019-02-08 00:00:01','ç³»ç»Ÿ'),(369,2,'a1','CAR_PROFIT_KEY','æ±½è½¦æ”¶ç›Š','1.0000','46444.8600',65,'æ±½è½¦æ”¶ç›Š','2019-02-08 00:00:01','ç³»ç»Ÿ'),(370,3,'fury','CAR_PROFIT_KEY','æ±½è½¦æ”¶ç›Š','9.0000','9924.6200',73,'æ±½è½¦æ”¶ç›Š','2019-02-08 00:00:01','ç³»ç»Ÿ'),(371,3,'fury','CAR_PROFIT_KEY','æ±½è½¦æ”¶ç›Š','9.0000','9933.6200',74,'æ±½è½¦æ”¶ç›Š','2019-02-08 00:00:01','ç³»ç»Ÿ'),(372,3,'fury','CAR_PROFIT_KEY','æ±½è½¦æ”¶ç›Š','9.0000','9942.6200',75,'æ±½è½¦æ”¶ç›Š','2019-02-08 00:00:01','ç³»ç»Ÿ'),(373,2,'a1','CAR_PROFIT_KEY','æ±½è½¦æ”¶ç›Š','1.0000','46445.8600',76,'æ±½è½¦æ”¶ç›Š','2019-02-08 00:00:01','ç³»ç»Ÿ'),(374,2,'a1','CAR_PROFIT_KEY','æ±½è½¦æ”¶ç›Š','1.0000','46446.8600',79,'æ±½è½¦æ”¶ç›Š','2019-02-08 00:00:01','ç³»ç»Ÿ'),(375,2,'a1','CAR_PROFIT_KEY','æ±½è½¦æ”¶ç›Š','1.0000','46447.8600',1,'æ±½è½¦æ”¶ç›Š','2019-02-09 00:00:00','ç³»ç»Ÿ'),(376,2,'a1','CAR_PROFIT_KEY','æ±½è½¦æ”¶ç›Š','9.0000','46456.8600',2,'æ±½è½¦æ”¶ç›Š','2019-02-09 00:00:00','ç³»ç»Ÿ'),(377,2,'a1','CAR_PROFIT_KEY','æ±½è½¦æ”¶ç›Š','57.0000','46513.8600',3,'æ±½è½¦æ”¶ç›Š','2019-02-09 00:00:00','ç³»ç»Ÿ'),(378,2,'a1','CAR_PROFIT_KEY','æ±½è½¦æ”¶ç›Š','160.0000','46673.8600',4,'æ±½è½¦æ”¶ç›Š','2019-02-09 00:00:00','ç³»ç»Ÿ'),(379,2,'a1','CAR_PROFIT_KEY','æ±½è½¦æ”¶ç›Š','300.0000','46973.8600',5,'æ±½è½¦æ”¶ç›Š','2019-02-09 00:00:00','ç³»ç»Ÿ'),(380,2,'a1','CAR_PROFIT_KEY','æ±½è½¦æ”¶ç›Š','475.0000','47448.8600',6,'æ±½è½¦æ”¶ç›Š','2019-02-09 00:00:00','ç³»ç»Ÿ'),(381,2,'a1','CAR_PROFIT_KEY','æ±½è½¦æ”¶ç›Š','630.0000','48078.8600',7,'æ±½è½¦æ”¶ç›Š','2019-02-09 00:00:00','ç³»ç»Ÿ'),(382,2,'a1','CAR_PROFIT_KEY','æ±½è½¦æ”¶ç›Š','850.0000','48928.8600',8,'æ±½è½¦æ”¶ç›Š','2019-02-09 00:00:00','ç³»ç»Ÿ'),(383,2,'a1','CAR_PROFIT_KEY','æ±½è½¦æ”¶ç›Š','1.0000','48929.8600',13,'æ±½è½¦æ”¶ç›Š','2019-02-09 00:00:00','ç³»ç»Ÿ'),(384,2,'a1','CAR_PROFIT_KEY','æ±½è½¦æ”¶ç›Š','1.0000','48930.8600',17,'æ±½è½¦æ”¶ç›Š','2019-02-09 00:00:00','ç³»ç»Ÿ'),(385,2,'a1','CAR_PROFIT_KEY','æ±½è½¦æ”¶ç›Š','1.0000','48931.8600',18,'æ±½è½¦æ”¶ç›Š','2019-02-09 00:00:00','ç³»ç»Ÿ'),(386,2,'a1','CAR_PROFIT_KEY','æ±½è½¦æ”¶ç›Š','1.0000','48932.8600',19,'æ±½è½¦æ”¶ç›Š','2019-02-09 00:00:00','ç³»ç»Ÿ'),(387,3,'fury','CAR_PROFIT_KEY','æ±½è½¦æ”¶ç›Š','1.0000','9943.6200',20,'æ±½è½¦æ”¶ç›Š','2019-02-09 00:00:00','ç³»ç»Ÿ'),(388,2,'a1','CAR_PROFIT_KEY','æ±½è½¦æ”¶ç›Š','1.0000','48933.8600',21,'æ±½è½¦æ”¶ç›Š','2019-02-09 00:00:00','ç³»ç»Ÿ'),(389,2,'a1','CAR_PROFIT_KEY','æ±½è½¦æ”¶ç›Š','1.0000','48934.8600',22,'æ±½è½¦æ”¶ç›Š','2019-02-09 00:00:00','ç³»ç»Ÿ'),(390,2,'a1','CAR_PROFIT_KEY','æ±½è½¦æ”¶ç›Š','1.0000','48935.8600',23,'æ±½è½¦æ”¶ç›Š','2019-02-09 00:00:00','ç³»ç»Ÿ'),(391,2,'a1','CAR_PROFIT_KEY','æ±½è½¦æ”¶ç›Š','1.0000','48936.8600',24,'æ±½è½¦æ”¶ç›Š','2019-02-09 00:00:00','ç³»ç»Ÿ'),(392,2,'a1','CAR_PROFIT_KEY','æ±½è½¦æ”¶ç›Š','1.0000','48937.8600',25,'æ±½è½¦æ”¶ç›Š','2019-02-09 00:00:00','ç³»ç»Ÿ'),(393,2,'a1','CAR_PROFIT_KEY','æ±½è½¦æ”¶ç›Š','1.0000','48938.8600',26,'æ±½è½¦æ”¶ç›Š','2019-02-09 00:00:00','ç³»ç»Ÿ'),(394,2,'a1','CAR_PROFIT_KEY','æ±½è½¦æ”¶ç›Š','1.0000','48939.8600',28,'æ±½è½¦æ”¶ç›Š','2019-02-09 00:00:00','ç³»ç»Ÿ'),(395,2,'a1','CAR_PROFIT_KEY','æ±½è½¦æ”¶ç›Š','1.0000','48940.8600',31,'æ±½è½¦æ”¶ç›Š','2019-02-09 00:00:00','ç³»ç»Ÿ'),(396,2,'a1','CAR_PROFIT_KEY','æ±½è½¦æ”¶ç›Š','1.0000','48941.8600',40,'æ±½è½¦æ”¶ç›Š','2019-02-09 00:00:00','ç³»ç»Ÿ'),(397,2,'a1','CAR_PROFIT_KEY','æ±½è½¦æ”¶ç›Š','1.0000','48942.8600',49,'æ±½è½¦æ”¶ç›Š','2019-02-09 00:00:00','ç³»ç»Ÿ'),(398,2,'a1','CAR_PROFIT_KEY','æ±½è½¦æ”¶ç›Š','1.0000','48943.8600',52,'æ±½è½¦æ”¶ç›Š','2019-02-09 00:00:00','ç³»ç»Ÿ'),(399,2,'a1','CAR_PROFIT_KEY','æ±½è½¦æ”¶ç›Š','1.0000','48944.8600',55,'æ±½è½¦æ”¶ç›Š','2019-02-09 00:00:00','ç³»ç»Ÿ'),(400,2,'a1','CAR_PROFIT_KEY','æ±½è½¦æ”¶ç›Š','1.0000','48945.8600',57,'æ±½è½¦æ”¶ç›Š','2019-02-09 00:00:00','ç³»ç»Ÿ'),(401,2,'a1','CAR_PROFIT_KEY','æ±½è½¦æ”¶ç›Š','1.0000','48946.8600',62,'æ±½è½¦æ”¶ç›Š','2019-02-09 00:00:00','ç³»ç»Ÿ'),(402,2,'a1','CAR_PROFIT_KEY','æ±½è½¦æ”¶ç›Š','1.0000','48947.8600',63,'æ±½è½¦æ”¶ç›Š','2019-02-09 00:00:00','ç³»ç»Ÿ'),(403,2,'a1','CAR_PROFIT_KEY','æ±½è½¦æ”¶ç›Š','1.0000','48948.8600',65,'æ±½è½¦æ”¶ç›Š','2019-02-09 00:00:01','ç³»ç»Ÿ'),(404,3,'fury','CAR_PROFIT_KEY','æ±½è½¦æ”¶ç›Š','9.0000','9952.6200',73,'æ±½è½¦æ”¶ç›Š','2019-02-09 00:00:01','ç³»ç»Ÿ'),(405,3,'fury','CAR_PROFIT_KEY','æ±½è½¦æ”¶ç›Š','9.0000','9961.6200',74,'æ±½è½¦æ”¶ç›Š','2019-02-09 00:00:01','ç³»ç»Ÿ'),(406,3,'fury','CAR_PROFIT_KEY','æ±½è½¦æ”¶ç›Š','9.0000','9970.6200',75,'æ±½è½¦æ”¶ç›Š','2019-02-09 00:00:01','ç³»ç»Ÿ'),(407,2,'a1','CAR_PROFIT_KEY','æ±½è½¦æ”¶ç›Š','1.0000','48949.8600',76,'æ±½è½¦æ”¶ç›Š','2019-02-09 00:00:01','ç³»ç»Ÿ'),(408,2,'a1','CAR_PROFIT_KEY','æ±½è½¦æ”¶ç›Š','1.0000','48950.8600',79,'æ±½è½¦æ”¶ç›Š','2019-02-09 00:00:01','ç³»ç»Ÿ'),(409,2,'a1','CAR_PROFIT_KEY','æ±½è½¦æ”¶ç›Š','1.0000','48951.8600',1,'æ±½è½¦æ”¶ç›Š','2019-02-10 00:00:00','ç³»ç»Ÿ'),(410,2,'a1','CAR_PROFIT_KEY','æ±½è½¦æ”¶ç›Š','9.0000','48960.8600',2,'æ±½è½¦æ”¶ç›Š','2019-02-10 00:00:00','ç³»ç»Ÿ'),(411,2,'a1','CAR_PROFIT_KEY','æ±½è½¦æ”¶ç›Š','57.0000','49017.8600',3,'æ±½è½¦æ”¶ç›Š','2019-02-10 00:00:00','ç³»ç»Ÿ'),(412,2,'a1','CAR_PROFIT_KEY','æ±½è½¦æ”¶ç›Š','160.0000','49177.8600',4,'æ±½è½¦æ”¶ç›Š','2019-02-10 00:00:00','ç³»ç»Ÿ'),(413,2,'a1','CAR_PROFIT_KEY','æ±½è½¦æ”¶ç›Š','300.0000','49477.8600',5,'æ±½è½¦æ”¶ç›Š','2019-02-10 00:00:00','ç³»ç»Ÿ'),(414,2,'a1','CAR_PROFIT_KEY','æ±½è½¦æ”¶ç›Š','475.0000','49952.8600',6,'æ±½è½¦æ”¶ç›Š','2019-02-10 00:00:00','ç³»ç»Ÿ'),(415,2,'a1','CAR_PROFIT_KEY','æ±½è½¦æ”¶ç›Š','630.0000','50582.8600',7,'æ±½è½¦æ”¶ç›Š','2019-02-10 00:00:00','ç³»ç»Ÿ'),(416,2,'a1','CAR_PROFIT_KEY','æ±½è½¦æ”¶ç›Š','850.0000','51432.8600',8,'æ±½è½¦æ”¶ç›Š','2019-02-10 00:00:00','ç³»ç»Ÿ'),(417,2,'a1','CAR_PROFIT_KEY','æ±½è½¦æ”¶ç›Š','1.0000','51433.8600',13,'æ±½è½¦æ”¶ç›Š','2019-02-10 00:00:00','ç³»ç»Ÿ'),(418,2,'a1','CAR_PROFIT_KEY','æ±½è½¦æ”¶ç›Š','1.0000','51434.8600',17,'æ±½è½¦æ”¶ç›Š','2019-02-10 00:00:00','ç³»ç»Ÿ'),(419,2,'a1','CAR_PROFIT_KEY','æ±½è½¦æ”¶ç›Š','1.0000','51435.8600',18,'æ±½è½¦æ”¶ç›Š','2019-02-10 00:00:00','ç³»ç»Ÿ'),(420,2,'a1','CAR_PROFIT_KEY','æ±½è½¦æ”¶ç›Š','1.0000','51436.8600',19,'æ±½è½¦æ”¶ç›Š','2019-02-10 00:00:00','ç³»ç»Ÿ'),(421,3,'fury','CAR_PROFIT_KEY','æ±½è½¦æ”¶ç›Š','1.0000','9971.6200',20,'æ±½è½¦æ”¶ç›Š','2019-02-10 00:00:00','ç³»ç»Ÿ'),(422,2,'a1','CAR_PROFIT_KEY','æ±½è½¦æ”¶ç›Š','1.0000','51437.8600',21,'æ±½è½¦æ”¶ç›Š','2019-02-10 00:00:00','ç³»ç»Ÿ'),(423,2,'a1','CAR_PROFIT_KEY','æ±½è½¦æ”¶ç›Š','1.0000','51438.8600',22,'æ±½è½¦æ”¶ç›Š','2019-02-10 00:00:00','ç³»ç»Ÿ'),(424,2,'a1','CAR_PROFIT_KEY','æ±½è½¦æ”¶ç›Š','1.0000','51439.8600',23,'æ±½è½¦æ”¶ç›Š','2019-02-10 00:00:00','ç³»ç»Ÿ'),(425,2,'a1','CAR_PROFIT_KEY','æ±½è½¦æ”¶ç›Š','1.0000','51440.8600',24,'æ±½è½¦æ”¶ç›Š','2019-02-10 00:00:01','ç³»ç»Ÿ'),(426,2,'a1','CAR_PROFIT_KEY','æ±½è½¦æ”¶ç›Š','1.0000','51441.8600',25,'æ±½è½¦æ”¶ç›Š','2019-02-10 00:00:01','ç³»ç»Ÿ'),(427,2,'a1','CAR_PROFIT_KEY','æ±½è½¦æ”¶ç›Š','1.0000','51442.8600',26,'æ±½è½¦æ”¶ç›Š','2019-02-10 00:00:01','ç³»ç»Ÿ'),(428,2,'a1','CAR_PROFIT_KEY','æ±½è½¦æ”¶ç›Š','1.0000','51443.8600',28,'æ±½è½¦æ”¶ç›Š','2019-02-10 00:00:01','ç³»ç»Ÿ'),(429,2,'a1','CAR_PROFIT_KEY','æ±½è½¦æ”¶ç›Š','1.0000','51444.8600',31,'æ±½è½¦æ”¶ç›Š','2019-02-10 00:00:01','ç³»ç»Ÿ'),(430,2,'a1','CAR_PROFIT_KEY','æ±½è½¦æ”¶ç›Š','1.0000','51445.8600',40,'æ±½è½¦æ”¶ç›Š','2019-02-10 00:00:01','ç³»ç»Ÿ'),(431,2,'a1','CAR_PROFIT_KEY','æ±½è½¦æ”¶ç›Š','1.0000','51446.8600',49,'æ±½è½¦æ”¶ç›Š','2019-02-10 00:00:01','ç³»ç»Ÿ'),(432,2,'a1','CAR_PROFIT_KEY','æ±½è½¦æ”¶ç›Š','1.0000','51447.8600',52,'æ±½è½¦æ”¶ç›Š','2019-02-10 00:00:01','ç³»ç»Ÿ'),(433,2,'a1','CAR_PROFIT_KEY','æ±½è½¦æ”¶ç›Š','1.0000','51448.8600',55,'æ±½è½¦æ”¶ç›Š','2019-02-10 00:00:01','ç³»ç»Ÿ'),(434,2,'a1','CAR_PROFIT_KEY','æ±½è½¦æ”¶ç›Š','1.0000','51449.8600',57,'æ±½è½¦æ”¶ç›Š','2019-02-10 00:00:01','ç³»ç»Ÿ'),(435,2,'a1','CAR_PROFIT_KEY','æ±½è½¦æ”¶ç›Š','1.0000','51450.8600',62,'æ±½è½¦æ”¶ç›Š','2019-02-10 00:00:01','ç³»ç»Ÿ'),(436,2,'a1','CAR_PROFIT_KEY','æ±½è½¦æ”¶ç›Š','1.0000','51451.8600',63,'æ±½è½¦æ”¶ç›Š','2019-02-10 00:00:01','ç³»ç»Ÿ'),(437,2,'a1','CAR_PROFIT_KEY','æ±½è½¦æ”¶ç›Š','1.0000','51452.8600',65,'æ±½è½¦æ”¶ç›Š','2019-02-10 00:00:01','ç³»ç»Ÿ'),(438,3,'fury','CAR_PROFIT_KEY','æ±½è½¦æ”¶ç›Š','9.0000','9980.6200',73,'æ±½è½¦æ”¶ç›Š','2019-02-10 00:00:01','ç³»ç»Ÿ'),(439,3,'fury','CAR_PROFIT_KEY','æ±½è½¦æ”¶ç›Š','9.0000','9989.6200',74,'æ±½è½¦æ”¶ç›Š','2019-02-10 00:00:01','ç³»ç»Ÿ'),(440,3,'fury','CAR_PROFIT_KEY','æ±½è½¦æ”¶ç›Š','9.0000','9998.6200',75,'æ±½è½¦æ”¶ç›Š','2019-02-10 00:00:01','ç³»ç»Ÿ'),(441,2,'a1','CAR_PROFIT_KEY','æ±½è½¦æ”¶ç›Š','1.0000','51453.8600',76,'æ±½è½¦æ”¶ç›Š','2019-02-10 00:00:01','ç³»ç»Ÿ'),(442,2,'a1','CAR_PROFIT_KEY','æ±½è½¦æ”¶ç›Š','1.0000','51454.8600',79,'æ±½è½¦æ”¶ç›Š','2019-02-10 00:00:01','ç³»ç»Ÿ'),(443,2,'a1','CAR_PROFIT_KEY','æ±½è½¦æ”¶ç›Š','1.0000','51455.8600',1,'æ±½è½¦æ”¶ç›Š','2019-02-11 00:00:00','ç³»ç»Ÿ'),(444,2,'a1','CAR_PROFIT_KEY','æ±½è½¦æ”¶ç›Š','9.0000','51464.8600',2,'æ±½è½¦æ”¶ç›Š','2019-02-11 00:00:00','ç³»ç»Ÿ'),(445,2,'a1','CAR_PROFIT_KEY','æ±½è½¦æ”¶ç›Š','57.0000','51521.8600',3,'æ±½è½¦æ”¶ç›Š','2019-02-11 00:00:00','ç³»ç»Ÿ'),(446,2,'a1','CAR_PROFIT_KEY','æ±½è½¦æ”¶ç›Š','160.0000','51681.8600',4,'æ±½è½¦æ”¶ç›Š','2019-02-11 00:00:00','ç³»ç»Ÿ'),(447,2,'a1','CAR_PROFIT_KEY','æ±½è½¦æ”¶ç›Š','300.0000','51981.8600',5,'æ±½è½¦æ”¶ç›Š','2019-02-11 00:00:00','ç³»ç»Ÿ'),(448,2,'a1','CAR_PROFIT_KEY','æ±½è½¦æ”¶ç›Š','475.0000','52456.8600',6,'æ±½è½¦æ”¶ç›Š','2019-02-11 00:00:00','ç³»ç»Ÿ'),(449,2,'a1','CAR_PROFIT_KEY','æ±½è½¦æ”¶ç›Š','630.0000','53086.8600',7,'æ±½è½¦æ”¶ç›Š','2019-02-11 00:00:00','ç³»ç»Ÿ'),(450,2,'a1','CAR_PROFIT_KEY','æ±½è½¦æ”¶ç›Š','850.0000','53936.8600',8,'æ±½è½¦æ”¶ç›Š','2019-02-11 00:00:00','ç³»ç»Ÿ'),(451,2,'a1','CAR_PROFIT_KEY','æ±½è½¦æ”¶ç›Š','1.0000','53937.8600',13,'æ±½è½¦æ”¶ç›Š','2019-02-11 00:00:00','ç³»ç»Ÿ'),(452,2,'a1','CAR_PROFIT_KEY','æ±½è½¦æ”¶ç›Š','1.0000','53938.8600',17,'æ±½è½¦æ”¶ç›Š','2019-02-11 00:00:00','ç³»ç»Ÿ'),(453,2,'a1','CAR_PROFIT_KEY','æ±½è½¦æ”¶ç›Š','1.0000','53939.8600',18,'æ±½è½¦æ”¶ç›Š','2019-02-11 00:00:00','ç³»ç»Ÿ'),(454,2,'a1','CAR_PROFIT_KEY','æ±½è½¦æ”¶ç›Š','1.0000','53940.8600',19,'æ±½è½¦æ”¶ç›Š','2019-02-11 00:00:00','ç³»ç»Ÿ'),(455,3,'fury','CAR_PROFIT_KEY','æ±½è½¦æ”¶ç›Š','1.0000','9999.6200',20,'æ±½è½¦æ”¶ç›Š','2019-02-11 00:00:00','ç³»ç»Ÿ'),(456,2,'a1','CAR_PROFIT_KEY','æ±½è½¦æ”¶ç›Š','1.0000','53941.8600',21,'æ±½è½¦æ”¶ç›Š','2019-02-11 00:00:00','ç³»ç»Ÿ'),(457,2,'a1','CAR_PROFIT_KEY','æ±½è½¦æ”¶ç›Š','1.0000','53942.8600',22,'æ±½è½¦æ”¶ç›Š','2019-02-11 00:00:00','ç³»ç»Ÿ'),(458,2,'a1','CAR_PROFIT_KEY','æ±½è½¦æ”¶ç›Š','1.0000','53943.8600',23,'æ±½è½¦æ”¶ç›Š','2019-02-11 00:00:00','ç³»ç»Ÿ'),(459,2,'a1','CAR_PROFIT_KEY','æ±½è½¦æ”¶ç›Š','1.0000','53944.8600',24,'æ±½è½¦æ”¶ç›Š','2019-02-11 00:00:00','ç³»ç»Ÿ'),(460,2,'a1','CAR_PROFIT_KEY','æ±½è½¦æ”¶ç›Š','1.0000','53945.8600',25,'æ±½è½¦æ”¶ç›Š','2019-02-11 00:00:00','ç³»ç»Ÿ'),(461,2,'a1','CAR_PROFIT_KEY','æ±½è½¦æ”¶ç›Š','1.0000','53946.8600',26,'æ±½è½¦æ”¶ç›Š','2019-02-11 00:00:00','ç³»ç»Ÿ'),(462,2,'a1','CAR_PROFIT_KEY','æ±½è½¦æ”¶ç›Š','1.0000','53947.8600',28,'æ±½è½¦æ”¶ç›Š','2019-02-11 00:00:00','ç³»ç»Ÿ'),(463,2,'a1','CAR_PROFIT_KEY','æ±½è½¦æ”¶ç›Š','1.0000','53948.8600',31,'æ±½è½¦æ”¶ç›Š','2019-02-11 00:00:00','ç³»ç»Ÿ'),(464,2,'a1','CAR_PROFIT_KEY','æ±½è½¦æ”¶ç›Š','1.0000','53949.8600',40,'æ±½è½¦æ”¶ç›Š','2019-02-11 00:00:01','ç³»ç»Ÿ'),(465,2,'a1','CAR_PROFIT_KEY','æ±½è½¦æ”¶ç›Š','1.0000','53950.8600',49,'æ±½è½¦æ”¶ç›Š','2019-02-11 00:00:01','ç³»ç»Ÿ'),(466,2,'a1','CAR_PROFIT_KEY','æ±½è½¦æ”¶ç›Š','1.0000','53951.8600',52,'æ±½è½¦æ”¶ç›Š','2019-02-11 00:00:01','ç³»ç»Ÿ'),(467,2,'a1','CAR_PROFIT_KEY','æ±½è½¦æ”¶ç›Š','1.0000','53952.8600',55,'æ±½è½¦æ”¶ç›Š','2019-02-11 00:00:01','ç³»ç»Ÿ'),(468,2,'a1','CAR_PROFIT_KEY','æ±½è½¦æ”¶ç›Š','1.0000','53953.8600',57,'æ±½è½¦æ”¶ç›Š','2019-02-11 00:00:01','ç³»ç»Ÿ'),(469,2,'a1','CAR_PROFIT_KEY','æ±½è½¦æ”¶ç›Š','1.0000','53954.8600',62,'æ±½è½¦æ”¶ç›Š','2019-02-11 00:00:01','ç³»ç»Ÿ'),(470,2,'a1','CAR_PROFIT_KEY','æ±½è½¦æ”¶ç›Š','1.0000','53955.8600',63,'æ±½è½¦æ”¶ç›Š','2019-02-11 00:00:01','ç³»ç»Ÿ'),(471,2,'a1','CAR_PROFIT_KEY','æ±½è½¦æ”¶ç›Š','1.0000','53956.8600',65,'æ±½è½¦æ”¶ç›Š','2019-02-11 00:00:01','ç³»ç»Ÿ'),(472,3,'fury','CAR_PROFIT_KEY','æ±½è½¦æ”¶ç›Š','9.0000','10008.6200',73,'æ±½è½¦æ”¶ç›Š','2019-02-11 00:00:01','ç³»ç»Ÿ'),(473,3,'fury','CAR_PROFIT_KEY','æ±½è½¦æ”¶ç›Š','9.0000','10017.6200',74,'æ±½è½¦æ”¶ç›Š','2019-02-11 00:00:01','ç³»ç»Ÿ'),(474,3,'fury','CAR_PROFIT_KEY','æ±½è½¦æ”¶ç›Š','9.0000','10026.6200',75,'æ±½è½¦æ”¶ç›Š','2019-02-11 00:00:01','ç³»ç»Ÿ'),(475,2,'a1','CAR_PROFIT_KEY','æ±½è½¦æ”¶ç›Š','1.0000','53957.8600',76,'æ±½è½¦æ”¶ç›Š','2019-02-11 00:00:01','ç³»ç»Ÿ'),(476,2,'a1','CAR_PROFIT_KEY','æ±½è½¦æ”¶ç›Š','1.0000','53958.8600',79,'æ±½è½¦æ”¶ç›Š','2019-02-11 00:00:01','ç³»ç»Ÿ'),(477,2,'a1','CAR_PROFIT_KEY','æ±½è½¦æ”¶ç›Š','57.0000','54015.8600',3,'æ±½è½¦æ”¶ç›Š','2019-02-12 00:00:00','ç³»ç»Ÿ'),(478,2,'a1','CAR_PROFIT_KEY','æ±½è½¦æ”¶ç›Š','160.0000','54175.8600',4,'æ±½è½¦æ”¶ç›Š','2019-02-12 00:00:00','ç³»ç»Ÿ'),(479,2,'a1','CAR_PROFIT_KEY','æ±½è½¦æ”¶ç›Š','300.0000','54475.8600',5,'æ±½è½¦æ”¶ç›Š','2019-02-12 00:00:00','ç³»ç»Ÿ'),(480,2,'a1','CAR_PROFIT_KEY','æ±½è½¦æ”¶ç›Š','475.0000','54950.8600',6,'æ±½è½¦æ”¶ç›Š','2019-02-12 00:00:00','ç³»ç»Ÿ'),(481,2,'a1','CAR_PROFIT_KEY','æ±½è½¦æ”¶ç›Š','630.0000','55580.8600',7,'æ±½è½¦æ”¶ç›Š','2019-02-12 00:00:00','ç³»ç»Ÿ'),(482,2,'a1','CAR_PROFIT_KEY','æ±½è½¦æ”¶ç›Š','850.0000','56430.8600',8,'æ±½è½¦æ”¶ç›Š','2019-02-12 00:00:00','ç³»ç»Ÿ'),(483,2,'a1','CAR_PROFIT_KEY','æ±½è½¦æ”¶ç›Š','1.0000','56431.8600',13,'æ±½è½¦æ”¶ç›Š','2019-02-12 00:00:00','ç³»ç»Ÿ'),(484,2,'a1','CAR_PROFIT_KEY','æ±½è½¦æ”¶ç›Š','1.0000','56432.8600',17,'æ±½è½¦æ”¶ç›Š','2019-02-12 00:00:00','ç³»ç»Ÿ'),(485,2,'a1','CAR_PROFIT_KEY','æ±½è½¦æ”¶ç›Š','1.0000','56433.8600',18,'æ±½è½¦æ”¶ç›Š','2019-02-12 00:00:00','ç³»ç»Ÿ'),(486,2,'a1','CAR_PROFIT_KEY','æ±½è½¦æ”¶ç›Š','1.0000','56434.8600',19,'æ±½è½¦æ”¶ç›Š','2019-02-12 00:00:00','ç³»ç»Ÿ'),(487,3,'fury','CAR_PROFIT_KEY','æ±½è½¦æ”¶ç›Š','1.0000','10027.6200',20,'æ±½è½¦æ”¶ç›Š','2019-02-12 00:00:00','ç³»ç»Ÿ'),(488,2,'a1','CAR_PROFIT_KEY','æ±½è½¦æ”¶ç›Š','1.0000','56435.8600',21,'æ±½è½¦æ”¶ç›Š','2019-02-12 00:00:00','ç³»ç»Ÿ'),(489,2,'a1','CAR_PROFIT_KEY','æ±½è½¦æ”¶ç›Š','1.0000','56436.8600',22,'æ±½è½¦æ”¶ç›Š','2019-02-12 00:00:00','ç³»ç»Ÿ'),(490,2,'a1','CAR_PROFIT_KEY','æ±½è½¦æ”¶ç›Š','1.0000','56437.8600',23,'æ±½è½¦æ”¶ç›Š','2019-02-12 00:00:00','ç³»ç»Ÿ'),(491,2,'a1','CAR_PROFIT_KEY','æ±½è½¦æ”¶ç›Š','1.0000','56438.8600',24,'æ±½è½¦æ”¶ç›Š','2019-02-12 00:00:00','ç³»ç»Ÿ'),(492,2,'a1','CAR_PROFIT_KEY','æ±½è½¦æ”¶ç›Š','1.0000','56439.8600',25,'æ±½è½¦æ”¶ç›Š','2019-02-12 00:00:00','ç³»ç»Ÿ'),(493,2,'a1','CAR_PROFIT_KEY','æ±½è½¦æ”¶ç›Š','1.0000','56440.8600',26,'æ±½è½¦æ”¶ç›Š','2019-02-12 00:00:00','ç³»ç»Ÿ'),(494,2,'a1','CAR_PROFIT_KEY','æ±½è½¦æ”¶ç›Š','1.0000','56441.8600',28,'æ±½è½¦æ”¶ç›Š','2019-02-12 00:00:00','ç³»ç»Ÿ'),(495,2,'a1','CAR_PROFIT_KEY','æ±½è½¦æ”¶ç›Š','1.0000','56442.8600',31,'æ±½è½¦æ”¶ç›Š','2019-02-12 00:00:00','ç³»ç»Ÿ'),(496,2,'a1','CAR_PROFIT_KEY','æ±½è½¦æ”¶ç›Š','1.0000','56443.8600',40,'æ±½è½¦æ”¶ç›Š','2019-02-12 00:00:00','ç³»ç»Ÿ'),(497,2,'a1','CAR_PROFIT_KEY','æ±½è½¦æ”¶ç›Š','1.0000','56444.8600',49,'æ±½è½¦æ”¶ç›Š','2019-02-12 00:00:00','ç³»ç»Ÿ'),(498,2,'a1','CAR_PROFIT_KEY','æ±½è½¦æ”¶ç›Š','1.0000','56445.8600',52,'æ±½è½¦æ”¶ç›Š','2019-02-12 00:00:01','ç³»ç»Ÿ'),(499,2,'a1','CAR_PROFIT_KEY','æ±½è½¦æ”¶ç›Š','1.0000','56446.8600',55,'æ±½è½¦æ”¶ç›Š','2019-02-12 00:00:01','ç³»ç»Ÿ'),(500,2,'a1','CAR_PROFIT_KEY','æ±½è½¦æ”¶ç›Š','1.0000','56447.8600',57,'æ±½è½¦æ”¶ç›Š','2019-02-12 00:00:01','ç³»ç»Ÿ'),(501,2,'a1','CAR_PROFIT_KEY','æ±½è½¦æ”¶ç›Š','1.0000','56448.8600',62,'æ±½è½¦æ”¶ç›Š','2019-02-12 00:00:01','ç³»ç»Ÿ'),(502,2,'a1','CAR_PROFIT_KEY','æ±½è½¦æ”¶ç›Š','1.0000','56449.8600',63,'æ±½è½¦æ”¶ç›Š','2019-02-12 00:00:01','ç³»ç»Ÿ'),(503,2,'a1','CAR_PROFIT_KEY','æ±½è½¦æ”¶ç›Š','1.0000','56450.8600',65,'æ±½è½¦æ”¶ç›Š','2019-02-12 00:00:01','ç³»ç»Ÿ'),(504,3,'fury','CAR_PROFIT_KEY','æ±½è½¦æ”¶ç›Š','9.0000','10036.6200',73,'æ±½è½¦æ”¶ç›Š','2019-02-12 00:00:01','ç³»ç»Ÿ'),(505,3,'fury','CAR_PROFIT_KEY','æ±½è½¦æ”¶ç›Š','9.0000','10045.6200',74,'æ±½è½¦æ”¶ç›Š','2019-02-12 00:00:01','ç³»ç»Ÿ'),(506,3,'fury','CAR_PROFIT_KEY','æ±½è½¦æ”¶ç›Š','9.0000','10054.6200',75,'æ±½è½¦æ”¶ç›Š','2019-02-12 00:00:01','ç³»ç»Ÿ'),(507,2,'a1','CAR_PROFIT_KEY','æ±½è½¦æ”¶ç›Š','1.0000','56451.8600',76,'æ±½è½¦æ”¶ç›Š','2019-02-12 00:00:01','ç³»ç»Ÿ'),(508,2,'a1','CAR_PROFIT_KEY','æ±½è½¦æ”¶ç›Š','1.0000','56452.8600',79,'æ±½è½¦æ”¶ç›Š','2019-02-12 00:00:01','ç³»ç»Ÿ'),(509,2,'a1','CAR_PROFIT_KEY','æ±½è½¦æ”¶ç›Š','160.0000','56612.8600',4,'æ±½è½¦æ”¶ç›Š','2019-02-13 00:00:00','ç³»ç»Ÿ'),(510,2,'a1','CAR_PROFIT_KEY','æ±½è½¦æ”¶ç›Š','300.0000','56912.8600',5,'æ±½è½¦æ”¶ç›Š','2019-02-13 00:00:00','ç³»ç»Ÿ'),(511,2,'a1','CAR_PROFIT_KEY','æ±½è½¦æ”¶ç›Š','475.0000','57387.8600',6,'æ±½è½¦æ”¶ç›Š','2019-02-13 00:00:00','ç³»ç»Ÿ'),(512,2,'a1','CAR_PROFIT_KEY','æ±½è½¦æ”¶ç›Š','630.0000','58017.8600',7,'æ±½è½¦æ”¶ç›Š','2019-02-13 00:00:00','ç³»ç»Ÿ'),(513,2,'a1','CAR_PROFIT_KEY','æ±½è½¦æ”¶ç›Š','850.0000','58867.8600',8,'æ±½è½¦æ”¶ç›Š','2019-02-13 00:00:00','ç³»ç»Ÿ'),(514,2,'a1','CAR_PROFIT_KEY','æ±½è½¦æ”¶ç›Š','1.0000','58868.8600',13,'æ±½è½¦æ”¶ç›Š','2019-02-13 00:00:00','ç³»ç»Ÿ'),(515,2,'a1','CAR_PROFIT_KEY','æ±½è½¦æ”¶ç›Š','1.0000','58869.8600',17,'æ±½è½¦æ”¶ç›Š','2019-02-13 00:00:00','ç³»ç»Ÿ'),(516,2,'a1','CAR_PROFIT_KEY','æ±½è½¦æ”¶ç›Š','1.0000','58870.8600',18,'æ±½è½¦æ”¶ç›Š','2019-02-13 00:00:00','ç³»ç»Ÿ'),(517,2,'a1','CAR_PROFIT_KEY','æ±½è½¦æ”¶ç›Š','1.0000','58871.8600',19,'æ±½è½¦æ”¶ç›Š','2019-02-13 00:00:00','ç³»ç»Ÿ'),(518,3,'fury','CAR_PROFIT_KEY','æ±½è½¦æ”¶ç›Š','1.0000','10055.6200',20,'æ±½è½¦æ”¶ç›Š','2019-02-13 00:00:00','ç³»ç»Ÿ'),(519,2,'a1','CAR_PROFIT_KEY','æ±½è½¦æ”¶ç›Š','1.0000','58872.8600',21,'æ±½è½¦æ”¶ç›Š','2019-02-13 00:00:00','ç³»ç»Ÿ'),(520,2,'a1','CAR_PROFIT_KEY','æ±½è½¦æ”¶ç›Š','1.0000','58873.8600',22,'æ±½è½¦æ”¶ç›Š','2019-02-13 00:00:00','ç³»ç»Ÿ'),(521,2,'a1','CAR_PROFIT_KEY','æ±½è½¦æ”¶ç›Š','1.0000','58874.8600',23,'æ±½è½¦æ”¶ç›Š','2019-02-13 00:00:00','ç³»ç»Ÿ'),(522,2,'a1','CAR_PROFIT_KEY','æ±½è½¦æ”¶ç›Š','1.0000','58875.8600',24,'æ±½è½¦æ”¶ç›Š','2019-02-13 00:00:00','ç³»ç»Ÿ'),(523,2,'a1','CAR_PROFIT_KEY','æ±½è½¦æ”¶ç›Š','1.0000','58876.8600',25,'æ±½è½¦æ”¶ç›Š','2019-02-13 00:00:00','ç³»ç»Ÿ'),(524,2,'a1','CAR_PROFIT_KEY','æ±½è½¦æ”¶ç›Š','1.0000','58877.8600',26,'æ±½è½¦æ”¶ç›Š','2019-02-13 00:00:00','ç³»ç»Ÿ'),(525,2,'a1','CAR_PROFIT_KEY','æ±½è½¦æ”¶ç›Š','1.0000','58878.8600',28,'æ±½è½¦æ”¶ç›Š','2019-02-13 00:00:00','ç³»ç»Ÿ'),(526,2,'a1','CAR_PROFIT_KEY','æ±½è½¦æ”¶ç›Š','1.0000','58879.8600',31,'æ±½è½¦æ”¶ç›Š','2019-02-13 00:00:00','ç³»ç»Ÿ'),(527,2,'a1','CAR_PROFIT_KEY','æ±½è½¦æ”¶ç›Š','1.0000','58880.8600',40,'æ±½è½¦æ”¶ç›Š','2019-02-13 00:00:00','ç³»ç»Ÿ'),(528,2,'a1','CAR_PROFIT_KEY','æ±½è½¦æ”¶ç›Š','1.0000','58881.8600',49,'æ±½è½¦æ”¶ç›Š','2019-02-13 00:00:00','ç³»ç»Ÿ'),(529,2,'a1','CAR_PROFIT_KEY','æ±½è½¦æ”¶ç›Š','1.0000','58882.8600',52,'æ±½è½¦æ”¶ç›Š','2019-02-13 00:00:00','ç³»ç»Ÿ'),(530,2,'a1','CAR_PROFIT_KEY','æ±½è½¦æ”¶ç›Š','1.0000','58883.8600',55,'æ±½è½¦æ”¶ç›Š','2019-02-13 00:00:00','ç³»ç»Ÿ'),(531,2,'a1','CAR_PROFIT_KEY','æ±½è½¦æ”¶ç›Š','1.0000','58884.8600',57,'æ±½è½¦æ”¶ç›Š','2019-02-13 00:00:00','ç³»ç»Ÿ'),(532,2,'a1','CAR_PROFIT_KEY','æ±½è½¦æ”¶ç›Š','1.0000','58885.8600',62,'æ±½è½¦æ”¶ç›Š','2019-02-13 00:00:00','ç³»ç»Ÿ'),(533,2,'a1','CAR_PROFIT_KEY','æ±½è½¦æ”¶ç›Š','1.0000','58886.8600',63,'æ±½è½¦æ”¶ç›Š','2019-02-13 00:00:01','ç³»ç»Ÿ'),(534,2,'a1','CAR_PROFIT_KEY','æ±½è½¦æ”¶ç›Š','1.0000','58887.8600',65,'æ±½è½¦æ”¶ç›Š','2019-02-13 00:00:01','ç³»ç»Ÿ'),(535,3,'fury','CAR_PROFIT_KEY','æ±½è½¦æ”¶ç›Š','9.0000','10064.6200',73,'æ±½è½¦æ”¶ç›Š','2019-02-13 00:00:01','ç³»ç»Ÿ'),(536,3,'fury','CAR_PROFIT_KEY','æ±½è½¦æ”¶ç›Š','9.0000','10073.6200',74,'æ±½è½¦æ”¶ç›Š','2019-02-13 00:00:01','ç³»ç»Ÿ'),(537,3,'fury','CAR_PROFIT_KEY','æ±½è½¦æ”¶ç›Š','9.0000','10082.6200',75,'æ±½è½¦æ”¶ç›Š','2019-02-13 00:00:01','ç³»ç»Ÿ'),(538,2,'a1','CAR_PROFIT_KEY','æ±½è½¦æ”¶ç›Š','1.0000','58888.8600',76,'æ±½è½¦æ”¶ç›Š','2019-02-13 00:00:01','ç³»ç»Ÿ'),(539,2,'a1','CAR_PROFIT_KEY','æ±½è½¦æ”¶ç›Š','1.0000','58889.8600',79,'æ±½è½¦æ”¶ç›Š','2019-02-13 00:00:01','ç³»ç»Ÿ'),(540,2,'a1','CAR_PROFIT_KEY','æ±½è½¦æ”¶ç›Š','300.0000','59189.8600',5,'æ±½è½¦æ”¶ç›Š','2019-02-14 00:00:00','ç³»ç»Ÿ'),(541,2,'a1','CAR_PROFIT_KEY','æ±½è½¦æ”¶ç›Š','475.0000','59664.8600',6,'æ±½è½¦æ”¶ç›Š','2019-02-14 00:00:00','ç³»ç»Ÿ'),(542,2,'a1','CAR_PROFIT_KEY','æ±½è½¦æ”¶ç›Š','630.0000','60294.8600',7,'æ±½è½¦æ”¶ç›Š','2019-02-14 00:00:00','ç³»ç»Ÿ'),(543,2,'a1','CAR_PROFIT_KEY','æ±½è½¦æ”¶ç›Š','850.0000','61144.8600',8,'æ±½è½¦æ”¶ç›Š','2019-02-14 00:00:00','ç³»ç»Ÿ'),(544,2,'a1','CAR_PROFIT_KEY','æ±½è½¦æ”¶ç›Š','1.0000','61145.8600',13,'æ±½è½¦æ”¶ç›Š','2019-02-14 00:00:00','ç³»ç»Ÿ'),(545,2,'a1','CAR_PROFIT_KEY','æ±½è½¦æ”¶ç›Š','1.0000','61146.8600',17,'æ±½è½¦æ”¶ç›Š','2019-02-14 00:00:00','ç³»ç»Ÿ'),(546,2,'a1','CAR_PROFIT_KEY','æ±½è½¦æ”¶ç›Š','1.0000','61147.8600',18,'æ±½è½¦æ”¶ç›Š','2019-02-14 00:00:00','ç³»ç»Ÿ'),(547,2,'a1','CAR_PROFIT_KEY','æ±½è½¦æ”¶ç›Š','1.0000','61148.8600',19,'æ±½è½¦æ”¶ç›Š','2019-02-14 00:00:00','ç³»ç»Ÿ'),(548,3,'fury','CAR_PROFIT_KEY','æ±½è½¦æ”¶ç›Š','1.0000','10083.6200',20,'æ±½è½¦æ”¶ç›Š','2019-02-14 00:00:00','ç³»ç»Ÿ'),(549,2,'a1','CAR_PROFIT_KEY','æ±½è½¦æ”¶ç›Š','1.0000','61149.8600',21,'æ±½è½¦æ”¶ç›Š','2019-02-14 00:00:00','ç³»ç»Ÿ'),(550,2,'a1','CAR_PROFIT_KEY','æ±½è½¦æ”¶ç›Š','1.0000','61150.8600',22,'æ±½è½¦æ”¶ç›Š','2019-02-14 00:00:00','ç³»ç»Ÿ'),(551,2,'a1','CAR_PROFIT_KEY','æ±½è½¦æ”¶ç›Š','1.0000','61151.8600',23,'æ±½è½¦æ”¶ç›Š','2019-02-14 00:00:00','ç³»ç»Ÿ'),(552,2,'a1','CAR_PROFIT_KEY','æ±½è½¦æ”¶ç›Š','1.0000','61152.8600',24,'æ±½è½¦æ”¶ç›Š','2019-02-14 00:00:00','ç³»ç»Ÿ'),(553,2,'a1','CAR_PROFIT_KEY','æ±½è½¦æ”¶ç›Š','1.0000','61153.8600',25,'æ±½è½¦æ”¶ç›Š','2019-02-14 00:00:00','ç³»ç»Ÿ'),(554,2,'a1','CAR_PROFIT_KEY','æ±½è½¦æ”¶ç›Š','1.0000','61154.8600',26,'æ±½è½¦æ”¶ç›Š','2019-02-14 00:00:00','ç³»ç»Ÿ'),(555,2,'a1','CAR_PROFIT_KEY','æ±½è½¦æ”¶ç›Š','1.0000','61155.8600',28,'æ±½è½¦æ”¶ç›Š','2019-02-14 00:00:00','ç³»ç»Ÿ'),(556,2,'a1','CAR_PROFIT_KEY','æ±½è½¦æ”¶ç›Š','1.0000','61156.8600',31,'æ±½è½¦æ”¶ç›Š','2019-02-14 00:00:00','ç³»ç»Ÿ'),(557,2,'a1','CAR_PROFIT_KEY','æ±½è½¦æ”¶ç›Š','1.0000','61157.8600',40,'æ±½è½¦æ”¶ç›Š','2019-02-14 00:00:00','ç³»ç»Ÿ'),(558,2,'a1','CAR_PROFIT_KEY','æ±½è½¦æ”¶ç›Š','1.0000','61158.8600',49,'æ±½è½¦æ”¶ç›Š','2019-02-14 00:00:00','ç³»ç»Ÿ'),(559,2,'a1','CAR_PROFIT_KEY','æ±½è½¦æ”¶ç›Š','1.0000','61159.8600',52,'æ±½è½¦æ”¶ç›Š','2019-02-14 00:00:00','ç³»ç»Ÿ'),(560,2,'a1','CAR_PROFIT_KEY','æ±½è½¦æ”¶ç›Š','1.0000','61160.8600',55,'æ±½è½¦æ”¶ç›Š','2019-02-14 00:00:00','ç³»ç»Ÿ'),(561,2,'a1','CAR_PROFIT_KEY','æ±½è½¦æ”¶ç›Š','1.0000','61161.8600',57,'æ±½è½¦æ”¶ç›Š','2019-02-14 00:00:00','ç³»ç»Ÿ'),(562,2,'a1','CAR_PROFIT_KEY','æ±½è½¦æ”¶ç›Š','1.0000','61162.8600',62,'æ±½è½¦æ”¶ç›Š','2019-02-14 00:00:00','ç³»ç»Ÿ'),(563,2,'a1','CAR_PROFIT_KEY','æ±½è½¦æ”¶ç›Š','1.0000','61163.8600',63,'æ±½è½¦æ”¶ç›Š','2019-02-14 00:00:00','ç³»ç»Ÿ'),(564,2,'a1','CAR_PROFIT_KEY','æ±½è½¦æ”¶ç›Š','1.0000','61164.8600',65,'æ±½è½¦æ”¶ç›Š','2019-02-14 00:00:00','ç³»ç»Ÿ'),(565,3,'fury','CAR_PROFIT_KEY','æ±½è½¦æ”¶ç›Š','9.0000','10092.6200',73,'æ±½è½¦æ”¶ç›Š','2019-02-14 00:00:00','ç³»ç»Ÿ'),(566,3,'fury','CAR_PROFIT_KEY','æ±½è½¦æ”¶ç›Š','9.0000','10101.6200',74,'æ±½è½¦æ”¶ç›Š','2019-02-14 00:00:00','ç³»ç»Ÿ'),(567,3,'fury','CAR_PROFIT_KEY','æ±½è½¦æ”¶ç›Š','9.0000','10110.6200',75,'æ±½è½¦æ”¶ç›Š','2019-02-14 00:00:00','ç³»ç»Ÿ'),(568,2,'a1','CAR_PROFIT_KEY','æ±½è½¦æ”¶ç›Š','1.0000','61165.8600',76,'æ±½è½¦æ”¶ç›Š','2019-02-14 00:00:00','ç³»ç»Ÿ'),(569,2,'a1','CAR_PROFIT_KEY','æ±½è½¦æ”¶ç›Š','1.0000','61166.8600',79,'æ±½è½¦æ”¶ç›Š','2019-02-14 00:00:01','ç³»ç»Ÿ'),(570,2,'a1','CAR_PROFIT_KEY','æ±½è½¦æ”¶ç›Š','475.0000','61641.8600',6,'æ±½è½¦æ”¶ç›Š','2019-02-15 00:00:00','ç³»ç»Ÿ'),(571,2,'a1','CAR_PROFIT_KEY','æ±½è½¦æ”¶ç›Š','630.0000','62271.8600',7,'æ±½è½¦æ”¶ç›Š','2019-02-15 00:00:00','ç³»ç»Ÿ'),(572,2,'a1','CAR_PROFIT_KEY','æ±½è½¦æ”¶ç›Š','850.0000','63121.8600',8,'æ±½è½¦æ”¶ç›Š','2019-02-15 00:00:00','ç³»ç»Ÿ'),(573,2,'a1','CAR_PROFIT_KEY','æ±½è½¦æ”¶ç›Š','1.0000','63122.8600',76,'æ±½è½¦æ”¶ç›Š','2019-02-15 00:00:00','ç³»ç»Ÿ'),(574,2,'a1','CAR_PROFIT_KEY','æ±½è½¦æ”¶ç›Š','1.0000','63123.8600',79,'æ±½è½¦æ”¶ç›Š','2019-02-15 00:00:00','ç³»ç»Ÿ'),(575,2,'a1','CAR_PROFIT_KEY','æ±½è½¦æ”¶ç›Š','630.0000','63753.8600',7,'æ±½è½¦æ”¶ç›Š','2019-02-16 00:00:00','ç³»ç»Ÿ'),(576,2,'a1','CAR_PROFIT_KEY','æ±½è½¦æ”¶ç›Š','850.0000','64603.8600',8,'æ±½è½¦æ”¶ç›Š','2019-02-16 00:00:00','ç³»ç»Ÿ');

/*Table structure for table `u_withdraw` */

DROP TABLE IF EXISTS `u_withdraw`;

CREATE TABLE `u_withdraw` (
  `withdrawId` bigint(20) NOT NULL AUTO_INCREMENT COMMENT 'æç°è®°å½•è¡¨ä¸»é”®ID',
  `userId` bigint(20) DEFAULT NULL COMMENT 'ç”¨æˆ·ID',
  `userMobile` varchar(50) DEFAULT NULL COMMENT 'ç”¨æˆ·ç™»å½•è´¦å·',
  `userName` varchar(50) DEFAULT NULL COMMENT 'ç”¨æˆ·è´¦å·',
  `parentId` bigint(20) DEFAULT NULL COMMENT 'çˆ¶çº§ID',
  `groupUserIds` varchar(3000) DEFAULT NULL COMMENT 'ç”¨æˆ·ç»„ID',
  `withdrawMoney` decimal(15,4) DEFAULT '0.0000' COMMENT 'æç°é‡‘é¢',
  `withdrawFee` decimal(15,4) DEFAULT '0.0000' COMMENT 'æç°æ‰‹ç»­è´¹',
  `withdrawRealMoney` decimal(15,4) DEFAULT '0.0000' COMMENT 'å®é™…æç°é‡‘é¢',
  `alipayName` varchar(50) DEFAULT NULL COMMENT 'ç”¨æˆ·æ”¶æ¬¾æ”¯ä»˜å®åç§°',
  `alipayMobile` varchar(50) DEFAULT NULL COMMENT 'ç”¨æˆ·æ”¶æ¬¾æ”¯ä»˜å®è´¦å·',
  `transferAccounts` varchar(50) DEFAULT NULL COMMENT 'ä»˜æ¬¾è´¦å·',
  `status` int(1) DEFAULT '0' COMMENT 'æç°çŠ¶æ€[0:å¾…å®¡æ ¸,1:å·²å®Œæˆ,2:è½¬è´¦å¼‚å¸¸,3:å·²å–æ¶ˆ]',
  `frontRemark` varchar(200) DEFAULT NULL COMMENT 'ç”¨äºæ˜¾ç¤ºç»™å‰ç«¯çš„å¤‡æ³¨ä¿¡æ¯',
  `backRemark` varchar(200) DEFAULT NULL COMMENT 'ç”¨äºæ˜¾ç¤ºç»™åç«¯çš„å¤‡æ³¨ä¿¡æ¯(å¦‚æœæœ‰è°ƒç”¨ç¬¬ä¸‰æ–¹æ¥å£çš„è¯)',
  `createTime` datetime DEFAULT NULL COMMENT 'åˆ›å»ºæ—¶é—´',
  `createUser` varchar(50) DEFAULT NULL COMMENT 'åˆ›å»ºè€…',
  `updateTime` datetime DEFAULT NULL COMMENT 'ä¿®æ”¹æ—¶é—´',
  `updateUser` varchar(50) DEFAULT NULL COMMENT 'ä¿®æ”¹è€…',
  PRIMARY KEY (`withdrawId`)
) ENGINE=InnoDB AUTO_INCREMENT=4 DEFAULT CHARSET=utf8 COMMENT='æç°è®°å½•è¡¨';

/*Data for the table `u_withdraw` */

insert  into `u_withdraw`(`withdrawId`,`userId`,`userMobile`,`userName`,`parentId`,`groupUserIds`,`withdrawMoney`,`withdrawFee`,`withdrawRealMoney`,`alipayName`,`alipayMobile`,`transferAccounts`,`status`,`frontRemark`,`backRemark`,`createTime`,`createUser`,`updateTime`,`updateUser`) values (1,2,'111','a1',1,'1,2,','100.0000','500.0000','95.0000','111','111',NULL,2,NULL,NULL,'2019-01-26 23:56:47','a1','2019-01-27 00:32:55','admin'),(2,3,'13333333333','fury',1,'1,3,','100.0000','5.0000','99.9500','fury','13333333333',NULL,0,NULL,NULL,'2019-01-30 22:43:59','fury',NULL,NULL),(3,3,'13333333333','fury',1,'1,3,','100.0000','5.0000','99.9500','fury','13333333333',NULL,0,NULL,NULL,'2019-02-01 11:03:42','fury',NULL,NULL);

/*!40101 SET SQL_MODE=@OLD_SQL_MODE */;
/*!40014 SET FOREIGN_KEY_CHECKS=@OLD_FOREIGN_KEY_CHECKS */;
/*!40014 SET UNIQUE_CHECKS=@OLD_UNIQUE_CHECKS */;
/*!40111 SET SQL_NOTES=@OLD_SQL_NOTES */;
